patient_id,encounter_id,validated_record,admission_datetime,patient_name,age_years,sex,pregnancy_status,ward,bed,patient_status,primary_diagnosis,infection_source,suspected_pathogen,temperature_c,heart_rate_bpm,systolic_bp_mmhg,diastolic_bp_mmhg,spo2_percent,respiratory_rate_bpm,crp_mg_l,comorbidities,kidney_function,liver_function,drug_allergy,allergy_severity,prior_antibiotic_exposure_count_90d,prior_antibiotic_90d,prior_antibiotic_days,prior_resistant_organism,ward_endemic_resistance_rate,amr_probability,amr_probability_percent,amr_risk_category,esbl_ecoli_kp_probability,mrsa_probability,mdr_pseudomonas_probability,cre_probability,shap_prior_antibiotic,shap_prior_resistant_culture,shap_ward_resistance,shap_icu,shap_comorbidity,shap_vitals,ai_explanation,ai_first_line_option,ai_alternative_option,coverage_score_percent,renal_safety_note,safety_warnings,doctor_decision,doctor_decision_rationale,current_empiric_regimen,culture_status,culture_collection_datetime,culture_pathogen,resistance_phenotype,culture_match_to_predicted_risk,treatment_outcome,deterioration_flag,edge_case_flag,clinical_note_for_llm,y_true,predicted_probability,y_pred,classification_status
PX-100011,ENC-20250011,True,2025-01-01 21:26:15,Clinical Patient 0012,42,Male,Not applicable,Emergency Department,2,Active Inpatient,Severe HAP,Hospital-Acquired Pneumonia,Mixed flora,38.9,135,104,64,93,21,45.1,Heart failure,Normal,Mild impairment,Penicillin,IgE-mediated,0,None prior,0,None known,0.136,0.365,36.5,Medium,0.38,0.156,0.182,0.264,-0.02,-0.02,-0.028,-0.02,0.04,0.05,"Clinical explanation: AMR risk is medium with prior antibiotic exposure=0, prior resistant organism=None known, and ward resistance rate=13.6%. Review feature attributions before making a clinical decision.",Piperacillin-Tazobactam,Cefepime + Vancomycin,87.3,No renal adjustment flag,Documented Penicillin allergy,Accept,Clinician accepted the displayed first-line option,Piperacillin-Tazobactam,Positive,2025-01-03 21:26:15,Enterococcus faecalis,None detected,Concordant,Recovered,No,Allergy/safety edge case,"Admitted to Emergency Department with Severe HAP from Hospital-Acquired Pneumonia. Initial vitals: T 38.9 C, HR 135, BP 104/64, SpO2 93%. History: Heart failure; kidney function Normal; allergy Penicillin; prior antibiotic exposure in 90d 0; previous resistant organism None known. Culture status Positive.",0,0.251857,0,True Negative
PX-100019,ENC-20250019,True,2025-01-02 12:32:42,Clinical Patient 0020,53,Female,Not applicable,ICU,3,Active Inpatient,Severe HAP,Hospital-Acquired Pneumonia,Enterococcus faecalis,39.1,112,84,45,84,32,41.2,,Normal,Normal,None known,,1,Piperacillin-Tazobactam,3,None known,0.43,0.722,72.2,High,0.789,0.439,0.398,0.439,0.02,-0.02,0.045,0.06,-0.02,0.05,"Clinical explanation: AMR risk is high with prior antibiotic exposure=1, prior resistant organism=None known, and ward resistance rate=43.0%. Review feature attributions before making a clinical decision.",Meropenem + Vancomycin,Ceftazidime-Avibactam,89.1,No renal adjustment flag,No renal adjustment flag,Accept,Clinician accepted the displayed first-line option,Meropenem + Vancomycin,Positive,2025-01-04 12:32:42,Enterococcus faecalis,ESBL,Concordant,Improved,No,Missing/unknown clinical field,"Admitted to ICU with Severe HAP from Hospital-Acquired Pneumonia. Initial vitals: T 39.1 C, HR 112, BP 84/45, SpO2 84%. History: None; kidney function Normal; allergy None known; prior antibiotic exposure in 90d 1; previous resistant organism None known. Culture status Positive.",1,0.64792866,1,True Positive
PX-100027,ENC-20250027,True,2025-01-02 20:48:17,Clinical Patient 0028,58,Female,Not applicable,ICU,23,Active Inpatient,Severe HAP,Hospital-Acquired Pneumonia,Enterobacter cloacae complex,39.4,102,108,57,94,23,46.3,CKD; Diabetes,Normal,Moderate impairment,None known,,2,Cefepime,7,None known,0.364,0.784,78.4,High,0.85,0.329,0.683,0.323,0.06,-0.02,0.028,0.06,0.04,0.05,"Clinical explanation: AMR risk is high with prior antibiotic exposure=2, prior resistant organism=None known, and ward resistance rate=36.4%. Review feature attributions before making a clinical decision.",Meropenem + Vancomycin,Ceftazidime-Avibactam,73.2,No renal adjustment flag,No renal adjustment flag,Accept,Clinician accepted the displayed first-line option,Meropenem + Vancomycin,Positive,2025-01-05 20:48:17,Enterobacter cloacae complex,CRE,Concordant,Improved,No,Standard scenario,"Admitted to ICU with Severe HAP from Hospital-Acquired Pneumonia. Initial vitals: T 39.4 C, HR 102, BP 108/57, SpO2 94%. History: CKD; Diabetes; kidney function Normal; allergy None known; prior antibiotic exposure in 90d 2; previous resistant organism None known. Culture status Positive.",1,0.73767185,1,True Positive
PX-100030,ENC-20250030,True,2025-01-03 00:40:11,Clinical Patient 0031,69,Female,Not applicable,Surgical Ward,16,Active Inpatient,Appendicitis with abscess,Intra-abdominal Infection,No organism identified,38.7,90,101,55,95,16,82.0,Immunosuppression,Severe impairment,Normal,None known,,3,Amoxicillin-Clavulanate,7,None known,0.287,0.862,86.2,High,0.726,0.331,0.7,0.525,0.1,-0.02,0.009,-0.02,0.04,0.05,"Clinical explanation: AMR risk is high with prior antibiotic exposure=3, prior resistant organism=None known, and ward resistance rate=28.7%. Review feature attributions before making a clinical decision.",Meropenem + Vancomycin,Ceftazidime-Avibactam,76.5,Renal adjustment review required,Renal adjustment review required,Accept,Clinician accepted the displayed first-line option,Meropenem + Vancomycin,Positive,2025-01-06 00:40:11,K. pneumoniae,None detected,Discordant,Recovered,No,Renal impairment,"Admitted to Surgical Ward with Appendicitis with abscess from Intra-abdominal Infection. Initial vitals: T 38.7 C, HR 90, BP 101/55, SpO2 95%. History: Immunosuppression; kidney function Severe impairment; allergy None known; prior antibiotic exposure in 90d 3; previous resistant organism None known. Culture status Positive.",0,0.57420945,1,False Positive (Type I Error)
PX-100038,ENC-20250038,True,2025-01-03 16:56:22,Clinical Patient 0039,44,Male,Not applicable,General Medicine,9,Active Inpatient,Severe HAP,Hospital-Acquired Pneumonia,Mixed flora,38.7,130,83,56,90,20,49.9,Immunosuppression,AKI,Normal,Cephalosporin,Mild/rash,0,None in prior 90 days,0,None known,0.277,0.582,58.2,Medium,0.481,0.443,0.343,0.151,-0.02,-0.02,0.007,-0.02,0.04,0.05,"Clinical explanation: AMR risk is medium with prior antibiotic exposure=0, prior resistant organism=None known, and ward resistance rate=27.7%. Review feature attributions before making a clinical decision.",Piperacillin-Tazobactam,Cefepime + Vancomycin,76.7,Renal adjustment review required,Documented Cephalosporin allergy | Renal adjustment review required,Accept,Clinician accepted the displayed first-line option,Piperacillin-Tazobactam,Positive,2025-01-04 16:56:22,E. coli,CRE,Concordant,Improved,No,Allergy/safety edge case,"Admitted to General Medicine with Severe HAP from Hospital-Acquired Pneumonia. Initial vitals: T 38.7 C, HR 130, BP 83/56, SpO2 90%. History: Immunosuppression; kidney function AKI; allergy Cephalosporin; prior antibiotic exposure in 90d 0; previous resistant organism None known. Culture status Positive.",1,0.29686737,0,False Negative (Type II Error - Critical Missed Resistance)
PX-100064,ENC-20250064,True,2025-01-05 20:54:48,Clinical Patient 0065,50,Female,No,General Medicine,36,Discharged,Peritonitis,Intra-abdominal Infection,Enterobacter cloacae complex,38.1,115,91,62,96,21,22.2,,Mild impairment,Normal,Penicillin,IgE-mediated,2,Ceftriaxone,7,None known,0.22,0.514,51.4,Medium,0.529,0.438,0.239,0.188,0.06,-0.02,-0.007,-0.02,-0.02,0.05,"Clinical explanation: AMR risk is medium with prior antibiotic exposure=2, prior resistant organism=None known, and ward resistance rate=22.0%. Review feature attributions before making a clinical decision.",Piperacillin-Tazobactam,Cefepime + Vancomycin,89.1,Renal adjustment review required,Documented Penicillin allergy | Renal adjustment review required,Accept,Clinician accepted the displayed first-line option,Piperacillin-Tazobactam,Positive,2025-01-07 20:54:48,Enterobacter cloacae complex,None detected,Discordant,Improved,No,Renal impairment,"Admitted to General Medicine with Peritonitis from Intra-abdominal Infection. Initial vitals: T 38.1 C, HR 115, BP 91/62, SpO2 96%. History: None; kidney function Mild impairment; allergy Penicillin; prior antibiotic exposure in 90d 2; previous resistant organism None known. Culture status Positive.",0,0.31517604,0,True Negative
PX-100084,ENC-20250084,True,2025-01-07 04:30:33,Clinical Patient 0085,48,Male,Not applicable,Surgical Ward,5,Active Inpatient,Appendicitis with abscess,Intra-abdominal Infection,No organism identified,38.8,70,103,66,98,12,5.1,COPD; Cancer; Hypertension,Normal,Normal,Multiple antibiotics,Mild/rash,1,Cefepime,10,None known,0.296,0.578,57.8,Medium,0.447,0.38,0.35,0.445,0.02,-0.02,0.011,-0.02,0.04,0.05,"Clinical explanation: AMR risk is medium with prior antibiotic exposure=1, prior resistant organism=None known, and ward resistance rate=29.6%. Review feature attributions before making a clinical decision.",Piperacillin-Tazobactam,Cefepime + Vancomycin,73.5,No renal adjustment flag,Documented Multiple antibiotics allergy,Modify,Dose/frequency adjusted after clinical review,Cefepime + Vancomycin,Positive,2025-01-10 04:30:33,K. pneumoniae,ESBL,Concordant,Improved,No,Allergy/safety edge case,"Admitted to Surgical Ward with Appendicitis with abscess from Intra-abdominal Infection. Initial vitals: T 38.8 C, HR 70, BP 103/66, SpO2 98%. History: COPD; Cancer; Hypertension; kidney function Normal; allergy Multiple antibiotics; prior antibiotic exposure in 90d 1; previous resistant organism None known. Culture status Positive.",1,0.35552672,0,False Negative (Type II Error - Critical Missed Resistance)
PX-100099,ENC-20250099,True,2025-01-08 13:36:57,Clinical Patient 0100,54,Female,Not applicable,Surgical Ward,23,Discharged,Appendicitis with abscess,Intra-abdominal Infection,Mixed flora,39.2,90,117,69,96,19,19.8,COPD; Immunosuppression,Normal,Normal,None known,,0,None prior,0,ESBL,0.437,0.847,84.7,High,0.807,0.752,0.535,0.43,-0.02,0.08,0.047,-0.02,0.04,0.05,"Clinical explanation: AMR risk is high with prior antibiotic exposure=0, prior resistant organism=ESBL, and ward resistance rate=43.7%. Review feature attributions before making a clinical decision.",Meropenem + Vancomycin,Ceftazidime-Avibactam,71.2,No renal adjustment flag,No renal adjustment flag,Modify,Dose/frequency adjusted after clinical review,Ceftazidime-Avibactam,Positive,2025-01-10 13:36:57,Enterococcus faecalis,Other MDR,Concordant,Recovered,No,Prior resistant organism,"Admitted to Surgical Ward with Appendicitis with abscess from Intra-abdominal Infection. Initial vitals: T 39.2 C, HR 90, BP 117/69, SpO2 96%. History: COPD; Immunosuppression; kidney function Normal; allergy None known; prior antibiotic exposure in 90d 0; previous resistant organism ESBL. Culture status Positive.",1,0.591283,1,True Positive
PX-100130,ENC-20250130,True,2025-01-10 08:31:41,Clinical Patient 0131,92,Male,Not applicable,General Medicine,27,Active Inpatient,Pyelonephritis,Urinary Tract Infection,E. coli,37.7,62,108,48,95,22,19.5,Diabetes,Mild impairment,Normal,None known,,0,None prior,0,None known,0.288,0.262,26.2,Low,0.2,0.092,0.14,0.064,-0.02,-0.02,0.009,-0.02,0.04,-0.02,"Clinical explanation: AMR risk is low with prior antibiotic exposure=0, prior resistant organism=None known, and ward resistance rate=28.8%. Review feature attributions before making a clinical decision.",Ceftriaxone,Cefepime,72.1,Renal adjustment review required,Renal adjustment review required,Override,Alternative source-control plan,Clinician-selected regimen,Positive,2025-01-14 08:31:41,E. coli,None detected,Concordant,Improved,No,Renal impairment,"Admitted to General Medicine with Pyelonephritis from Urinary Tract Infection. Initial vitals: T 37.7 C, HR 62, BP 108/48, SpO2 95%. History: Diabetes; kidney function Mild impairment; allergy None known; prior antibiotic exposure in 90d 0; previous resistant organism None known. Culture status Positive.",0,0.29573947,0,True Negative
PX-100131,ENC-20250131,True,2025-01-10 08:46:18,Clinical Patient 0132,78,Male,Not applicable,General Medicine,35,Transferred,Pyelonephritis,Urinary Tract Infection,K. pneumoniae,38.1,97,109,60,95,20,52.5,Hypertension,Normal,Mild impairment,None known,,2,Cefepime,21,MRSA,0.171,0.604,60.4,High,0.603,0.467,0.478,0.439,0.06,0.08,-0.02,-0.02,0.04,-0.02,"Clinical explanation: AMR risk is high with prior antibiotic exposure=2, prior resistant organism=MRSA, and ward resistance rate=17.1%. Review feature attributions before making a clinical decision.",Meropenem + Vancomycin,Ceftazidime-Avibactam,79.1,No renal adjustment flag,No renal adjustment flag,Accept,Clinician accepted the displayed first-line option,Meropenem + Vancomycin,Positive,2025-01-13 08:46:18,K. pneumoniae,ESBL,Concordant,Improved,No,Prior resistant organism,"Admitted to General Medicine with Pyelonephritis from Urinary Tract Infection. Initial vitals: T 38.1 C, HR 97, BP 109/60, SpO2 95%. History: Hypertension; kidney function Normal; allergy None known; prior antibiotic exposure in 90d 2; previous resistant organism MRSA. Culture status Positive.",1,0.8459962,1,True Positive
PX-100146,ENC-20250146,True,2025-01-11 11:46:35,Clinical Patient 0147,65,Male,Not applicable,ICU,25,Active Inpatient,Pyelonephritis,Urinary Tract Infection,S. aureus,35.3,106,90,60,93,20,49.6,Liver disease,Mild impairment,Normal,None known,,0,None prior,0,None known,0.421,0.409,40.9,Medium,0.324,0.18,0.268,0.102,-0.02,-0.02,0.043,0.06,0.04,0.05,"Clinical explanation: AMR risk is medium with prior antibiotic exposure=0, prior resistant organism=None known, and ward resistance rate=42.1%. Review feature attributions before making a clinical decision.",Piperacillin-Tazobactam,Cefepime + Vancomycin,71.2,Renal adjustment review required,Renal adjustment review required,Modify,Dose/frequency adjusted after clinical review,Cefepime + Vancomycin,Positive,2025-01-15 11:46:35,S. aureus,MRSA,Discordant,Recovered,No,Renal impairment,"Admitted to ICU with Pyelonephritis from Urinary Tract Infection. Initial vitals: T 35.3 C, HR 106, BP 90/60, SpO2 93%. History: Liver disease; kidney function Mild impairment; allergy None known; prior antibiotic exposure in 90d 0; previous resistant organism None known. Culture status Positive.",1,0.50254345,1,True Positive
PX-100156,ENC-20250156,True,2025-01-12 01:20:05,Clinical Patient 0157,69,Male,Not applicable,ICU,35,Active Inpatient,HAP,Hospital-Acquired Pneumonia,S. pneumoniae,38.2,123,90,51,92,22,28.1,Immunosuppression,Severe impairment,Normal,Vancomycin,IgE-mediated,0,None prior,0,MDR Pseudomonas,0.425,0.945,94.5,High,0.896,0.813,0.504,0.355,-0.02,0.08,0.044,0.06,0.04,0.05,"Clinical explanation: AMR risk is high with prior antibiotic exposure=0, prior resistant organism=MDR Pseudomonas, and ward resistance rate=42.5%. Review feature attributions before making a clinical decision.",Meropenem + Vancomycin,Ceftazidime-Avibactam,71.0,Renal adjustment review required,Documented Vancomycin allergy | Renal adjustment review required,Override,Alternative source-control plan,Clinician-selected regimen,Positive,2025-01-14 01:20:05,S. pneumoniae,Other MDR,Concordant,Recovered,No,Renal impairment,"Admitted to ICU with HAP from Hospital-Acquired Pneumonia. Initial vitals: T 38.2 C, HR 123, BP 90/51, SpO2 92%. History: Immunosuppression; kidney function Severe impairment; allergy Vancomycin; prior antibiotic exposure in 90d 0; previous resistant organism MDR Pseudomonas. Culture status Positive.",1,0.6979118,1,True Positive
PX-100174,ENC-20250174,True,2025-01-13 02:28:36,Clinical Patient 0175,85,Female,Not applicable,General Medicine,29,Active Inpatient,Post-op wound infection,Surgical Site Infection,E. coli,39.9,84,136,83,95,26,23.5,Cancer,Normal,Normal,Cephalosporin,IgE-mediated,0,None in prior 90 days,0,CRE,0.262,0.489,48.9,Medium,0.491,0.277,0.438,0.328,-0.02,0.08,0.003,-0.02,0.04,0.05,"Clinical explanation: AMR risk is medium with prior antibiotic exposure=0, prior resistant organism=CRE, and ward resistance rate=26.2%. Review feature attributions before making a clinical decision.",Piperacillin-Tazobactam,Cefepime + Vancomycin,79.2,No renal adjustment flag,Documented Cephalosporin allergy,Accept,Clinician accepted the displayed first-line option,Piperacillin-Tazobactam,Positive,2025-01-16 02:28:36,E. coli,Other MDR,Discordant,Improved,No,Allergy/safety edge case,"Admitted to General Medicine with Post-op wound infection from Surgical Site Infection. Initial vitals: T 39.9 C, HR 84, BP 136/83, SpO2 95%. History: Cancer; kidney function Normal; allergy Cephalosporin; prior antibiotic exposure in 90d 0; previous resistant organism CRE. Culture status Positive.",1,0.6481568,1,True Positive
PX-100181,ENC-20250181,True,2025-01-13 23:08:33,Clinical Patient 0182,63,Female,Not applicable,ICU,28,Discharged,Diverticulitis with perforation,Intra-abdominal Infection,K. pneumoniae,37.9,116,72,35,92,26,24.1,Cancer,Normal,Normal,None known,,0,None prior,0,None known,0.302,0.446,44.6,Medium,0.39,0.223,0.398,0.13,-0.02,-0.02,0.013,0.06,0.04,0.05,"Clinical explanation: AMR risk is medium with prior antibiotic exposure=0, prior resistant organism=None known, and ward resistance rate=30.2%. Review feature attributions before making a clinical decision.",Piperacillin-Tazobactam,Cefepime + Vancomycin,91.8,No renal adjustment flag,No renal adjustment flag,Accept,Clinician accepted the displayed first-line option,Piperacillin-Tazobactam,Positive,2025-01-14 23:08:33,K. pneumoniae,None detected,Concordant,Improved,No,Boundary vitals,"Admitted to ICU with Diverticulitis with perforation from Intra-abdominal Infection. Initial vitals: T 37.9 C, HR 116, BP 72/35, SpO2 92%. History: Cancer; kidney function Normal; allergy None known; prior antibiotic exposure in 90d 0; previous resistant organism None known. Culture status Positive.",0,0.5417944,1,False Positive (Type I Error)
PX-100199,ENC-20250199,True,2025-01-14 23:49:17,Clinical Patient 0200,20,Female,No,Surgical Ward,12,Active Inpatient,Peritonitis,Intra-abdominal Infection,Enterobacter cloacae complex,38.1,62,147,98,97,17,24.5,CKD,Normal,Normal,None known,,1,Meropenem,3,None known,0.336,0.201,20.1,Low,0.149,0.124,0.185,0.113,0.02,-0.02,0.022,-0.02,0.04,-0.02,"Clinical explanation: AMR risk is low with prior antibiotic exposure=1, prior resistant organism=None known, and ward resistance rate=33.6%. Review feature attributions before making a clinical decision.",Ceftriaxone,Cefepime,79.4,No renal adjustment flag,No renal adjustment flag,Accept,Clinician accepted the displayed first-line option,Ceftriaxone,Positive,2025-01-16 23:49:17,Enterobacter cloacae complex,None detected,Concordant,Improved,No,Standard scenario,"Admitted to Surgical Ward with Peritonitis from Intra-abdominal Infection. Initial vitals: T 38.1 C, HR 62, BP 147/98, SpO2 97%. History: CKD; kidney function Normal; allergy None known; prior antibiotic exposure in 90d 1; previous resistant organism None known. Culture status Positive.",0,0.35589054,0,True Negative
PX-100219,ENC-20250219,True,2025-01-16 18:28:36,Clinical Patient 0220,43,Female,No,General Medicine,23,Active Inpatient,Aspiration pneumonia,Community-Acquired Pneumonia,Enterococcus faecalis,38.4,120,127,86,96,31,58.4,Hypertension,Normal,Normal,Sulfonamide,IgE-mediated,3,Piperacillin-Tazobactam,10,None known,0.201,0.206,20.6,Low,0.168,0.152,0.13,0.113,0.1,-0.02,-0.012,-0.02,0.04,0.05,"Clinical explanation: AMR risk is low with prior antibiotic exposure=3, prior resistant organism=None known, and ward resistance rate=20.1%. Review feature attributions before making a clinical decision.",Ceftriaxone,Cefepime,92.1,No renal adjustment flag,Documented Sulfonamide allergy,Modify,Dose/frequency adjusted after clinical review,Cefepime,Positive,2025-01-19 18:28:36,Enterococcus faecalis,None detected,Concordant,Recovered,No,Allergy/safety edge case,"Admitted to General Medicine with Aspiration pneumonia from Community-Acquired Pneumonia. Initial vitals: T 38.4 C, HR 120, BP 127/86, SpO2 96%. History: Hypertension; kidney function Normal; allergy Sulfonamide; prior antibiotic exposure in 90d 3; previous resistant organism None known. Culture status Positive.",0,0.460721,0,True Negative
PX-100247,ENC-20250247,True,2025-01-17 23:34:16,Clinical Patient 0248,64,Male,Not applicable,ICU,16,Active Inpatient,Aspiration pneumonia,Community-Acquired Pneumonia,Enterococcus faecalis,35.6,123,95,56,88,28,33.2,Liver disease,Mild impairment,Normal,None known,,1,Ceftriaxone + Azithromycin,5,None known,0.387,0.59,59.0,Medium,0.623,0.381,0.57,0.281,0.02,-0.02,0.034,0.06,0.04,0.05,"Clinical explanation: AMR risk is medium with prior antibiotic exposure=1, prior resistant organism=None known, and ward resistance rate=38.7%. Review feature attributions before making a clinical decision.",Piperacillin-Tazobactam,Cefepime + Vancomycin,74.9,Renal adjustment review required,Renal adjustment review required,Accept,Clinician accepted the displayed first-line option,Piperacillin-Tazobactam,Positive,2025-01-18 23:34:16,Enterococcus faecalis,ESBL,Concordant,Treatment modified after deterioration,Yes,Renal impairment,"Admitted to ICU with Aspiration pneumonia from Community-Acquired Pneumonia. Initial vitals: T 35.6 C, HR 123, BP 95/56, SpO2 88%. History: Liver disease; kidney function Mild impairment; allergy None known; prior antibiotic exposure in 90d 1; previous resistant organism None known. Culture status Positive.",1,0.6184037,1,True Positive
PX-100251,ENC-20250251,True,2025-01-18 05:29:03,Clinical Patient 0252,58,Female,Not applicable,General Medicine,1,Discharged,Diverticulitis with perforation,Intra-abdominal Infection,Enterobacter cloacae complex,38.6,106,86,55,92,20,24.0,,Moderate impairment,Normal,Penicillin,IgE-mediated,2,Ertapenem,28,None known,0.229,0.607,60.7,High,0.432,0.501,0.42,0.45,0.06,-0.02,-0.005,-0.02,-0.02,0.05,"Clinical explanation: AMR risk is high with prior antibiotic exposure=2, prior resistant organism=None known, and ward resistance rate=22.9%. Review feature attributions before making a clinical decision.",Meropenem + Vancomycin,Ceftazidime-Avibactam,73.1,Renal adjustment review required,Documented Penicillin allergy | Renal adjustment review required,Override,Alternative source-control plan,Clinician-selected regimen,Positive,2025-01-22 05:29:03,Enterobacter cloacae complex,None detected,Discordant,Improved,No,Renal impairment,"Admitted to General Medicine with Diverticulitis with perforation from Intra-abdominal Infection. Initial vitals: T 38.6 C, HR 106, BP 86/55, SpO2 92%. History: None; kidney function Moderate impairment; allergy Penicillin; prior antibiotic exposure in 90d 2; previous resistant organism None known. Culture status Positive.",0,0.5188555,1,False Positive (Type I Error)
PX-100258,ENC-20250258,True,2025-01-18 17:17:44,Clinical Patient 0259,64,Male,Not applicable,Surgical Ward,34,Active Inpatient,Suspected bacteremia,Bloodstream Infection,Enterococcus faecalis,39.2,114,73,41,98,19,34.3,,Moderate impairment,Normal,Penicillin,Anaphylaxis,0,None prior,0,None known,0.207,0.286,28.6,Low,0.247,0.181,0.2,0.135,-0.02,-0.02,-0.011,-0.02,-0.02,0.05,"Clinical explanation: AMR risk is low with prior antibiotic exposure=0, prior resistant organism=None known, and ward resistance rate=20.7%. Review feature attributions before making a clinical decision.",Ceftriaxone,Cefepime,88.4,Renal adjustment review required,Documented Penicillin allergy | Renal adjustment review required,Accept,Clinician accepted the displayed first-line option,Ceftriaxone,Positive,2025-01-20 17:17:44,Enterococcus faecalis,None detected,Concordant,Recovered,No,Renal impairment,"Admitted to Surgical Ward with Suspected bacteremia from Bloodstream Infection. Initial vitals: T 39.2 C, HR 114, BP 73/41, SpO2 98%. History: None; kidney function Moderate impairment; allergy Penicillin; prior antibiotic exposure in 90d 0; previous resistant organism None known. Culture status Positive.",0,0.3332733,0,True Negative
PX-100263,ENC-20250263,True,2025-01-19 00:30:09,Clinical Patient 0264,79,Male,Not applicable,General Medicine,26,Active Inpatient,Pyelonephritis,Urinary Tract Infection,Enterobacter cloacae complex,38.5,80,116,70,93,18,18.1,COPD; Cancer; Diabetes,Normal,Normal,Penicillin,Mild/rash,1,Meropenem,5,None known,0.259,0.583,58.3,Medium,0.577,0.52,0.246,0.308,0.02,-0.02,0.002,-0.02,0.04,-0.02,"Clinical explanation: AMR risk is medium with prior antibiotic exposure=1, prior resistant organism=None known, and ward resistance rate=25.9%. Review feature attributions before making a clinical decision.",Piperacillin-Tazobactam,Cefepime + Vancomycin,80.8,No renal adjustment flag,Documented Penicillin allergy,Override,Alternative source-control plan,Clinician-selected regimen,Positive,2025-01-20 00:30:09,Enterobacter cloacae complex,None detected,Discordant,Improved,No,Allergy/safety edge case,"Admitted to General Medicine with Pyelonephritis from Urinary Tract Infection. Initial vitals: T 38.5 C, HR 80, BP 116/70, SpO2 93%. History: COPD; Cancer; Diabetes; kidney function Normal; allergy Penicillin; prior antibiotic exposure in 90d 1; previous resistant organism None known. Culture status Positive.",0,0.47140062,0,True Negative
PX-100273,ENC-20250273,True,2025-01-19 12:38:40,Clinical Patient 0274,43,Female,No,Surgical Ward,2,Active Inpatient,Late-onset VAP,Ventilator-Associated Pneumonia,No organism identified,38.4,122,82,50,86,17,37.3,COPD; Heart failure,Severe impairment,Normal,Vancomycin,Mild/rash,2,Ertapenem,21,MDR Pseudomonas,0.306,0.975,97.5,High,0.95,0.854,0.806,0.595,0.06,0.08,0.014,-0.02,0.04,0.05,"Clinical explanation: AMR risk is high with prior antibiotic exposure=2, prior resistant organism=MDR Pseudomonas, and ward resistance rate=30.6%. Review feature attributions before making a clinical decision.",Meropenem + Vancomycin,Ceftazidime-Avibactam,73.4,Renal adjustment review required,Documented Vancomycin allergy | Renal adjustment review required,Accept,Clinician accepted the displayed first-line option,Meropenem + Vancomycin,Positive,2025-01-23 12:38:40,P. aeruginosa,MDR Pseudomonas,Concordant,Improved,No,Renal impairment,"Admitted to Surgical Ward with Late-onset VAP from Ventilator-Associated Pneumonia. Initial vitals: T 38.4 C, HR 122, BP 82/50, SpO2 86%. History: COPD; Heart failure; kidney function Severe impairment; allergy Vancomycin; prior antibiotic exposure in 90d 2; previous resistant organism MDR Pseudomonas. Culture status Positive.",1,0.77463645,1,True Positive
PX-100275,ENC-20250275,True,2025-01-19 16:12:40,Clinical Patient 0276,64,Female,Not applicable,Emergency Department,27,Transferred,Complicated UTI,Urinary Tract Infection,K. pneumoniae,37.1,78,125,78,96,17,23.1,Heart failure,Moderate impairment,Moderate impairment,None known,,1,Ciprofloxacin,28,ESBL,0.254,0.578,57.8,Medium,0.56,0.382,0.362,0.362,0.02,0.08,0.001,-0.02,0.04,-0.02,"Clinical explanation: AMR risk is medium with prior antibiotic exposure=1, prior resistant organism=ESBL, and ward resistance rate=25.4%. Review feature attributions before making a clinical decision.",Piperacillin-Tazobactam,Cefepime + Vancomycin,67.7,Renal adjustment review required,Renal adjustment review required,Accept,Clinician accepted the displayed first-line option,Piperacillin-Tazobactam,Positive,2025-01-23 16:12:40,K. pneumoniae,ESBL,Concordant,Treatment modified after deterioration,Yes,Renal impairment,"Admitted to Emergency Department with Complicated UTI from Urinary Tract Infection. Initial vitals: T 37.1 C, HR 78, BP 125/78, SpO2 96%. History: Heart failure; kidney function Moderate impairment; allergy None known; prior antibiotic exposure in 90d 1; previous resistant organism ESBL. Culture status Positive.",1,0.8038423,1,True Positive
PX-100278,ENC-20250278,True,2025-01-19 22:37:55,Clinical Patient 0279,67,Female,Not applicable,Surgical Ward,24,Active Inpatient,Biliary tract infection,Intra-abdominal Infection,P. aeruginosa,36.7,69,112,57,94,17,16.4,CKD,Normal,Normal,Cephalosporin,,0,None in prior 90 days,0,MRSA,0.318,0.577,57.7,Medium,0.55,0.419,0.5,0.254,-0.02,0.08,0.017,-0.02,0.04,-0.02,"Clinical explanation: AMR risk is medium with prior antibiotic exposure=0, prior resistant organism=MRSA, and ward resistance rate=31.8%. Review feature attributions before making a clinical decision.",Piperacillin-Tazobactam,Cefepime + Vancomycin,77.9,No renal adjustment flag,Documented Cephalosporin allergy,Accept,Clinician accepted the displayed first-line option,Piperacillin-Tazobactam,Positive,2025-01-20 22:37:55,P. aeruginosa,Other MDR,Concordant,Improved,No,Allergy/safety edge case,"Admitted to Surgical Ward with Biliary tract infection from Intra-abdominal Infection. Initial vitals: T 36.7 C, HR 69, BP 112/57, SpO2 94%. History: CKD; kidney function Normal; allergy Cephalosporin; prior antibiotic exposure in 90d 0; previous resistant organism MRSA. Culture status Positive.",1,0.61866844,1,True Positive
PX-100292,ENC-20250292,True,2025-01-20 22:35:07,Clinical Patient 0293,55,Male,Not applicable,General Medicine,1,Active Inpatient,Diverticulitis with perforation,Intra-abdominal Infection,No organism identified,39.2,94,110,59,99,17,5.7,,Moderate impairment,Normal,None known,,0,None prior,0,MDR Pseudomonas,0.326,0.387,38.7,Medium,0.391,0.272,0.212,0.197,-0.02,0.08,0.019,-0.02,-0.02,0.05,"Clinical explanation: AMR risk is medium with prior antibiotic exposure=0, prior resistant organism=MDR Pseudomonas, and ward resistance rate=32.6%. Review feature attributions before making a clinical decision.",Piperacillin-Tazobactam,Cefepime + Vancomycin,81.8,Renal adjustment review required,Renal adjustment review required,Accept,Clinician accepted the displayed first-line option,Piperacillin-Tazobactam,Positive,2025-01-21 22:35:07,S. aureus,None detected,Concordant,Improved,No,Renal impairment,"Admitted to General Medicine with Diverticulitis with perforation from Intra-abdominal Infection. Initial vitals: T 39.2 C, HR 94, BP 110/59, SpO2 99%. History: None; kidney function Moderate impairment; allergy None known; prior antibiotic exposure in 90d 0; previous resistant organism MDR Pseudomonas. Culture status Positive.",0,0.61141956,1,False Positive (Type I Error)
PX-100307,ENC-20250307,True,2025-01-21 17:17:08,Clinical Patient 0308,77,Male,Not applicable,Surgical Ward,34,Active Inpatient,VAP,Ventilator-Associated Pneumonia,S. aureus,38.2,112,90,54,97,26,22.6,Liver disease,Normal,Normal,Cephalosporin,,3,Meropenem,7,None known,0.345,0.735,73.5,High,0.658,0.415,0.561,0.496,0.1,-0.02,0.024,-0.02,0.04,0.05,"Clinical explanation: AMR risk is high with prior antibiotic exposure=3, prior resistant organism=None known, and ward resistance rate=34.5%. Review feature attributions before making a clinical decision.",Meropenem + Vancomycin,Ceftazidime-Avibactam,66.8,No renal adjustment flag,Documented Cephalosporin allergy,Modify,Dose/frequency adjusted after clinical review,Ceftazidime-Avibactam,Positive,2025-01-25 17:17:08,S. aureus,MRSA,Concordant,Recovered,No,Allergy/safety edge case,"Admitted to Surgical Ward with VAP from Ventilator-Associated Pneumonia. Initial vitals: T 38.2 C, HR 112, BP 90/54, SpO2 97%. History: Liver disease; kidney function Normal; allergy Cephalosporin; prior antibiotic exposure in 90d 3; previous resistant organism None known. Culture status Positive.",1,0.6742352,1,True Positive
PX-100320,ENC-20250320,True,2025-01-22 17:12:16,Clinical Patient 0321,60,Male,Not applicable,ICU,25,Active Inpatient,Early-onset VAP,Ventilator-Associated Pneumonia,S. pneumoniae,39.0,125,97,62,88,16,132.8,Immunosuppression,Normal,Normal,None known,,1,Meropenem,7,ESBL,0.455,0.967,96.7,High,0.894,0.328,0.756,0.359,0.02,0.08,0.051,0.06,0.04,0.05,"Clinical explanation: AMR risk is high with prior antibiotic exposure=1, prior resistant organism=ESBL, and ward resistance rate=45.5%. Review feature attributions before making a clinical decision.",Meropenem + Vancomycin,Ceftazidime-Avibactam,95.3,No renal adjustment flag,No renal adjustment flag,Accept,Clinician accepted the displayed first-line option,Meropenem + Vancomycin,Positive,2025-01-26 17:12:16,S. pneumoniae,Other MDR,Concordant,Treatment modified after deterioration,Yes,Prior resistant organism,"Admitted to ICU with Early-onset VAP from Ventilator-Associated Pneumonia. Initial vitals: T 39.0 C, HR 125, BP 97/62, SpO2 88%. History: Immunosuppression; kidney function Normal; allergy None known; prior antibiotic exposure in 90d 1; previous resistant organism ESBL. Culture status Positive.",1,0.8523188,1,True Positive
PX-100334,ENC-20250334,True,2025-01-23 22:07:05,Clinical Patient 0335,54,Female,Not applicable,General Medicine,1,Active Inpatient,VAP,Ventilator-Associated Pneumonia,No organism identified,38.0,111,110,64,87,23,21.2,Immunosuppression,Normal,Normal,Multiple antibiotics,Mild/rash,2,Ertapenem,10,None known,0.294,0.818,81.8,High,0.819,0.563,0.678,0.369,0.06,-0.02,0.011,-0.02,0.04,0.05,"Clinical explanation: AMR risk is high with prior antibiotic exposure=2, prior resistant organism=None known, and ward resistance rate=29.4%. Review feature attributions before making a clinical decision.",Meropenem + Vancomycin,Ceftazidime-Avibactam,89.5,No renal adjustment flag,Documented Multiple antibiotics allergy,Accept,Clinician accepted the displayed first-line option,Meropenem + Vancomycin,Positive,2025-01-27 22:07:05,E. coli,None detected,Discordant,Improved,No,Allergy/safety edge case,"Admitted to General Medicine with VAP from Ventilator-Associated Pneumonia. Initial vitals: T 38.0 C, HR 111, BP 110/64, SpO2 87%. History: Immunosuppression; kidney function Normal; allergy Multiple antibiotics; prior antibiotic exposure in 90d 2; previous resistant organism None known. Culture status Positive.",0,0.5458641,1,False Positive (Type I Error)
PX-100341,ENC-20250341,True,2025-01-24 11:42:21,Clinical Patient 0342,70,Male,Not applicable,Surgical Ward,33,Transferred,Catheter-associated UTI,Urinary Tract Infection,Enterobacter cloacae complex,36.6,98,133,81,98,19,4.7,CKD,Normal,Normal,None known,,1,Piperacillin-Tazobactam,10,None known,0.311,0.672,67.2,High,0.573,0.579,0.477,0.528,0.02,-0.02,0.015,-0.02,0.04,-0.02,"Clinical explanation: AMR risk is high with prior antibiotic exposure=1, prior resistant organism=None known, and ward resistance rate=31.1%. Review feature attributions before making a clinical decision.",Meropenem + Vancomycin,Ceftazidime-Avibactam,87.1,No renal adjustment flag,No renal adjustment flag,Accept,Clinician accepted the displayed first-line option,Meropenem + Vancomycin,Positive,2025-01-28 11:42:21,Enterobacter cloacae complex,ESBL,Concordant,Escalated care,Yes,Standard scenario,"Admitted to Surgical Ward with Catheter-associated UTI from Urinary Tract Infection. Initial vitals: T 36.6 C, HR 98, BP 133/81, SpO2 98%. History: CKD; kidney function Normal; allergy None known; prior antibiotic exposure in 90d 1; previous resistant organism None known. Culture status Positive.",1,0.5214942,1,True Positive
PX-100347,ENC-20250347,True,2025-01-24 20:03:05,Clinical Patient 0348,71,Male,Not applicable,General Medicine,7,Discharged,HAP,Hospital-Acquired Pneumonia,Enterococcus faecalis,38.6,111,85,56,96,23,25.3,Immunosuppression,Normal,Normal,None known,,3,Azithromycin,5,ESBL,0.201,0.883,88.3,High,0.642,0.731,0.87,0.19,0.1,0.08,-0.012,-0.02,0.04,0.05,"Clinical explanation: AMR risk is high with prior antibiotic exposure=3, prior resistant organism=ESBL, and ward resistance rate=20.1%. Review feature attributions before making a clinical decision.",Meropenem + Vancomycin,Ceftazidime-Avibactam,91.6,No renal adjustment flag,No renal adjustment flag,Modify,Dose/frequency adjusted after clinical review,Ceftazidime-Avibactam,Positive,2025-01-25 20:03:05,Enterococcus faecalis,MRSA,Concordant,Improved,No,Prior resistant organism,"Admitted to General Medicine with HAP from Hospital-Acquired Pneumonia. Initial vitals: T 38.6 C, HR 111, BP 85/56, SpO2 96%. History: Immunosuppression; kidney function Normal; allergy None known; prior antibiotic exposure in 90d 3; previous resistant organism ESBL. Culture status Positive.",1,0.77516985,1,True Positive
PX-100354,ENC-20250354,True,2025-01-25 04:10:18,Clinical Patient 0355,80,Female,Not applicable,General Medicine,15,Active Inpatient,CAP,Community-Acquired Pneumonia,P. aeruginosa,37.4,81,132,84,88,26,6.1,COPD,Normal,Normal,None known,,1,Meropenem,10,None known,0.294,0.591,59.1,Medium,0.419,0.367,0.486,0.21,0.02,-0.02,0.011,-0.02,0.04,-0.02,"Clinical explanation: AMR risk is medium with prior antibiotic exposure=1, prior resistant organism=None known, and ward resistance rate=29.4%. Review feature attributions before making a clinical decision.",Piperacillin-Tazobactam,Cefepime + Vancomycin,89.3,No renal adjustment flag,No renal adjustment flag,Accept,Clinician accepted the displayed first-line option,Piperacillin-Tazobactam,Positive,2025-01-27 04:10:18,P. aeruginosa,MDR Pseudomonas,Concordant,Escalated care,Yes,Standard scenario,"Admitted to General Medicine with CAP from Community-Acquired Pneumonia. Initial vitals: T 37.4 C, HR 81, BP 132/84, SpO2 88%. History: COPD; kidney function Normal; allergy None known; prior antibiotic exposure in 90d 1; previous resistant organism None known. Culture status Positive.",1,0.51037556,1,True Positive
PX-100358,ENC-20250358,True,2025-01-25 06:58:49,Clinical Patient 0359,40,Male,Not applicable,Surgical Ward,23,Discharged,Biliary tract infection,Intra-abdominal Infection,P. aeruginosa,38.1,95,165,98,95,23,89.0,CKD,Normal,Mild impairment,None known,,0,None in prior 90 days,0,None known,0.299,0.676,67.6,High,0.706,0.417,0.373,0.163,-0.02,-0.02,0.012,-0.02,0.04,-0.02,"Clinical explanation: AMR risk is high with prior antibiotic exposure=0, prior resistant organism=None known, and ward resistance rate=29.9%. Review feature attributions before making a clinical decision.",Meropenem + Vancomycin,Ceftazidime-Avibactam,72.7,No renal adjustment flag,No renal adjustment flag,Accept,Clinician accepted the displayed first-line option,Meropenem + Vancomycin,Positive,2025-01-29 06:58:49,P. aeruginosa,MDR Pseudomonas,Concordant,Recovered,No,Standard scenario,"Admitted to Surgical Ward with Biliary tract infection from Intra-abdominal Infection. Initial vitals: T 38.1 C, HR 95, BP 165/98, SpO2 95%. History: CKD; kidney function Normal; allergy None known; prior antibiotic exposure in 90d 0; previous resistant organism None known. Culture status Positive.",1,0.4225278,0,False Negative (Type II Error - Critical Missed Resistance)
PX-100367,ENC-20250367,True,2025-01-26 03:45:13,Clinical Patient 0368,35,Female,No,Surgical Ward,40,Active Inpatient,Catheter-associated UTI,Urinary Tract Infection,Mixed flora,38.7,96,99,66,90,19,55.8,Immunosuppression,Normal,Normal,None known,,2,Ceftriaxone + Azithromycin,21,None known,0.323,0.577,57.7,Medium,0.585,0.207,0.571,0.303,0.06,-0.02,0.018,-0.02,0.04,0.05,"Clinical explanation: AMR risk is medium with prior antibiotic exposure=2, prior resistant organism=None known, and ward resistance rate=32.3%. Review feature attributions before making a clinical decision.",Piperacillin-Tazobactam,Cefepime + Vancomycin,86.5,No renal adjustment flag,No renal adjustment flag,Accept,Clinician accepted the displayed first-line option,Piperacillin-Tazobactam,Positive,2025-01-29 03:45:13,K. pneumoniae,ESBL,Concordant,Recovered,No,Standard scenario,"Admitted to Surgical Ward with Catheter-associated UTI from Urinary Tract Infection. Initial vitals: T 38.7 C, HR 96, BP 99/66, SpO2 90%. History: Immunosuppression; kidney function Normal; allergy None known; prior antibiotic exposure in 90d 2; previous resistant organism None known. Culture status Positive.",1,0.55824095,1,True Positive
PX-100394,ENC-20250394,True,2025-01-28 02:52:16,Clinical Patient 0395,28,Male,Not applicable,Emergency Department,25,Discharged,CAP,Community-Acquired Pneumonia,E. coli,38.5,77,147,93,91,27,32.4,COPD,Normal,Normal,None known,,0,None in prior 90 days,0,None known,0.258,0.265,26.5,Low,0.24,0.238,0.255,0.094,-0.02,-0.02,0.002,-0.02,0.04,-0.02,"Clinical explanation: AMR risk is low with prior antibiotic exposure=0, prior resistant organism=None known, and ward resistance rate=25.8%. Review feature attributions before making a clinical decision.",Ceftriaxone,Cefepime,83.8,No renal adjustment flag,No renal adjustment flag,Accept,Clinician accepted the displayed first-line option,Ceftriaxone,Positive,2025-02-01 02:52:16,E. coli,ESBL,Discordant,Recovered,No,Standard scenario,"Admitted to Emergency Department with CAP from Community-Acquired Pneumonia. Initial vitals: T 38.5 C, HR 77, BP 147/93, SpO2 91%. History: COPD; kidney function Normal; allergy None known; prior antibiotic exposure in 90d 0; previous resistant organism None known. Culture status Positive.",1,0.23709339,0,False Negative (Type II Error - Critical Missed Resistance)
PX-100406,ENC-20250406,True,2025-01-28 23:20:26,Clinical Patient 0407,48,Male,Not applicable,ICU,39,Active Inpatient,Diverticulitis with perforation,Intra-abdominal Infection,K. pneumoniae,38.3,126,88,45,92,22,25.3,Diabetes,Normal,Normal,None known,,2,Meropenem,28,None known,0.323,0.812,81.2,High,0.601,0.713,0.341,0.609,0.06,-0.02,0.018,0.06,0.04,0.05,"Clinical explanation: AMR risk is high with prior antibiotic exposure=2, prior resistant organism=None known, and ward resistance rate=32.3%. Review feature attributions before making a clinical decision.",Meropenem + Vancomycin,Ceftazidime-Avibactam,71.6,No renal adjustment flag,No renal adjustment flag,Accept,Clinician accepted the displayed first-line option,Meropenem + Vancomycin,Positive,2025-01-31 23:20:26,K. pneumoniae,ESBL,Concordant,Recovered,No,Standard scenario,"Admitted to ICU with Diverticulitis with perforation from Intra-abdominal Infection. Initial vitals: T 38.3 C, HR 126, BP 88/45, SpO2 92%. History: Diabetes; kidney function Normal; allergy None known; prior antibiotic exposure in 90d 2; previous resistant organism None known. Culture status Positive.",1,0.6357311,1,True Positive
PX-100427,ENC-20250427,True,2025-01-30 17:21:41,Clinical Patient 0428,67,Female,Not applicable,General Medicine,30,Active Inpatient,VAP,Ventilator-Associated Pneumonia,P. aeruginosa,35.8,110,77,48,89,26,53.2,COPD,Moderate impairment,Normal,None known,,0,None prior,0,None known,0.2,0.244,24.4,Low,0.181,0.147,0.104,0.096,-0.02,-0.02,-0.012,-0.02,0.04,0.05,"Clinical explanation: AMR risk is low with prior antibiotic exposure=0, prior resistant organism=None known, and ward resistance rate=20.0%. Review feature attributions before making a clinical decision.",Ceftriaxone,Cefepime,86.3,Renal adjustment review required,Renal adjustment review required,Accept,Clinician accepted the displayed first-line option,Ceftriaxone,Positive,2025-02-01 17:21:41,P. aeruginosa,MDR Pseudomonas,Discordant,Improved,No,Renal impairment,"Admitted to General Medicine with VAP from Ventilator-Associated Pneumonia. Initial vitals: T 35.8 C, HR 110, BP 77/48, SpO2 89%. History: COPD; kidney function Moderate impairment; allergy None known; prior antibiotic exposure in 90d 0; previous resistant organism None known. Culture status Positive.",1,0.27962717,0,False Negative (Type II Error - Critical Missed Resistance)
PX-100460,ENC-20250460,True,2025-02-01 19:53:45,Clinical Patient 0461,21,Female,No,ICU,32,Active Inpatient,Biliary tract infection,Intra-abdominal Infection,Mixed flora,39.1,117,87,47,97,23,19.3,Heart failure,Normal,Mild impairment,None known,,1,Ceftriaxone + Azithromycin,28,None known,0.413,0.493,49.3,Medium,0.402,0.239,0.291,0.285,0.02,-0.02,0.041,0.06,0.04,0.05,"Clinical explanation: AMR risk is medium with prior antibiotic exposure=1, prior resistant organism=None known, and ward resistance rate=41.3%. Review feature attributions before making a clinical decision.",Piperacillin-Tazobactam,Cefepime + Vancomycin,73.6,No renal adjustment flag,No renal adjustment flag,Accept,Clinician accepted the displayed first-line option,Piperacillin-Tazobactam,Positive,2025-02-04 19:53:45,P. aeruginosa,MDR Pseudomonas,Discordant,Recovered,No,Standard scenario,"Admitted to ICU with Biliary tract infection from Intra-abdominal Infection. Initial vitals: T 39.1 C, HR 117, BP 87/47, SpO2 97%. History: Heart failure; kidney function Normal; allergy None known; prior antibiotic exposure in 90d 1; previous resistant organism None known. Culture status Positive.",1,0.5319008,1,True Positive
PX-100461,ENC-20250461,True,2025-02-01 20:38:10,Clinical Patient 0462,63,Female,Not applicable,General Medicine,24,Discharged,HAP,Hospital-Acquired Pneumonia,E. coli,37.9,108,111,70,89,20,148.0,Hypertension; Immunosuppression,Normal,Normal,Cephalosporin,IgE-mediated,0,None prior,0,None known,0.18,0.5,50.0,Medium,0.501,0.354,0.28,0.162,-0.02,-0.02,-0.018,-0.02,0.04,0.05,"Clinical explanation: AMR risk is medium with prior antibiotic exposure=0, prior resistant organism=None known, and ward resistance rate=18.0%. Review feature attributions before making a clinical decision.",Piperacillin-Tazobactam,Cefepime + Vancomycin,69.3,No renal adjustment flag,Documented Cephalosporin allergy,Accept,Clinician accepted the displayed first-line option,Piperacillin-Tazobactam,Positive,2025-02-05 20:38:10,E. coli,CRE,Concordant,Improved,No,Allergy/safety edge case,"Admitted to General Medicine with HAP from Hospital-Acquired Pneumonia. Initial vitals: T 37.9 C, HR 108, BP 111/70, SpO2 89%. History: Hypertension; Immunosuppression; kidney function Normal; allergy Cephalosporin; prior antibiotic exposure in 90d 0; previous resistant organism None known. Culture status Positive.",1,0.30570048,0,False Negative (Type II Error - Critical Missed Resistance)
PX-100491,ENC-20250491,True,2025-02-03 06:12:04,Clinical Patient 0492,70,Male,Not applicable,Emergency Department,11,Discharged,Complicated UTI,Urinary Tract Infection,S. aureus,36.9,67,147,88,94,20,40.3,Liver disease,Moderate impairment,Normal,None known,,1,Ciprofloxacin,21,MDR Pseudomonas,0.199,0.851,85.1,High,0.771,0.659,0.597,0.448,0.02,0.08,-0.013,-0.02,0.04,-0.02,"Clinical explanation: AMR risk is high with prior antibiotic exposure=1, prior resistant organism=MDR Pseudomonas, and ward resistance rate=19.9%. Review feature attributions before making a clinical decision.",Meropenem + Vancomycin,Ceftazidime-Avibactam,67.6,Renal adjustment review required,Renal adjustment review required,Accept,Clinician accepted the displayed first-line option,Meropenem + Vancomycin,Positive,2025-02-05 06:12:04,S. aureus,MRSA,Concordant,Escalated care,Yes,Renal impairment,"Admitted to Emergency Department with Complicated UTI from Urinary Tract Infection. Initial vitals: T 36.9 C, HR 67, BP 147/88, SpO2 94%. History: Liver disease; kidney function Moderate impairment; allergy None known; prior antibiotic exposure in 90d 1; previous resistant organism MDR Pseudomonas. Culture status Positive.",1,0.70813704,1,True Positive
PX-100497,ENC-20250497,True,2025-02-03 13:51:32,Clinical Patient 0498,45,Female,Yes,General Medicine,26,Active Inpatient,Pyelonephritis,Urinary Tract Infection,Mixed flora,38.7,67,128,75,96,20,20.2,,Normal,Normal,None known,,0,None prior,0,None known,0.319,0.156,15.6,Low,0.145,0.092,0.118,0.112,-0.02,-0.02,0.017,-0.02,-0.02,0.05,"Clinical explanation: AMR risk is low with prior antibiotic exposure=0, prior resistant organism=None known, and ward resistance rate=31.9%. Review feature attributions before making a clinical decision.",Ceftriaxone,Cefepime,91.1,No renal adjustment flag,No renal adjustment flag,Accept,Clinician accepted the displayed first-line option,Ceftriaxone,Positive,2025-02-07 13:51:32,S. aureus,None detected,Concordant,Recovered,No,Missing/unknown clinical field,"Admitted to General Medicine with Pyelonephritis from Urinary Tract Infection. Initial vitals: T 38.7 C, HR 67, BP 128/75, SpO2 96%. History: None; kidney function Normal; allergy None known; prior antibiotic exposure in 90d 0; previous resistant organism None known. Culture status Positive.",0,0.20310616,0,True Negative
PX-100528,ENC-20250528,True,2025-02-06 03:29:11,Clinical Patient 0529,43,Female,No,General Medicine,36,Discharged,Peritonitis,Intra-abdominal Infection,Enterobacter cloacae complex,38.4,98,121,64,95,16,28.8,Cancer,Mild impairment,Normal,Cephalosporin,Anaphylaxis,0,None prior,0,None known,0.278,0.332,33.2,Medium,0.346,0.159,0.147,0.156,-0.02,-0.02,0.007,-0.02,0.04,-0.02,"Clinical explanation: AMR risk is medium with prior antibiotic exposure=0, prior resistant organism=None known, and ward resistance rate=27.8%. Review feature attributions before making a clinical decision.",Piperacillin-Tazobactam,Cefepime + Vancomycin,67.2,Renal adjustment review required,Documented Cephalosporin allergy | Renal adjustment review required,Accept,Clinician accepted the displayed first-line option,Piperacillin-Tazobactam,Positive,2025-02-07 03:29:11,Enterobacter cloacae complex,ESBL,Discordant,Improved,No,Renal impairment,"Admitted to General Medicine with Peritonitis from Intra-abdominal Infection. Initial vitals: T 38.4 C, HR 98, BP 121/64, SpO2 95%. History: Cancer; kidney function Mild impairment; allergy Cephalosporin; prior antibiotic exposure in 90d 0; previous resistant organism None known. Culture status Positive.",1,0.20912276,0,False Negative (Type II Error - Critical Missed Resistance)
PX-100533,ENC-20250533,True,2025-02-06 10:24:47,Clinical Patient 0534,54,Male,Not applicable,ICU,32,Active Inpatient,CAP,Community-Acquired Pneumonia,P. aeruginosa,38.5,115,121,74,91,28,36.6,COPD,Mild impairment,Mild impairment,None known,,2,Vancomycin,14,None known,0.35,0.769,76.9,High,0.766,0.687,0.407,0.429,0.06,-0.02,0.025,0.06,0.04,0.05,"Clinical explanation: AMR risk is high with prior antibiotic exposure=2, prior resistant organism=None known, and ward resistance rate=35.0%. Review feature attributions before making a clinical decision.",Meropenem + Vancomycin,Ceftazidime-Avibactam,84.3,Renal adjustment review required,Renal adjustment review required,Pending,Decision not yet recorded,Clinician-selected regimen,Positive,2025-02-09 10:24:47,P. aeruginosa,MDR Pseudomonas,Concordant,No documented outcome,No,Renal impairment,"Admitted to ICU with CAP from Community-Acquired Pneumonia. Initial vitals: T 38.5 C, HR 115, BP 121/74, SpO2 91%. History: COPD; kidney function Mild impairment; allergy None known; prior antibiotic exposure in 90d 2; previous resistant organism None known. Culture status Positive.",1,0.6667223,1,True Positive
PX-100541,ENC-20250541,True,2025-02-07 11:47:34,Clinical Patient 0542,62,Male,Not applicable,General Medicine,21,Discharged,Severe CAP,Community-Acquired Pneumonia,S. pneumoniae,37.4,67,141,90,92,19,49.1,COPD,Normal,Normal,Sulfonamide,IgE-mediated,0,None in prior 90 days,0,None known,0.298,0.354,35.4,Medium,0.262,0.172,0.312,0.208,-0.02,-0.02,0.012,-0.02,0.04,-0.02,"Clinical explanation: AMR risk is medium with prior antibiotic exposure=0, prior resistant organism=None known, and ward resistance rate=29.8%. Review feature attributions before making a clinical decision.",Piperacillin-Tazobactam,Cefepime + Vancomycin,89.8,No renal adjustment flag,Documented Sulfonamide allergy,Accept,Clinician accepted the displayed first-line option,Piperacillin-Tazobactam,Positive,2025-02-10 11:47:34,S. pneumoniae,ESBL,Discordant,Improved,No,Allergy/safety edge case,"Admitted to General Medicine with Severe CAP from Community-Acquired Pneumonia. Initial vitals: T 37.4 C, HR 67, BP 141/90, SpO2 92%. History: COPD; kidney function Normal; allergy Sulfonamide; prior antibiotic exposure in 90d 0; previous resistant organism None known. Culture status Positive.",1,0.28981754,0,False Negative (Type II Error - Critical Missed Resistance)
PX-100561,ENC-20250561,True,2025-02-09 05:14:05,Clinical Patient 0562,30,Male,Not applicable,General Medicine,16,Discharged,Diverticulitis with perforation,Intra-abdominal Infection,Mixed flora,37.0,89,104,52,98,22,10.5,Heart failure; Hypertension,Normal,Moderate impairment,None known,,1,Levofloxacin,14,None known,0.176,0.198,19.8,Low,0.159,0.093,0.126,0.135,0.02,-0.02,-0.019,-0.02,0.04,-0.02,"Clinical explanation: AMR risk is low with prior antibiotic exposure=1, prior resistant organism=None known, and ward resistance rate=17.6%. Review feature attributions before making a clinical decision.",Ceftriaxone,Cefepime,95.5,No renal adjustment flag,No renal adjustment flag,Modify,Dose/frequency adjusted after clinical review,Cefepime,Positive,2025-02-10 05:14:05,Enterococcus faecalis,None detected,Concordant,Recovered,No,Standard scenario,"Admitted to General Medicine with Diverticulitis with perforation from Intra-abdominal Infection. Initial vitals: T 37.0 C, HR 89, BP 104/52, SpO2 98%. History: Heart failure; Hypertension; kidney function Normal; allergy None known; prior antibiotic exposure in 90d 1; previous resistant organism None known. Culture status Positive.",0,0.33506113,0,True Negative
PX-100564,ENC-20250564,True,2025-02-09 17:54:38,Clinical Patient 0565,35,Male,Not applicable,Surgical Ward,39,Discharged,Severe CAP,Community-Acquired Pneumonia,Mixed flora,38.7,128,92,59,94,18,65.3,Hypertension,Normal,Normal,Sulfonamide,Anaphylaxis,2,Ceftriaxone + Azithromycin,21,MRSA,0.358,0.844,84.4,High,0.686,0.333,0.52,0.337,0.06,0.08,0.027,-0.02,0.04,0.05,"Clinical explanation: AMR risk is high with prior antibiotic exposure=2, prior resistant organism=MRSA, and ward resistance rate=35.8%. Review feature attributions before making a clinical decision.",Meropenem + Vancomycin,Ceftazidime-Avibactam,65.6,No renal adjustment flag,Documented Sulfonamide allergy,Accept,Clinician accepted the displayed first-line option,Meropenem + Vancomycin,Positive,2025-02-13 17:54:38,K. pneumoniae,ESBL,Concordant,Recovered,No,Allergy/safety edge case,"Admitted to Surgical Ward with Severe CAP from Community-Acquired Pneumonia. Initial vitals: T 38.7 C, HR 128, BP 92/59, SpO2 94%. History: Hypertension; kidney function Normal; allergy Sulfonamide; prior antibiotic exposure in 90d 2; previous resistant organism MRSA. Culture status Positive.",1,0.831532,1,True Positive
PX-100583,ENC-20250583,True,2025-02-11 03:19:42,Clinical Patient 0584,89,Female,Not applicable,ICU,19,Active Inpatient,Peritonitis,Intra-abdominal Infection,E. coli,39.4,113,97,57,91,25,34.5,,Normal,Normal,Penicillin,Mild/rash,2,Piperacillin-Tazobactam,5,MRSA,0.45,0.894,89.4,High,0.806,0.738,0.47,0.464,0.06,0.08,0.05,0.06,-0.02,0.05,"Clinical explanation: AMR risk is high with prior antibiotic exposure=2, prior resistant organism=MRSA, and ward resistance rate=45.0%. Review feature attributions before making a clinical decision.",Meropenem + Vancomycin,Ceftazidime-Avibactam,87.4,No renal adjustment flag,Documented Penicillin allergy,Accept,Clinician accepted the displayed first-line option,Meropenem + Vancomycin,Positive,2025-02-12 03:19:42,E. coli,ESBL,Concordant,Escalated care,Yes,Allergy/safety edge case,"Admitted to ICU with Peritonitis from Intra-abdominal Infection. Initial vitals: T 39.4 C, HR 113, BP 97/57, SpO2 91%. History: None; kidney function Normal; allergy Penicillin; prior antibiotic exposure in 90d 2; previous resistant organism MRSA. Culture status Positive.",1,0.7846655,1,True Positive
PX-100585,ENC-20250585,True,2025-02-11 05:18:17,Clinical Patient 0586,66,Female,Not applicable,General Medicine,38,Discharged,Pyelonephritis,Urinary Tract Infection,S. aureus,39.9,89,83,50,92,19,24.0,,Mild impairment,Moderate impairment,None known,,2,Levofloxacin,10,None known,0.362,0.508,50.8,Medium,0.455,0.168,0.404,0.152,0.06,-0.02,0.028,-0.02,-0.02,0.05,"Clinical explanation: AMR risk is medium with prior antibiotic exposure=2, prior resistant organism=None known, and ward resistance rate=36.2%. Review feature attributions before making a clinical decision.",Piperacillin-Tazobactam,Cefepime + Vancomycin,92.2,Renal adjustment review required,Renal adjustment review required,Accept,Clinician accepted the displayed first-line option,Piperacillin-Tazobactam,Positive,2025-02-14 05:18:17,S. aureus,MRSA,Concordant,Improved,No,Renal impairment,"Admitted to General Medicine with Pyelonephritis from Urinary Tract Infection. Initial vitals: T 39.9 C, HR 89, BP 83/50, SpO2 92%. History: None; kidney function Mild impairment; allergy None known; prior antibiotic exposure in 90d 2; previous resistant organism None known. Culture status Positive.",1,0.55270785,1,True Positive
PX-100587,ENC-20250587,True,2025-02-11 16:15:57,Clinical Patient 0588,60,Male,Not applicable,ICU,2,Active Inpatient,Deep incisional SSI,Surgical Site Infection,S. aureus,38.6,122,67,53,88,21,49.2,,Normal,Normal,None known,,0,None in prior 90 days,0,None known,0.444,0.45,45.0,Medium,0.484,0.248,0.364,0.185,-0.02,-0.02,0.049,0.06,-0.02,0.05,"Clinical explanation: AMR risk is medium with prior antibiotic exposure=0, prior resistant organism=None known, and ward resistance rate=44.4%. Review feature attributions before making a clinical decision.",Piperacillin-Tazobactam,Cefepime + Vancomycin,82.5,No renal adjustment flag,No renal adjustment flag,Accept,Clinician accepted the displayed first-line option,Piperacillin-Tazobactam,Positive,2025-02-15 16:15:57,S. aureus,None detected,Concordant,Improved,No,Boundary vitals,"Admitted to ICU with Deep incisional SSI from Surgical Site Infection. Initial vitals: T 38.6 C, HR 122, BP 67/53, SpO2 88%. History: None; kidney function Normal; allergy None known; prior antibiotic exposure in 90d 0; previous resistant organism None known. Culture status Positive.",0,0.57312703,1,False Positive (Type I Error)
PX-100602,ENC-20250602,True,2025-02-12 13:50:21,Clinical Patient 0603,63,Female,Not applicable,Surgical Ward,34,Active Inpatient,Severe HAP,Hospital-Acquired Pneumonia,S. pneumoniae,38.6,126,93,57,87,25,50.5,Immunosuppression,Severe impairment,Normal,Cephalosporin,Anaphylaxis,2,Ciprofloxacin,14,None known,0.244,0.891,89.1,High,0.879,0.651,0.531,0.267,0.06,-0.02,-0.002,-0.02,0.04,0.05,"Clinical explanation: AMR risk is high with prior antibiotic exposure=2, prior resistant organism=None known, and ward resistance rate=24.4%. Review feature attributions before making a clinical decision.",Meropenem + Vancomycin,Ceftazidime-Avibactam,82.8,Renal adjustment review required,Documented Cephalosporin allergy | Renal adjustment review required,Modify,Dose/frequency adjusted after clinical review,Ceftazidime-Avibactam,Positive,2025-02-15 13:50:21,S. pneumoniae,Other MDR,Concordant,Improved,No,Renal impairment,"Admitted to Surgical Ward with Severe HAP from Hospital-Acquired Pneumonia. Initial vitals: T 38.6 C, HR 126, BP 93/57, SpO2 87%. History: Immunosuppression; kidney function Severe impairment; allergy Cephalosporin; prior antibiotic exposure in 90d 2; previous resistant organism None known. Culture status Positive.",1,0.59430766,1,True Positive
PX-100606,ENC-20250606,True,2025-02-12 18:42:56,Clinical Patient 0607,71,Female,Not applicable,General Medicine,30,Active Inpatient,Early-onset VAP,Ventilator-Associated Pneumonia,P. aeruginosa,37.9,117,111,72,96,20,59.2,,Normal,Normal,Multiple antibiotics,,0,None in prior 90 days,0,None known,0.232,0.166,16.6,Low,0.145,0.107,0.123,0.108,-0.02,-0.02,-0.004,-0.02,-0.02,0.05,"Clinical explanation: AMR risk is low with prior antibiotic exposure=0, prior resistant organism=None known, and ward resistance rate=23.2%. Review feature attributions before making a clinical decision.",Ceftriaxone,Cefepime,84.5,No renal adjustment flag,Documented Multiple antibiotics allergy,Modify,Dose/frequency adjusted after clinical review,Cefepime,Positive,2025-02-15 18:42:56,P. aeruginosa,None detected,Concordant,Improved,No,Allergy/safety edge case,"Admitted to General Medicine with Early-onset VAP from Ventilator-Associated Pneumonia. Initial vitals: T 37.9 C, HR 117, BP 111/72, SpO2 96%. History: None; kidney function Normal; allergy Multiple antibiotics; prior antibiotic exposure in 90d 0; previous resistant organism None known. Culture status Positive.",0,0.27776518,0,True Negative
PX-100607,ENC-20250607,True,2025-02-12 23:52:35,Clinical Patient 0608,47,Female,No,General Medicine,7,Active Inpatient,Urosepsis,Urinary Tract Infection,No organism identified,37.5,105,116,63,95,14,86.2,,Normal,Normal,Cephalosporin,Mild/rash,2,Ciprofloxacin,5,MRSA,0.258,0.807,80.7,High,0.659,0.695,0.737,0.254,0.06,0.08,0.002,-0.02,-0.02,-0.02,"Clinical explanation: AMR risk is high with prior antibiotic exposure=2, prior resistant organism=MRSA, and ward resistance rate=25.8%. Review feature attributions before making a clinical decision.",Meropenem + Vancomycin,Ceftazidime-Avibactam,93.7,No renal adjustment flag,Documented Cephalosporin allergy,Accept,Clinician accepted the displayed first-line option,Meropenem + Vancomycin,Positive,2025-02-15 23:52:35,K. pneumoniae,ESBL,Concordant,Recovered,No,Allergy/safety edge case,"Admitted to General Medicine with Urosepsis from Urinary Tract Infection. Initial vitals: T 37.5 C, HR 105, BP 116/63, SpO2 95%. History: None; kidney function Normal; allergy Cephalosporin; prior antibiotic exposure in 90d 2; previous resistant organism MRSA. Culture status Positive.",1,0.6853243,1,True Positive
PX-100619,ENC-20250619,True,2025-02-13 21:33:44,Clinical Patient 0620,55,Male,Not applicable,ICU,40,Active Inpatient,Post-op wound infection,Surgical Site Infection,S. pneumoniae,37.9,95,114,66,91,29,304.9,Hypertension,Mild impairment,Normal,None known,,1,Piperacillin-Tazobactam,21,None known,0.366,0.662,66.2,High,0.717,0.476,0.301,0.518,0.02,-0.02,0.029,0.06,0.04,-0.02,"Clinical explanation: AMR risk is high with prior antibiotic exposure=1, prior resistant organism=None known, and ward resistance rate=36.6%. Review feature attributions before making a clinical decision.",Meropenem + Vancomycin,Ceftazidime-Avibactam,77.7,Renal adjustment review required,Renal adjustment review required,Accept,Clinician accepted the displayed first-line option,Meropenem + Vancomycin,Positive,2025-02-14 21:33:44,S. pneumoniae,None detected,Discordant,Improved,No,Renal impairment,"Admitted to ICU with Post-op wound infection from Surgical Site Infection. Initial vitals: T 37.9 C, HR 95, BP 114/66, SpO2 91%. History: Hypertension; kidney function Mild impairment; allergy None known; prior antibiotic exposure in 90d 1; previous resistant organism None known. Culture status Positive.",0,0.7244774,1,False Positive (Type I Error)
PX-100620,ENC-20250620,True,2025-02-13 23:46:00,Clinical Patient 0621,54,Male,Not applicable,Emergency Department,27,Discharged,CAP,Community-Acquired Pneumonia,S. pneumoniae,39.0,88,168,113,91,23,15.2,Diabetes,Normal,Normal,None known,,0,None in prior 90 days,0,None known,0.186,0.139,13.9,Low,0.118,0.058,0.096,0.078,-0.02,-0.02,-0.016,-0.02,0.04,0.05,"Clinical explanation: AMR risk is low with prior antibiotic exposure=0, prior resistant organism=None known, and ward resistance rate=18.6%. Review feature attributions before making a clinical decision.",Ceftriaxone,Cefepime,87.4,No renal adjustment flag,No renal adjustment flag,Accept,Clinician accepted the displayed first-line option,Ceftriaxone,Positive,2025-02-15 23:46:00,S. pneumoniae,ESBL,Discordant,Recovered,No,Standard scenario,"Admitted to Emergency Department with CAP from Community-Acquired Pneumonia. Initial vitals: T 39.0 C, HR 88, BP 168/113, SpO2 91%. History: Diabetes; kidney function Normal; allergy None known; prior antibiotic exposure in 90d 0; previous resistant organism None known. Culture status Positive.",1,0.22619325,0,False Negative (Type II Error - Critical Missed Resistance)
PX-100632,ENC-20250632,True,2025-02-14 18:34:12,Clinical Patient 0633,70,Male,Not applicable,General Medicine,34,Active Inpatient,Catheter-associated UTI,Urinary Tract Infection,Enterococcus faecalis,39.0,81,97,63,95,19,20.0,CKD,Normal,Normal,None known,,3,Piperacillin-Tazobactam,28,None known,0.296,0.813,81.3,High,0.846,0.552,0.337,0.497,0.1,-0.02,0.011,-0.02,0.04,0.05,"Clinical explanation: AMR risk is high with prior antibiotic exposure=3, prior resistant organism=None known, and ward resistance rate=29.6%. Review feature attributions before making a clinical decision.",Meropenem + Vancomycin,Ceftazidime-Avibactam,69.5,No renal adjustment flag,No renal adjustment flag,Modify,Dose/frequency adjusted after clinical review,Ceftazidime-Avibactam,Positive,2025-02-16 18:34:12,Enterococcus faecalis,Other MDR,Concordant,Improved,No,Standard scenario,"Admitted to General Medicine with Catheter-associated UTI from Urinary Tract Infection. Initial vitals: T 39.0 C, HR 81, BP 97/63, SpO2 95%. History: CKD; kidney function Normal; allergy None known; prior antibiotic exposure in 90d 3; previous resistant organism None known. Culture status Positive.",1,0.6021201,1,True Positive
PX-100695,ENC-20250695,True,2025-02-19 13:04:10,Clinical Patient 0696,87,Female,Not applicable,Surgical Ward,5,Active Inpatient,Severe HAP,Hospital-Acquired Pneumonia,Mixed flora,35.1,149,88,57,88,22,75.2,Cancer,AKI,Normal,None known,,0,None in prior 90 days,0,MRSA,0.32,0.914,91.4,High,0.758,0.304,0.475,0.669,-0.02,0.08,0.018,-0.02,0.04,0.05,"Clinical explanation: AMR risk is high with prior antibiotic exposure=0, prior resistant organism=MRSA, and ward resistance rate=32.0%. Review feature attributions before making a clinical decision.",Meropenem + Vancomycin,Ceftazidime-Avibactam,95.2,Renal adjustment review required,Renal adjustment review required,Override,Alternative source-control plan,Clinician-selected regimen,Positive,2025-02-22 13:04:10,P. aeruginosa,MDR Pseudomonas,Concordant,Improved,No,Prior resistant organism,"Admitted to Surgical Ward with Severe HAP from Hospital-Acquired Pneumonia. Initial vitals: T 35.1 C, HR 149, BP 88/57, SpO2 88%. History: Cancer; kidney function AKI; allergy None known; prior antibiotic exposure in 90d 0; previous resistant organism MRSA. Culture status Positive.",1,0.7956444,1,True Positive
PX-100710,ENC-20250710,True,2025-02-20 15:45:51,Clinical Patient 0711,48,Male,Not applicable,Emergency Department,38,Active Inpatient,Appendicitis with abscess,Intra-abdominal Infection,P. aeruginosa,39.7,73,130,86,95,18,33.0,Diabetes,Normal,Mild impairment,Sulfonamide,Mild/rash,1,Ceftriaxone + Azithromycin,5,None known,0.158,0.442,44.2,Medium,0.484,0.377,0.206,0.274,0.02,-0.02,-0.023,-0.02,0.04,0.05,"Clinical explanation: AMR risk is medium with prior antibiotic exposure=1, prior resistant organism=None known, and ward resistance rate=15.8%. Review feature attributions before making a clinical decision.",Piperacillin-Tazobactam,Cefepime + Vancomycin,74.7,No renal adjustment flag,Documented Sulfonamide allergy,Accept,Clinician accepted the displayed first-line option,Piperacillin-Tazobactam,Positive,2025-02-21 15:45:51,P. aeruginosa,None detected,Concordant,Improved,No,Allergy/safety edge case,"Admitted to Emergency Department with Appendicitis with abscess from Intra-abdominal Infection. Initial vitals: T 39.7 C, HR 73, BP 130/86, SpO2 95%. History: Diabetes; kidney function Normal; allergy Sulfonamide; prior antibiotic exposure in 90d 1; previous resistant organism None known. Culture status Positive.",0,0.32474583,0,True Negative
PX-100719,ENC-20250719,True,2025-02-21 15:25:18,Clinical Patient 0720,92,Female,Not applicable,ICU,33,Active Inpatient,Primary bacteremia,Bloodstream Infection,E. coli,38.2,121,110,71,95,27,60.4,CKD,Moderate impairment,Normal,None known,,0,None in prior 90 days,0,CRE,0.53,0.845,84.5,High,0.658,0.378,0.45,0.594,-0.02,0.08,0.07,0.06,0.04,0.05,"Clinical explanation: AMR risk is high with prior antibiotic exposure=0, prior resistant organism=CRE, and ward resistance rate=53.0%. Review feature attributions before making a clinical decision.",Meropenem + Vancomycin,Ceftazidime-Avibactam,92.4,Renal adjustment review required,Renal adjustment review required,Accept,Clinician accepted the displayed first-line option,Meropenem + Vancomycin,Positive,2025-02-25 15:25:18,E. coli,None detected,Discordant,No documented outcome,No,Renal impairment,"Admitted to ICU with Primary bacteremia from Bloodstream Infection. Initial vitals: T 38.2 C, HR 121, BP 110/71, SpO2 95%. History: CKD; kidney function Moderate impairment; allergy None known; prior antibiotic exposure in 90d 0; previous resistant organism CRE. Culture status Positive.",0,0.8601403,1,False Positive (Type I Error)
PX-100735,ENC-20250735,True,2025-02-22 10:19:03,Clinical Patient 0736,92,Female,Not applicable,General Medicine,18,Active Inpatient,Aspiration pneumonia,Community-Acquired Pneumonia,S. pneumoniae,39.8,107,142,88,87,25,3.0,CKD; Cancer,Normal,Mild impairment,Sulfonamide,Mild/rash,0,None prior,0,ESBL,0.23,0.589,58.9,Medium,0.492,0.219,0.395,0.179,-0.02,0.08,-0.005,-0.02,0.04,0.05,"Clinical explanation: AMR risk is medium with prior antibiotic exposure=0, prior resistant organism=ESBL, and ward resistance rate=23.0%. Review feature attributions before making a clinical decision.",Piperacillin-Tazobactam,Cefepime + Vancomycin,78.4,No renal adjustment flag,Documented Sulfonamide allergy,Pending,Decision not yet recorded,Clinician-selected regimen,Positive,2025-02-26 10:19:03,S. pneumoniae,None detected,Discordant,Treatment modified after deterioration,Yes,Allergy/safety edge case,"Admitted to General Medicine with Aspiration pneumonia from Community-Acquired Pneumonia. Initial vitals: T 39.8 C, HR 107, BP 142/88, SpO2 87%. History: CKD; Cancer; kidney function Normal; allergy Sulfonamide; prior antibiotic exposure in 90d 0; previous resistant organism ESBL. Culture status Positive.",0,0.6303143,1,False Positive (Type I Error)
PX-100744,ENC-20250744,True,2025-02-23 12:03:00,Clinical Patient 0745,39,Male,Not applicable,Surgical Ward,37,Active Inpatient,Peritonitis,Intra-abdominal Infection,Mixed flora,36.8,77,138,93,92,22,33.8,,Normal,Normal,None known,,1,Levofloxacin,5,None known,0.357,0.148,14.8,Low,0.152,0.07,0.102,0.086,0.02,-0.02,0.027,-0.02,-0.02,-0.02,"Clinical explanation: AMR risk is low with prior antibiotic exposure=1, prior resistant organism=None known, and ward resistance rate=35.7%. Review feature attributions before making a clinical decision.",Ceftriaxone,Cefepime,73.6,No renal adjustment flag,No renal adjustment flag,Accept,Clinician accepted the displayed first-line option,Ceftriaxone,Positive,2025-02-24 12:03:00,K. pneumoniae,None detected,Concordant,Recovered,No,Missing/unknown clinical field,"Admitted to Surgical Ward with Peritonitis from Intra-abdominal Infection. Initial vitals: T 36.8 C, HR 77, BP 138/93, SpO2 92%. History: None; kidney function Normal; allergy None known; prior antibiotic exposure in 90d 1; previous resistant organism None known. Culture status Positive.",0,0.43375668,0,True Negative
PX-100767,ENC-20250767,True,2025-02-25 09:09:33,Clinical Patient 0768,72,Male,Not applicable,General Medicine,39,Active Inpatient,Deep incisional SSI,Surgical Site Infection,Enterobacter cloacae complex,39.3,105,134,78,98,14,7.4,CKD; Immunosuppression,Normal,Normal,None known,,1,Ertapenem,14,None known,0.218,0.423,42.3,Medium,0.456,0.256,0.196,0.125,0.02,-0.02,-0.008,-0.02,0.04,0.05,"Clinical explanation: AMR risk is medium with prior antibiotic exposure=1, prior resistant organism=None known, and ward resistance rate=21.8%. Review feature attributions before making a clinical decision.",Piperacillin-Tazobactam,Cefepime + Vancomycin,67.5,No renal adjustment flag,No renal adjustment flag,Accept,Clinician accepted the displayed first-line option,Piperacillin-Tazobactam,Positive,2025-02-26 09:09:33,Enterobacter cloacae complex,ESBL,Discordant,Treatment modified after deterioration,Yes,Standard scenario,"Admitted to General Medicine with Deep incisional SSI from Surgical Site Infection. Initial vitals: T 39.3 C, HR 105, BP 134/78, SpO2 98%. History: CKD; Immunosuppression; kidney function Normal; allergy None known; prior antibiotic exposure in 90d 1; previous resistant organism None known. Culture status Positive.",1,0.40845442,0,False Negative (Type II Error - Critical Missed Resistance)
PX-100775,ENC-20250775,True,2025-02-25 19:50:16,Clinical Patient 0776,92,Male,Not applicable,ICU,7,Active Inpatient,Primary bacteremia,Bloodstream Infection,Enterobacter cloacae complex,38.3,109,85,54,93,20,32.4,COPD,AKI,Mild impairment,None known,,4,Cefepime,5,None known,0.3,0.635,63.5,High,0.547,0.274,0.385,0.29,0.14,-0.02,0.012,0.06,0.04,0.05,"Clinical explanation: AMR risk is high with prior antibiotic exposure=4, prior resistant organism=None known, and ward resistance rate=30.0%. Review feature attributions before making a clinical decision.",Meropenem + Vancomycin,Ceftazidime-Avibactam,93.9,Renal adjustment review required,Renal adjustment review required,Override,Alternative source-control plan,Clinician-selected regimen,Positive,2025-02-28 19:50:16,Enterobacter cloacae complex,CRE,Concordant,Recovered,No,Standard scenario,"Admitted to ICU with Primary bacteremia from Bloodstream Infection. Initial vitals: T 38.3 C, HR 109, BP 85/54, SpO2 93%. History: COPD; kidney function AKI; allergy None known; prior antibiotic exposure in 90d 4; previous resistant organism None known. Culture status Positive.",1,0.6234369,1,True Positive
PX-100805,ENC-20250805,True,2025-02-27 22:20:31,Clinical Patient 0806,73,Female,Not applicable,General Medicine,28,Active Inpatient,Severe HAP,Hospital-Acquired Pneumonia,Enterobacter cloacae complex,38.9,120,65,35,88,25,26.7,Hypertension; Liver disease,AKI,Normal,Cephalosporin,IgE-mediated,2,Ceftriaxone + Azithromycin,3,None known,0.237,0.696,69.6,High,0.495,0.562,0.385,0.275,0.06,-0.02,-0.003,-0.02,0.04,0.05,"Clinical explanation: AMR risk is high with prior antibiotic exposure=2, prior resistant organism=None known, and ward resistance rate=23.7%. Review feature attributions before making a clinical decision.",Meropenem + Vancomycin,Ceftazidime-Avibactam,81.2,Renal adjustment review required,Documented Cephalosporin allergy | Renal adjustment review required,Accept,Clinician accepted the displayed first-line option,Meropenem + Vancomycin,Positive,2025-03-01 22:20:31,Enterobacter cloacae complex,Other MDR,Concordant,Improved,No,Allergy/safety edge case,"Admitted to General Medicine with Severe HAP from Hospital-Acquired Pneumonia. Initial vitals: T 38.9 C, HR 120, BP 65/35, SpO2 88%. History: Hypertension; Liver disease; kidney function AKI; allergy Cephalosporin; prior antibiotic exposure in 90d 2; previous resistant organism None known. Culture status Positive.",1,0.55664015,1,True Positive
PX-100811,ENC-20250811,True,2025-02-28 05:57:41,Clinical Patient 0812,73,Female,Not applicable,ICU,8,Transferred,Severe CAP,Community-Acquired Pneumonia,S. aureus,38.1,123,108,60,89,23,27.0,COPD,Mild impairment,Normal,None known,,0,None in prior 90 days,0,None known,0.401,0.663,66.3,High,0.611,0.256,0.625,0.415,-0.02,-0.02,0.038,0.06,0.04,0.05,"Clinical explanation: AMR risk is high with prior antibiotic exposure=0, prior resistant organism=None known, and ward resistance rate=40.1%. Review feature attributions before making a clinical decision.",Meropenem + Vancomycin,Ceftazidime-Avibactam,91.1,Renal adjustment review required,Renal adjustment review required,Override,Alternative source-control plan,Clinician-selected regimen,Positive,2025-03-01 05:57:41,S. aureus,MRSA,Concordant,Improved,No,Renal impairment,"Admitted to ICU with Severe CAP from Community-Acquired Pneumonia. Initial vitals: T 38.1 C, HR 123, BP 108/60, SpO2 89%. History: COPD; kidney function Mild impairment; allergy None known; prior antibiotic exposure in 90d 0; previous resistant organism None known. Culture status Positive.",1,0.4587735,0,False Negative (Type II Error - Critical Missed Resistance)
PX-100814,ENC-20250814,True,2025-02-28 11:38:47,Clinical Patient 0815,59,Male,Not applicable,Emergency Department,17,Active Inpatient,CAP,Community-Acquired Pneumonia,No organism identified,35.1,94,97,49,89,24,56.5,Cancer,Normal,Normal,None known,,2,Cefepime,21,None known,0.133,0.722,72.2,High,0.516,0.272,0.633,0.314,0.06,-0.02,-0.029,-0.02,0.04,-0.02,"Clinical explanation: AMR risk is high with prior antibiotic exposure=2, prior resistant organism=None known, and ward resistance rate=13.3%. Review feature attributions before making a clinical decision.",Meropenem + Vancomycin,Ceftazidime-Avibactam,85.2,No renal adjustment flag,No renal adjustment flag,Accept,Clinician accepted the displayed first-line option,Meropenem + Vancomycin,Positive,2025-03-01 11:38:47,P. aeruginosa,None detected,Discordant,Improved,No,Standard scenario,"Admitted to Emergency Department with CAP from Community-Acquired Pneumonia. Initial vitals: T 35.1 C, HR 94, BP 97/49, SpO2 89%. History: Cancer; kidney function Normal; allergy None known; prior antibiotic exposure in 90d 2; previous resistant organism None known. Culture status Positive.",0,0.625016,1,False Positive (Type I Error)
PX-100815,ENC-20250815,True,2025-02-28 12:22:49,Clinical Patient 0816,59,Male,Not applicable,Surgical Ward,4,Active Inpatient,VAP,Ventilator-Associated Pneumonia,E. coli,38.6,143,78,40,88,25,76.3,Immunosuppression,Normal,Normal,None known,,4,Ertapenem,7,ESBL,0.276,0.973,97.3,High,0.899,0.631,0.917,0.6,0.14,0.08,0.007,-0.02,0.04,0.05,"Clinical explanation: AMR risk is high with prior antibiotic exposure=4, prior resistant organism=ESBL, and ward resistance rate=27.6%. Review feature attributions before making a clinical decision.",Meropenem + Vancomycin,Ceftazidime-Avibactam,84.1,No renal adjustment flag,No renal adjustment flag,Modify,Dose/frequency adjusted after clinical review,Ceftazidime-Avibactam,Positive,2025-03-03 12:22:49,E. coli,Other MDR,Concordant,Improved,No,Prior resistant organism,"Admitted to Surgical Ward with VAP from Ventilator-Associated Pneumonia. Initial vitals: T 38.6 C, HR 143, BP 78/40, SpO2 88%. History: Immunosuppression; kidney function Normal; allergy None known; prior antibiotic exposure in 90d 4; previous resistant organism ESBL. Culture status Positive.",1,0.83119965,1,True Positive
PX-100832,ENC-20250832,True,2025-03-01 16:25:58,Clinical Patient 0833,51,Female,Not applicable,General Medicine,35,Discharged,Catheter-associated UTI,Urinary Tract Infection,K. pneumoniae,38.4,126,125,87,96,18,37.0,CKD,Mild impairment,Moderate impairment,None known,,1,Levofloxacin,14,ESBL,0.256,0.441,44.1,Medium,0.44,0.369,0.205,0.343,0.02,0.08,0.002,-0.02,0.04,0.05,"Clinical explanation: AMR risk is medium with prior antibiotic exposure=1, prior resistant organism=ESBL, and ward resistance rate=25.6%. Review feature attributions before making a clinical decision.",Piperacillin-Tazobactam,Cefepime + Vancomycin,70.1,Renal adjustment review required,Renal adjustment review required,Accept,Clinician accepted the displayed first-line option,Piperacillin-Tazobactam,Positive,2025-03-05 16:25:58,K. pneumoniae,ESBL,Discordant,Improved,No,Renal impairment,"Admitted to General Medicine with Catheter-associated UTI from Urinary Tract Infection. Initial vitals: T 38.4 C, HR 126, BP 125/87, SpO2 96%. History: CKD; kidney function Mild impairment; allergy None known; prior antibiotic exposure in 90d 1; previous resistant organism ESBL. Culture status Positive.",1,0.7594659,1,True Positive
PX-100836,ENC-20250836,True,2025-03-01 23:25:30,Clinical Patient 0837,30,Male,Not applicable,General Medicine,10,Transferred,Complicated intra-abdominal infection,Intra-abdominal Infection,S. aureus,38.4,117,91,56,97,12,40.2,,Normal,Normal,Penicillin,IgE-mediated,2,Ceftriaxone + Azithromycin,28,None known,0.262,0.594,59.4,Medium,0.561,0.21,0.262,0.204,0.06,-0.02,0.003,-0.02,-0.02,0.05,"Clinical explanation: AMR risk is medium with prior antibiotic exposure=2, prior resistant organism=None known, and ward resistance rate=26.2%. Review feature attributions before making a clinical decision.",Piperacillin-Tazobactam,Cefepime + Vancomycin,85.7,No renal adjustment flag,Documented Penicillin allergy,Override,Alternative source-control plan,Clinician-selected regimen,Positive,2025-03-05 23:25:30,S. aureus,MRSA,Concordant,Improved,No,Allergy/safety edge case,"Admitted to General Medicine with Complicated intra-abdominal infection from Intra-abdominal Infection. Initial vitals: T 38.4 C, HR 117, BP 91/56, SpO2 97%. History: None; kidney function Normal; allergy Penicillin; prior antibiotic exposure in 90d 2; previous resistant organism None known. Culture status Positive.",1,0.44624507,0,False Negative (Type II Error - Critical Missed Resistance)
PX-100841,ENC-20250841,True,2025-03-02 09:06:53,Clinical Patient 0842,28,Male,Not applicable,Surgical Ward,1,Active Inpatient,Appendicitis with abscess,Intra-abdominal Infection,Enterococcus faecalis,38.5,101,87,47,96,19,30.3,Heart failure; Immunosuppression,AKI,Severe impairment,None known,,2,Ertapenem,10,None known,0.338,0.741,74.1,High,0.802,0.654,0.611,0.419,0.06,-0.02,0.022,-0.02,0.04,-0.02,"Clinical explanation: AMR risk is high with prior antibiotic exposure=2, prior resistant organism=None known, and ward resistance rate=33.8%. Review feature attributions before making a clinical decision.",Meropenem + Vancomycin,Ceftazidime-Avibactam,66.6,Renal adjustment review required,Renal adjustment review required,Modify,Dose/frequency adjusted after clinical review,Ceftazidime-Avibactam,Positive,2025-03-03 09:06:53,Enterococcus faecalis,MRSA,Concordant,Improved,No,Standard scenario,"Admitted to Surgical Ward with Appendicitis with abscess from Intra-abdominal Infection. Initial vitals: T 38.5 C, HR 101, BP 87/47, SpO2 96%. History: Heart failure; Immunosuppression; kidney function AKI; allergy None known; prior antibiotic exposure in 90d 2; previous resistant organism None known. Culture status Positive.",1,0.5517719,1,True Positive
PX-100842,ENC-20250842,True,2025-03-02 09:11:32,Clinical Patient 0843,52,Male,Not applicable,Emergency Department,26,Active Inpatient,Urosepsis,Urinary Tract Infection,P. aeruginosa,37.8,80,97,65,99,20,26.6,Liver disease,Normal,Mild impairment,None known,,0,None in prior 90 days,0,None known,0.24,0.111,11.1,Low,0.12,0.097,0.059,0.072,-0.02,-0.02,-0.003,-0.02,0.04,-0.02,"Clinical explanation: AMR risk is low with prior antibiotic exposure=0, prior resistant organism=None known, and ward resistance rate=24.0%. Review feature attributions before making a clinical decision.",Ceftriaxone,Cefepime,82.4,No renal adjustment flag,No renal adjustment flag,Accept,Clinician accepted the displayed first-line option,Ceftriaxone,Positive,2025-03-04 09:11:32,P. aeruginosa,None detected,Concordant,Recovered,No,Standard scenario,"Admitted to Emergency Department with Urosepsis from Urinary Tract Infection. Initial vitals: T 37.8 C, HR 80, BP 97/65, SpO2 99%. History: Liver disease; kidney function Normal; allergy None known; prior antibiotic exposure in 90d 0; previous resistant organism None known. Culture status Positive.",0,0.2468132,0,True Negative
PX-100861,ENC-20250861,True,2025-03-03 08:39:32,Clinical Patient 0862,58,Female,Not applicable,ICU,3,Discharged,Pyelonephritis,Urinary Tract Infection,Enterococcus faecalis,39.9,104,106,69,91,23,51.1,CKD; Immunosuppression,Normal,Normal,None known,,0,None prior,0,None known,0.356,0.774,77.4,High,0.61,0.298,0.53,0.193,-0.02,-0.02,0.026,0.06,0.04,0.05,"Clinical explanation: AMR risk is high with prior antibiotic exposure=0, prior resistant organism=None known, and ward resistance rate=35.6%. Review feature attributions before making a clinical decision.",Meropenem + Vancomycin,Ceftazidime-Avibactam,95.5,No renal adjustment flag,No renal adjustment flag,Modify,Dose/frequency adjusted after clinical review,Ceftazidime-Avibactam,Positive,2025-03-07 08:39:32,Enterococcus faecalis,Other MDR,Concordant,Improved,No,Boundary vitals,"Admitted to ICU with Pyelonephritis from Urinary Tract Infection. Initial vitals: T 39.9 C, HR 104, BP 106/69, SpO2 91%. History: CKD; Immunosuppression; kidney function Normal; allergy None known; prior antibiotic exposure in 90d 0; previous resistant organism None known. Culture status Positive.",1,0.4898639,0,False Negative (Type II Error - Critical Missed Resistance)
PX-100883,ENC-20250883,True,2025-03-04 15:25:19,Clinical Patient 0884,68,Male,Not applicable,Emergency Department,3,Active Inpatient,Suspected bacteremia,Bloodstream Infection,Mixed flora,38.3,130,86,55,98,21,28.2,,Normal,Normal,None known,,0,None prior,0,MDR Pseudomonas,0.224,0.417,41.7,Medium,0.332,0.301,0.395,0.166,-0.02,0.08,-0.006,-0.02,-0.02,0.05,"Clinical explanation: AMR risk is medium with prior antibiotic exposure=0, prior resistant organism=MDR Pseudomonas, and ward resistance rate=22.4%. Review feature attributions before making a clinical decision.",Piperacillin-Tazobactam,Cefepime + Vancomycin,73.9,No renal adjustment flag,No renal adjustment flag,Override,Alternative source-control plan,Clinician-selected regimen,Positive,2025-03-08 15:25:19,K. pneumoniae,None detected,Concordant,Recovered,No,Prior resistant organism,"Admitted to Emergency Department with Suspected bacteremia from Bloodstream Infection. Initial vitals: T 38.3 C, HR 130, BP 86/55, SpO2 98%. History: None; kidney function Normal; allergy None known; prior antibiotic exposure in 90d 0; previous resistant organism MDR Pseudomonas. Culture status Positive.",0,0.5840515,1,False Positive (Type I Error)
PX-100892,ENC-20250892,True,2025-03-05 00:52:22,Clinical Patient 0893,66,Male,Not applicable,General Medicine,3,Active Inpatient,Biliary tract infection,Intra-abdominal Infection,Enterococcus faecalis,37.5,90,103,77,99,18,80.3,COPD,Normal,Mild impairment,None known,,2,Vancomycin,14,None known,0.315,0.596,59.6,Medium,0.626,0.428,0.497,0.351,0.06,-0.02,0.016,-0.02,0.04,-0.02,"Clinical explanation: AMR risk is medium with prior antibiotic exposure=2, prior resistant organism=None known, and ward resistance rate=31.5%. Review feature attributions before making a clinical decision.",Piperacillin-Tazobactam,Cefepime + Vancomycin,89.6,No renal adjustment flag,No renal adjustment flag,Accept,Clinician accepted the displayed first-line option,Piperacillin-Tazobactam,Positive,2025-03-08 00:52:22,Enterococcus faecalis,Other MDR,Concordant,Escalated care,Yes,Standard scenario,"Admitted to General Medicine with Biliary tract infection from Intra-abdominal Infection. Initial vitals: T 37.5 C, HR 90, BP 103/77, SpO2 99%. History: COPD; kidney function Normal; allergy None known; prior antibiotic exposure in 90d 2; previous resistant organism None known. Culture status Positive.",1,0.5915815,1,True Positive
PX-100895,ENC-20250895,True,2025-03-05 03:24:43,Clinical Patient 0896,57,Female,Not applicable,Surgical Ward,4,Discharged,Complicated intra-abdominal infection,Intra-abdominal Infection,Mixed flora,37.0,77,117,68,94,17,38.3,Diabetes; Hypertension; Immunosuppression,Normal,Normal,Penicillin,Mild/rash,1,Ceftriaxone + Azithromycin,7,MRSA,0.356,0.798,79.8,High,0.861,0.655,0.539,0.397,0.02,0.08,0.026,-0.02,0.04,-0.02,"Clinical explanation: AMR risk is high with prior antibiotic exposure=1, prior resistant organism=MRSA, and ward resistance rate=35.6%. Review feature attributions before making a clinical decision.",Meropenem + Vancomycin,Ceftazidime-Avibactam,79.1,No renal adjustment flag,Documented Penicillin allergy,Pending,Decision not yet recorded,Clinician-selected regimen,Positive,2025-03-06 03:24:43,Enterococcus faecalis,Other MDR,Concordant,Improved,No,Allergy/safety edge case,"Admitted to Surgical Ward with Complicated intra-abdominal infection from Intra-abdominal Infection. Initial vitals: T 37.0 C, HR 77, BP 117/68, SpO2 94%. History: Diabetes; Hypertension; Immunosuppression; kidney function Normal; allergy Penicillin; prior antibiotic exposure in 90d 1; previous resistant organism MRSA. Culture status Positive.",1,0.7823793,1,True Positive
PX-100908,ENC-20250908,True,2025-03-06 07:27:32,Clinical Patient 0909,89,Male,Not applicable,General Medicine,14,Active Inpatient,Severe HAP,Hospital-Acquired Pneumonia,Enterobacter cloacae complex,38.1,114,94,44,90,29,25.2,CKD; Heart failure,Normal,Normal,None known,,0,None prior,0,None known,0.295,0.399,39.9,Medium,0.429,0.302,0.37,0.313,-0.02,-0.02,0.011,-0.02,0.04,0.05,"Clinical explanation: AMR risk is medium with prior antibiotic exposure=0, prior resistant organism=None known, and ward resistance rate=29.5%. Review feature attributions before making a clinical decision.",Piperacillin-Tazobactam,Cefepime + Vancomycin,78.2,No renal adjustment flag,No renal adjustment flag,Accept,Clinician accepted the displayed first-line option,Piperacillin-Tazobactam,Positive,2025-03-09 07:27:32,Enterobacter cloacae complex,None detected,Concordant,Improved,No,Standard scenario,"Admitted to General Medicine with Severe HAP from Hospital-Acquired Pneumonia. Initial vitals: T 38.1 C, HR 114, BP 94/44, SpO2 90%. History: CKD; Heart failure; kidney function Normal; allergy None known; prior antibiotic exposure in 90d 0; previous resistant organism None known. Culture status Positive.",0,0.39233407,0,True Negative
PX-100915,ENC-20250915,True,2025-03-06 18:35:26,Clinical Patient 0916,67,Male,Not applicable,General Medicine,26,Active Inpatient,Appendicitis with abscess,Intra-abdominal Infection,No organism identified,40.2,106,81,50,95,15,29.7,,Mild impairment,Moderate impairment,None known,,2,Ceftriaxone + Azithromycin,28,None known,0.253,0.289,28.9,Low,0.287,0.155,0.208,0.088,0.06,-0.02,0.001,-0.02,-0.02,0.05,"Clinical explanation: AMR risk is low with prior antibiotic exposure=2, prior resistant organism=None known, and ward resistance rate=25.3%. Review feature attributions before making a clinical decision.",Ceftriaxone,Cefepime,95.1,Renal adjustment review required,Renal adjustment review required,Accept,Clinician accepted the displayed first-line option,Ceftriaxone,Positive,2025-03-07 18:35:26,E. coli,None detected,Concordant,Treatment modified after deterioration,Yes,Renal impairment,"Admitted to General Medicine with Appendicitis with abscess from Intra-abdominal Infection. Initial vitals: T 40.2 C, HR 106, BP 81/50, SpO2 95%. History: None; kidney function Mild impairment; allergy None known; prior antibiotic exposure in 90d 2; previous resistant organism None known. Culture status Positive.",0,0.55209714,1,False Positive (Type I Error)
PX-100929,ENC-20250929,True,2025-03-08 07:46:25,Clinical Patient 0930,63,Female,Not applicable,Surgical Ward,29,Active Inpatient,Complicated UTI,Urinary Tract Infection,P. aeruginosa,38.4,134,80,55,92,19,123.1,Immunosuppression,Normal,Normal,Vancomycin,Anaphylaxis,5,Piperacillin-Tazobactam,28,MDR Pseudomonas,0.294,0.936,93.6,High,0.844,0.435,0.656,0.489,0.18,0.08,0.011,-0.02,0.04,0.05,"Clinical explanation: AMR risk is high with prior antibiotic exposure=5, prior resistant organism=MDR Pseudomonas, and ward resistance rate=29.4%. Review feature attributions before making a clinical decision.",Meropenem + Vancomycin,Ceftazidime-Avibactam,78.2,No renal adjustment flag,Documented Vancomycin allergy,Override,Alternative source-control plan,Clinician-selected regimen,Positive,2025-03-09 07:46:25,P. aeruginosa,MDR Pseudomonas,Concordant,Recovered,No,Allergy/safety edge case,"Admitted to Surgical Ward with Complicated UTI from Urinary Tract Infection. Initial vitals: T 38.4 C, HR 134, BP 80/55, SpO2 92%. History: Immunosuppression; kidney function Normal; allergy Vancomycin; prior antibiotic exposure in 90d 5; previous resistant organism MDR Pseudomonas. Culture status Positive.",1,0.8197893,1,True Positive
PX-100943,ENC-20250943,True,2025-03-09 16:08:19,Clinical Patient 0944,52,Female,Not applicable,Surgical Ward,28,Active Inpatient,HAP,Hospital-Acquired Pneumonia,S. pneumoniae,38.7,128,90,54,90,28,147.1,CKD; Cancer; Hypertension,Normal,Normal,Penicillin,IgE-mediated,2,Ciprofloxacin,14,None known,0.429,0.862,86.2,High,0.71,0.352,0.639,0.54,0.06,-0.02,0.045,-0.02,0.04,0.05,"Clinical explanation: AMR risk is high with prior antibiotic exposure=2, prior resistant organism=None known, and ward resistance rate=42.9%. Review feature attributions before making a clinical decision.",Meropenem + Vancomycin,Ceftazidime-Avibactam,84.8,No renal adjustment flag,Documented Penicillin allergy,Accept,Clinician accepted the displayed first-line option,Meropenem + Vancomycin,Positive,2025-03-13 16:08:19,S. pneumoniae,Other MDR,Concordant,Improved,No,Allergy/safety edge case,"Admitted to Surgical Ward with HAP from Hospital-Acquired Pneumonia. Initial vitals: T 38.7 C, HR 128, BP 90/54, SpO2 90%. History: CKD; Cancer; Hypertension; kidney function Normal; allergy Penicillin; prior antibiotic exposure in 90d 2; previous resistant organism None known. Culture status Positive.",1,0.7242815,1,True Positive
PX-100951,ENC-20250951,True,2025-03-10 09:02:06,Clinical Patient 0952,74,Female,Not applicable,General Medicine,35,Active Inpatient,HAP,Hospital-Acquired Pneumonia,S. pneumoniae,35.9,105,84,45,87,24,19.9,Heart failure,Normal,Normal,Cephalosporin,Anaphylaxis,1,Meropenem,21,None known,0.31,0.589,58.9,Medium,0.577,0.423,0.38,0.141,0.02,-0.02,0.015,-0.02,0.04,-0.02,"Clinical explanation: AMR risk is medium with prior antibiotic exposure=1, prior resistant organism=None known, and ward resistance rate=31.0%. Review feature attributions before making a clinical decision.",Piperacillin-Tazobactam,Cefepime + Vancomycin,86.9,No renal adjustment flag,Documented Cephalosporin allergy,Accept,Clinician accepted the displayed first-line option,Piperacillin-Tazobactam,Positive,2025-03-12 09:02:06,S. pneumoniae,ESBL,Concordant,Improved,No,Allergy/safety edge case,"Admitted to General Medicine with HAP from Hospital-Acquired Pneumonia. Initial vitals: T 35.9 C, HR 105, BP 84/45, SpO2 87%. History: Heart failure; kidney function Normal; allergy Cephalosporin; prior antibiotic exposure in 90d 1; previous resistant organism None known. Culture status Positive.",1,0.6696565,1,True Positive
PX-100956,ENC-20250956,True,2025-03-10 16:24:21,Clinical Patient 0957,70,Female,Not applicable,Surgical Ward,14,Discharged,Late-onset VAP,Ventilator-Associated Pneumonia,Mixed flora,37.8,105,104,59,92,17,21.0,Hypertension,Normal,Normal,None known,,1,Ciprofloxacin,21,ESBL,0.353,0.896,89.6,High,0.809,0.464,0.385,0.422,0.02,0.08,0.026,-0.02,0.04,-0.02,"Clinical explanation: AMR risk is high with prior antibiotic exposure=1, prior resistant organism=ESBL, and ward resistance rate=35.3%. Review feature attributions before making a clinical decision.",Meropenem + Vancomycin,Ceftazidime-Avibactam,91.5,No renal adjustment flag,No renal adjustment flag,Accept,Clinician accepted the displayed first-line option,Meropenem + Vancomycin,Positive,2025-03-12 16:24:21,P. aeruginosa,MDR Pseudomonas,Concordant,Improved,No,Prior resistant organism,"Admitted to Surgical Ward with Late-onset VAP from Ventilator-Associated Pneumonia. Initial vitals: T 37.8 C, HR 105, BP 104/59, SpO2 92%. History: Hypertension; kidney function Normal; allergy None known; prior antibiotic exposure in 90d 1; previous resistant organism ESBL. Culture status Positive.",1,0.86934257,1,True Positive
PX-100964,ENC-20250964,True,2025-03-11 09:10:02,Clinical Patient 0965,66,Male,Not applicable,ICU,23,Active Inpatient,HAP,Hospital-Acquired Pneumonia,Enterococcus faecalis,39.7,130,91,55,89,29,47.8,,Normal,Normal,None known,,0,None in prior 90 days,0,None known,0.414,0.343,34.3,Medium,0.293,0.263,0.323,0.27,-0.02,-0.02,0.041,0.06,-0.02,0.05,"Clinical explanation: AMR risk is medium with prior antibiotic exposure=0, prior resistant organism=None known, and ward resistance rate=41.4%. Review feature attributions before making a clinical decision.",Piperacillin-Tazobactam,Cefepime + Vancomycin,66.6,No renal adjustment flag,No renal adjustment flag,Override,Alternative source-control plan,Clinician-selected regimen,Positive,2025-03-12 09:10:02,Enterococcus faecalis,MRSA,Discordant,Improved,No,Boundary vitals,"Admitted to ICU with HAP from Hospital-Acquired Pneumonia. Initial vitals: T 39.7 C, HR 130, BP 91/55, SpO2 89%. History: None; kidney function Normal; allergy None known; prior antibiotic exposure in 90d 0; previous resistant organism None known. Culture status Positive.",1,0.50855005,1,True Positive
PX-100979,ENC-20250979,True,2025-03-13 00:27:42,Clinical Patient 0980,72,Male,Not applicable,General Medicine,21,Active Inpatient,Complicated intra-abdominal infection,Intra-abdominal Infection,S. aureus,37.2,79,104,59,95,20,6.6,Cancer; Immunosuppression,Moderate impairment,Normal,Penicillin,Mild/rash,1,Azithromycin,14,None known,0.207,0.63,63.0,High,0.619,0.547,0.425,0.461,0.02,-0.02,-0.011,-0.02,0.04,-0.02,"Clinical explanation: AMR risk is high with prior antibiotic exposure=1, prior resistant organism=None known, and ward resistance rate=20.7%. Review feature attributions before making a clinical decision.",Meropenem + Vancomycin,Ceftazidime-Avibactam,93.0,Renal adjustment review required,Documented Penicillin allergy | Renal adjustment review required,Accept,Clinician accepted the displayed first-line option,Meropenem + Vancomycin,Positive,2025-03-17 00:27:42,S. aureus,MRSA,Concordant,Treatment modified after deterioration,Yes,Renal impairment,"Admitted to General Medicine with Complicated intra-abdominal infection from Intra-abdominal Infection. Initial vitals: T 37.2 C, HR 79, BP 104/59, SpO2 95%. History: Cancer; Immunosuppression; kidney function Moderate impairment; allergy Penicillin; prior antibiotic exposure in 90d 1; previous resistant organism None known. Culture status Positive.",1,0.4649611,0,False Negative (Type II Error - Critical Missed Resistance)
PX-100980,ENC-20250980,True,2025-03-13 00:40:21,Clinical Patient 0981,81,Female,Not applicable,ICU,18,Active Inpatient,Aspiration pneumonia,Community-Acquired Pneumonia,S. aureus,38.3,119,102,56,99,26,29.5,,Normal,Normal,Penicillin,IgE-mediated,5,Ceftriaxone + Azithromycin,10,None known,0.404,0.775,77.5,High,0.636,0.623,0.546,0.318,0.18,-0.02,0.039,0.06,-0.02,0.05,"Clinical explanation: AMR risk is high with prior antibiotic exposure=5, prior resistant organism=None known, and ward resistance rate=40.4%. Review feature attributions before making a clinical decision.",Meropenem + Vancomycin,Ceftazidime-Avibactam,72.6,No renal adjustment flag,Documented Penicillin allergy,Modify,Dose/frequency adjusted after clinical review,Ceftazidime-Avibactam,Positive,2025-03-15 00:40:21,S. aureus,MRSA,Concordant,Recovered,No,Allergy/safety edge case,"Admitted to ICU with Aspiration pneumonia from Community-Acquired Pneumonia. Initial vitals: T 38.3 C, HR 119, BP 102/56, SpO2 99%. History: None; kidney function Normal; allergy Penicillin; prior antibiotic exposure in 90d 5; previous resistant organism None known. Culture status Positive.",1,0.68645793,1,True Positive
PX-100989,ENC-20250989,True,2025-03-13 16:37:04,Clinical Patient 0990,85,Female,Not applicable,General Medicine,30,Active Inpatient,Complicated intra-abdominal infection,Intra-abdominal Infection,S. pneumoniae,38.7,70,152,86,97,16,69.2,Liver disease,AKI,Normal,None known,,0,None prior,0,None known,0.297,0.39,39.0,Medium,0.374,0.322,0.264,0.2,-0.02,-0.02,0.012,-0.02,0.04,0.05,"Clinical explanation: AMR risk is medium with prior antibiotic exposure=0, prior resistant organism=None known, and ward resistance rate=29.7%. Review feature attributions before making a clinical decision.",Piperacillin-Tazobactam,Cefepime + Vancomycin,84.0,Renal adjustment review required,Renal adjustment review required,Modify,Dose/frequency adjusted after clinical review,Cefepime + Vancomycin,Positive,2025-03-14 16:37:04,S. pneumoniae,None detected,Concordant,Recovered,No,Standard scenario,"Admitted to General Medicine with Complicated intra-abdominal infection from Intra-abdominal Infection. Initial vitals: T 38.7 C, HR 70, BP 152/86, SpO2 97%. History: Liver disease; kidney function AKI; allergy None known; prior antibiotic exposure in 90d 0; previous resistant organism None known. Culture status Positive.",0,0.3644019,0,True Negative
PX-101032,ENC-20251032,True,2025-03-16 22:02:53,Clinical Patient 1033,74,Male,Not applicable,ICU,18,Active Inpatient,Complicated intra-abdominal infection,Intra-abdominal Infection,Enterococcus faecalis,39.9,122,99,60,96,17,59.7,,Normal,Mild impairment,None known,,1,Azithromycin,28,None known,0.338,0.616,61.6,High,0.475,0.32,0.574,0.488,0.02,-0.02,0.022,0.06,-0.02,0.05,"Clinical explanation: AMR risk is high with prior antibiotic exposure=1, prior resistant organism=None known, and ward resistance rate=33.8%. Review feature attributions before making a clinical decision.",Meropenem + Vancomycin,Ceftazidime-Avibactam,67.9,No renal adjustment flag,No renal adjustment flag,Accept,Clinician accepted the displayed first-line option,Meropenem + Vancomycin,Positive,2025-03-19 22:02:53,Enterococcus faecalis,None detected,Discordant,Recovered,No,Boundary vitals,"Admitted to ICU with Complicated intra-abdominal infection from Intra-abdominal Infection. Initial vitals: T 39.9 C, HR 122, BP 99/60, SpO2 96%. History: None; kidney function Normal; allergy None known; prior antibiotic exposure in 90d 1; previous resistant organism None known. Culture status Positive.",0,0.6342442,1,False Positive (Type I Error)
PX-101043,ENC-20251043,True,2025-03-17 19:08:14,Clinical Patient 1044,47,Female,No,ICU,24,Active Inpatient,Cellulitis,Skin/Soft Tissue Infection,Enterobacter cloacae complex,36.1,95,104,64,93,22,72.3,,Mild impairment,Normal,None known,,5,Vancomycin,5,None known,0.415,0.349,34.9,Medium,0.356,0.301,0.306,0.204,0.18,-0.02,0.041,0.06,-0.02,-0.02,"Clinical explanation: AMR risk is medium with prior antibiotic exposure=5, prior resistant organism=None known, and ward resistance rate=41.5%. Review feature attributions before making a clinical decision.",Piperacillin-Tazobactam,Cefepime + Vancomycin,95.7,Renal adjustment review required,Renal adjustment review required,Override,Alternative source-control plan,Clinician-selected regimen,Positive,2025-03-21 19:08:14,Enterobacter cloacae complex,None detected,Concordant,Escalated care,Yes,Renal impairment,"Admitted to ICU with Cellulitis from Skin/Soft Tissue Infection. Initial vitals: T 36.1 C, HR 95, BP 104/64, SpO2 93%. History: None; kidney function Mild impairment; allergy None known; prior antibiotic exposure in 90d 5; previous resistant organism None known. Culture status Positive.",0,0.657874,1,False Positive (Type I Error)
PX-101058,ENC-20251058,True,2025-03-19 02:34:24,Clinical Patient 1059,58,Female,Not applicable,Surgical Ward,39,Transferred,CAP,Community-Acquired Pneumonia,P. aeruginosa,39.3,143,99,52,93,26,24.9,Immunosuppression,Normal,Normal,Penicillin,Mild/rash,2,Ceftriaxone + Azithromycin,7,None known,0.316,0.537,53.7,Medium,0.588,0.169,0.341,0.409,0.06,-0.02,0.017,-0.02,0.04,0.05,"Clinical explanation: AMR risk is medium with prior antibiotic exposure=2, prior resistant organism=None known, and ward resistance rate=31.6%. Review feature attributions before making a clinical decision.",Piperacillin-Tazobactam,Cefepime + Vancomycin,65.0,No renal adjustment flag,Documented Penicillin allergy,Accept,Clinician accepted the displayed first-line option,Piperacillin-Tazobactam,Positive,2025-03-21 02:34:24,P. aeruginosa,MDR Pseudomonas,Concordant,No documented outcome,No,Allergy/safety edge case,"Admitted to Surgical Ward with CAP from Community-Acquired Pneumonia. Initial vitals: T 39.3 C, HR 143, BP 99/52, SpO2 93%. History: Immunosuppression; kidney function Normal; allergy Penicillin; prior antibiotic exposure in 90d 2; previous resistant organism None known. Culture status Positive.",1,0.5755442,1,True Positive
PX-101096,ENC-20251096,True,2025-03-21 15:53:19,Clinical Patient 1097,55,Female,Not applicable,Surgical Ward,32,Discharged,Complicated skin infection,Skin/Soft Tissue Infection,Enterococcus faecalis,36.6,82,100,64,93,18,16.2,Hypertension; Immunosuppression,Normal,Normal,None known,,0,None prior,0,None known,0.366,0.232,23.2,Low,0.254,0.174,0.115,0.148,-0.02,-0.02,0.029,-0.02,0.04,-0.02,"Clinical explanation: AMR risk is low with prior antibiotic exposure=0, prior resistant organism=None known, and ward resistance rate=36.6%. Review feature attributions before making a clinical decision.",Ceftriaxone,Cefepime,66.5,No renal adjustment flag,No renal adjustment flag,Pending,Decision not yet recorded,Clinician-selected regimen,Positive,2025-03-24 15:53:19,Enterococcus faecalis,None detected,Concordant,Improved,No,Standard scenario,"Admitted to Surgical Ward with Complicated skin infection from Skin/Soft Tissue Infection. Initial vitals: T 36.6 C, HR 82, BP 100/64, SpO2 93%. History: Hypertension; Immunosuppression; kidney function Normal; allergy None known; prior antibiotic exposure in 90d 0; previous resistant organism None known. Culture status Positive.",0,0.31310907,0,True Negative
PX-101118,ENC-20251118,True,2025-03-22 18:22:20,Clinical Patient 1119,31,Male,Not applicable,General Medicine,37,Active Inpatient,Complicated intra-abdominal infection,Intra-abdominal Infection,S. aureus,39.0,64,132,72,93,17,15.2,Hypertension,Normal,Normal,None known,,1,Ceftriaxone + Azithromycin,3,None known,0.252,0.143,14.3,Low,0.134,0.085,0.085,0.041,0.02,-0.02,0.001,-0.02,0.04,0.05,"Clinical explanation: AMR risk is low with prior antibiotic exposure=1, prior resistant organism=None known, and ward resistance rate=25.2%. Review feature attributions before making a clinical decision.",Ceftriaxone,Cefepime,76.3,No renal adjustment flag,No renal adjustment flag,Override,Alternative source-control plan,Clinician-selected regimen,Positive,2025-03-24 18:22:20,S. aureus,MRSA,Discordant,Recovered,No,Standard scenario,"Admitted to General Medicine with Complicated intra-abdominal infection from Intra-abdominal Infection. Initial vitals: T 39.0 C, HR 64, BP 132/72, SpO2 93%. History: Hypertension; kidney function Normal; allergy None known; prior antibiotic exposure in 90d 1; previous resistant organism None known. Culture status Positive.",1,0.26287827,0,False Negative (Type II Error - Critical Missed Resistance)
PX-101131,ENC-20251131,True,2025-03-23 13:11:40,Clinical Patient 1132,52,Male,Not applicable,General Medicine,32,Active Inpatient,Diverticulitis with perforation,Intra-abdominal Infection,S. pneumoniae,39.1,74,116,66,96,17,19.4,COPD,Mild impairment,Mild impairment,None known,,0,None in prior 90 days,0,ESBL,0.231,0.527,52.7,Medium,0.382,0.388,0.358,0.36,-0.02,0.08,-0.005,-0.02,0.04,0.05,"Clinical explanation: AMR risk is medium with prior antibiotic exposure=0, prior resistant organism=ESBL, and ward resistance rate=23.1%. Review feature attributions before making a clinical decision.",Piperacillin-Tazobactam,Cefepime + Vancomycin,81.0,Renal adjustment review required,Renal adjustment review required,Accept,Clinician accepted the displayed first-line option,Piperacillin-Tazobactam,Positive,2025-03-24 13:11:40,S. pneumoniae,Other MDR,Concordant,Treatment modified after deterioration,Yes,Renal impairment,"Admitted to General Medicine with Diverticulitis with perforation from Intra-abdominal Infection. Initial vitals: T 39.1 C, HR 74, BP 116/66, SpO2 96%. History: COPD; kidney function Mild impairment; allergy None known; prior antibiotic exposure in 90d 0; previous resistant organism ESBL. Culture status Positive.",1,0.5508032,1,True Positive
PX-101151,ENC-20251151,True,2025-03-25 02:16:31,Clinical Patient 1152,61,Female,Not applicable,General Medicine,29,Active Inpatient,Complicated intra-abdominal infection,Intra-abdominal Infection,P. aeruginosa,37.7,103,151,88,96,18,17.3,COPD; Immunosuppression,Normal,Normal,Unknown,,0,None in prior 90 days,0,None known,0.367,0.576,57.6,Medium,0.606,0.211,0.327,0.372,-0.02,-0.02,0.029,-0.02,0.04,-0.02,"Clinical explanation: AMR risk is medium with prior antibiotic exposure=0, prior resistant organism=None known, and ward resistance rate=36.7%. Review feature attributions before making a clinical decision.",Piperacillin-Tazobactam,Cefepime + Vancomycin,84.2,No renal adjustment flag,No renal adjustment flag,Override,Alternative source-control plan,Clinician-selected regimen,Positive,2025-03-27 02:16:31,P. aeruginosa,MDR Pseudomonas,Concordant,Improved,No,Standard scenario,"Admitted to General Medicine with Complicated intra-abdominal infection from Intra-abdominal Infection. Initial vitals: T 37.7 C, HR 103, BP 151/88, SpO2 96%. History: COPD; Immunosuppression; kidney function Normal; allergy Unknown; prior antibiotic exposure in 90d 0; previous resistant organism None known. Culture status Positive.",1,0.31707913,0,False Negative (Type II Error - Critical Missed Resistance)
PX-101155,ENC-20251155,True,2025-03-25 08:04:22,Clinical Patient 1156,62,Female,Not applicable,Surgical Ward,20,Active Inpatient,HAP,Hospital-Acquired Pneumonia,S. aureus,38.5,121,101,59,92,26,100.8,,Mild impairment,Normal,None known,,1,Ciprofloxacin,21,MRSA,0.237,0.892,89.2,High,0.944,0.297,0.873,0.431,0.02,0.08,-0.003,-0.02,-0.02,0.05,"Clinical explanation: AMR risk is high with prior antibiotic exposure=1, prior resistant organism=MRSA, and ward resistance rate=23.7%. Review feature attributions before making a clinical decision.",Meropenem + Vancomycin,Ceftazidime-Avibactam,78.6,Renal adjustment review required,Renal adjustment review required,Pending,Decision not yet recorded,Clinician-selected regimen,Positive,2025-03-29 08:04:22,S. aureus,MRSA,Concordant,Recovered,No,Renal impairment,"Admitted to Surgical Ward with HAP from Hospital-Acquired Pneumonia. Initial vitals: T 38.5 C, HR 121, BP 101/59, SpO2 92%. History: None; kidney function Mild impairment; allergy None known; prior antibiotic exposure in 90d 1; previous resistant organism MRSA. Culture status Positive.",1,0.8554597,1,True Positive
PX-101158,ENC-20251158,True,2025-03-25 13:19:15,Clinical Patient 1159,68,Male,Not applicable,Emergency Department,29,Active Inpatient,HAP,Hospital-Acquired Pneumonia,No organism identified,37.7,94,117,76,85,24,175.8,COPD,Normal,Moderate impairment,None known,,0,None prior,0,ESBL,0.203,0.822,82.2,High,0.615,0.58,0.748,0.342,-0.02,0.08,-0.012,-0.02,0.04,-0.02,"Clinical explanation: AMR risk is high with prior antibiotic exposure=0, prior resistant organism=ESBL, and ward resistance rate=20.3%. Review feature attributions before making a clinical decision.",Meropenem + Vancomycin,Ceftazidime-Avibactam,75.9,No renal adjustment flag,No renal adjustment flag,Override,Alternative source-control plan,Clinician-selected regimen,Positive,2025-03-28 13:19:15,P. aeruginosa,MDR Pseudomonas,Concordant,No documented outcome,No,Prior resistant organism,"Admitted to Emergency Department with HAP from Hospital-Acquired Pneumonia. Initial vitals: T 37.7 C, HR 94, BP 117/76, SpO2 85%. History: COPD; kidney function Normal; allergy None known; prior antibiotic exposure in 90d 0; previous resistant organism ESBL. Culture status Positive.",1,0.67659545,1,True Positive
PX-101159,ENC-20251159,True,2025-03-25 14:00:26,Clinical Patient 1160,79,Male,Not applicable,General Medicine,10,Active Inpatient,Cellulitis,Skin/Soft Tissue Infection,Mixed flora,39.0,85,126,69,94,19,20.4,Diabetes,Severe impairment,Normal,Multiple antibiotics,IgE-mediated,0,None prior,0,None known,0.213,0.263,26.3,Low,0.264,0.128,0.186,0.13,-0.02,-0.02,-0.009,-0.02,0.04,0.05,"Clinical explanation: AMR risk is low with prior antibiotic exposure=0, prior resistant organism=None known, and ward resistance rate=21.3%. Review feature attributions before making a clinical decision.",Ceftriaxone,Cefepime,73.3,Renal adjustment review required,Documented Multiple antibiotics allergy | Renal adjustment review required,Accept,Clinician accepted the displayed first-line option,Ceftriaxone,Positive,2025-03-27 14:00:26,Enterococcus faecalis,Other MDR,Discordant,Improved,No,Renal impairment,"Admitted to General Medicine with Cellulitis from Skin/Soft Tissue Infection. Initial vitals: T 39.0 C, HR 85, BP 126/69, SpO2 94%. History: Diabetes; kidney function Severe impairment; allergy Multiple antibiotics; prior antibiotic exposure in 90d 0; previous resistant organism None known. Culture status Positive.",1,0.2577417,0,False Negative (Type II Error - Critical Missed Resistance)
PX-101163,ENC-20251163,True,2025-03-26 07:09:37,Clinical Patient 1164,43,Female,No,General Medicine,20,Active Inpatient,Suspected bacteremia,Bloodstream Infection,S. pneumoniae,36.2,119,102,56,92,14,47.9,CKD; Liver disease,Normal,Normal,None known,,2,Vancomycin,10,ESBL,0.233,0.893,89.3,High,0.636,0.52,0.607,0.651,0.06,0.08,-0.004,-0.02,0.04,0.05,"Clinical explanation: AMR risk is high with prior antibiotic exposure=2, prior resistant organism=ESBL, and ward resistance rate=23.3%. Review feature attributions before making a clinical decision.",Meropenem + Vancomycin,Ceftazidime-Avibactam,72.9,No renal adjustment flag,No renal adjustment flag,Accept,Clinician accepted the displayed first-line option,Meropenem + Vancomycin,Positive,2025-03-29 07:09:37,S. pneumoniae,Other MDR,Concordant,Recovered,No,Prior resistant organism,"Admitted to General Medicine with Suspected bacteremia from Bloodstream Infection. Initial vitals: T 36.2 C, HR 119, BP 102/56, SpO2 92%. History: CKD; Liver disease; kidney function Normal; allergy None known; prior antibiotic exposure in 90d 2; previous resistant organism ESBL. Culture status Positive.",1,0.7329802,1,True Positive
PX-101200,ENC-20251200,True,2025-03-29 17:50:02,Clinical Patient 1201,67,Male,Not applicable,General Medicine,23,Discharged,Deep incisional SSI,Surgical Site Infection,P. aeruginosa,37.9,99,132,77,96,17,39.2,Immunosuppression; Liver disease,Normal,Normal,None known,,0,None in prior 90 days,0,ESBL,0.205,0.537,53.7,Medium,0.459,0.261,0.269,0.114,-0.02,0.08,-0.011,-0.02,0.04,-0.02,"Clinical explanation: AMR risk is medium with prior antibiotic exposure=0, prior resistant organism=ESBL, and ward resistance rate=20.5%. Review feature attributions before making a clinical decision.",Piperacillin-Tazobactam,Cefepime + Vancomycin,72.1,No renal adjustment flag,No renal adjustment flag,Accept,Clinician accepted the displayed first-line option,Piperacillin-Tazobactam,Positive,2025-03-30 17:50:02,P. aeruginosa,MDR Pseudomonas,Concordant,Improved,No,Prior resistant organism,"Admitted to General Medicine with Deep incisional SSI from Surgical Site Infection. Initial vitals: T 37.9 C, HR 99, BP 132/77, SpO2 96%. History: Immunosuppression; Liver disease; kidney function Normal; allergy None known; prior antibiotic exposure in 90d 0; previous resistant organism ESBL. Culture status Positive.",1,0.59074664,1,True Positive
PX-101207,ENC-20251207,True,2025-03-30 00:38:22,Clinical Patient 1208,28,Male,Not applicable,Surgical Ward,36,Discharged,CAP,Community-Acquired Pneumonia,Enterococcus faecalis,39.3,84,161,97,91,25,6.9,COPD; Diabetes,Normal,Normal,None known,,0,None prior,0,None known,0.227,0.131,13.1,Low,0.139,0.099,0.058,0.071,-0.02,-0.02,-0.006,-0.02,0.04,0.05,"Clinical explanation: AMR risk is low with prior antibiotic exposure=0, prior resistant organism=None known, and ward resistance rate=22.7%. Review feature attributions before making a clinical decision.",Ceftriaxone,Cefepime,94.8,No renal adjustment flag,No renal adjustment flag,Accept,Clinician accepted the displayed first-line option,Ceftriaxone,Positive,2025-04-02 00:38:22,Enterococcus faecalis,MRSA,Discordant,Improved,No,Standard scenario,"Admitted to Surgical Ward with CAP from Community-Acquired Pneumonia. Initial vitals: T 39.3 C, HR 84, BP 161/97, SpO2 91%. History: COPD; Diabetes; kidney function Normal; allergy None known; prior antibiotic exposure in 90d 0; previous resistant organism None known. Culture status Positive.",1,0.25325695,0,False Negative (Type II Error - Critical Missed Resistance)
PX-101244,ENC-20251244,True,2025-04-02 02:44:37,Clinical Patient 1245,76,Female,Not applicable,ICU,22,Active Inpatient,CAP,Community-Acquired Pneumonia,Enterococcus faecalis,35.6,102,104,67,88,28,54.9,Cancer,Normal,Mild impairment,None known,,0,None prior,0,None known,0.573,0.824,82.4,High,0.799,0.688,0.388,0.233,-0.02,-0.02,0.081,0.06,0.04,-0.02,"Clinical explanation: AMR risk is high with prior antibiotic exposure=0, prior resistant organism=None known, and ward resistance rate=57.3%. Review feature attributions before making a clinical decision.",Meropenem + Vancomycin,Ceftazidime-Avibactam,84.5,No renal adjustment flag,No renal adjustment flag,Modify,Dose/frequency adjusted after clinical review,Ceftazidime-Avibactam,Positive,2025-04-03 02:44:37,Enterococcus faecalis,ESBL,Concordant,Recovered,No,Standard scenario,"Admitted to ICU with CAP from Community-Acquired Pneumonia. Initial vitals: T 35.6 C, HR 102, BP 104/67, SpO2 88%. History: Cancer; kidney function Normal; allergy None known; prior antibiotic exposure in 90d 0; previous resistant organism None known. Culture status Positive.",1,0.70508677,1,True Positive
PX-101284,ENC-20251284,True,2025-04-05 04:58:00,Clinical Patient 1285,71,Female,Not applicable,Emergency Department,38,Active Inpatient,Catheter-associated UTI,Urinary Tract Infection,Enterococcus faecalis,37.3,59,113,70,96,19,10.2,Cancer,Normal,Mild impairment,None known,,0,None in prior 90 days,0,None known,0.124,0.29,29.0,Low,0.257,0.131,0.117,0.209,-0.02,-0.02,-0.032,-0.02,0.04,-0.02,"Clinical explanation: AMR risk is low with prior antibiotic exposure=0, prior resistant organism=None known, and ward resistance rate=12.4%. Review feature attributions before making a clinical decision.",Ceftriaxone,Cefepime,93.2,No renal adjustment flag,No renal adjustment flag,Accept,Clinician accepted the displayed first-line option,Ceftriaxone,Positive,2025-04-07 04:58:00,Enterococcus faecalis,None detected,Concordant,Improved,No,Standard scenario,"Admitted to Emergency Department with Catheter-associated UTI from Urinary Tract Infection. Initial vitals: T 37.3 C, HR 59, BP 113/70, SpO2 96%. History: Cancer; kidney function Normal; allergy None known; prior antibiotic exposure in 90d 0; previous resistant organism None known. Culture status Positive.",0,0.28341496,0,True Negative
PX-101287,ENC-20251287,True,2025-04-05 08:45:13,Clinical Patient 1288,56,Male,Not applicable,Emergency Department,33,Transferred,Biliary tract infection,Intra-abdominal Infection,E. coli,38.9,84,121,74,95,19,10.6,,Mild impairment,Normal,None known,,0,None prior,0,MRSA,0.137,0.356,35.6,Medium,0.298,0.162,0.226,0.081,-0.02,0.08,-0.028,-0.02,-0.02,0.05,"Clinical explanation: AMR risk is medium with prior antibiotic exposure=0, prior resistant organism=MRSA, and ward resistance rate=13.7%. Review feature attributions before making a clinical decision.",Piperacillin-Tazobactam,Cefepime + Vancomycin,68.6,Renal adjustment review required,Renal adjustment review required,Accept,Clinician accepted the displayed first-line option,Piperacillin-Tazobactam,Positive,2025-04-09 08:45:13,E. coli,ESBL,Discordant,Recovered,No,Renal impairment,"Admitted to Emergency Department with Biliary tract infection from Intra-abdominal Infection. Initial vitals: T 38.9 C, HR 84, BP 121/74, SpO2 95%. History: None; kidney function Mild impairment; allergy None known; prior antibiotic exposure in 90d 0; previous resistant organism MRSA. Culture status Positive.",1,0.52384555,1,True Positive
PX-101300,ENC-20251300,True,2025-04-06 03:40:52,Clinical Patient 1301,84,Male,Not applicable,ICU,20,Discharged,Diverticulitis with perforation,Intra-abdominal Infection,E. coli,38.6,120,97,63,90,22,57.0,Diabetes; Immunosuppression,Normal,Normal,None known,,1,Meropenem,5,None known,0.423,0.729,72.9,High,0.748,0.359,0.612,0.577,0.02,-0.02,0.043,0.06,0.04,0.05,"Clinical explanation: AMR risk is high with prior antibiotic exposure=1, prior resistant organism=None known, and ward resistance rate=42.3%. Review feature attributions before making a clinical decision.",Meropenem + Vancomycin,Ceftazidime-Avibactam,66.4,No renal adjustment flag,No renal adjustment flag,Accept,Clinician accepted the displayed first-line option,Meropenem + Vancomycin,Positive,2025-04-08 03:40:52,E. coli,None detected,Discordant,Treatment modified after deterioration,Yes,Standard scenario,"Admitted to ICU with Diverticulitis with perforation from Intra-abdominal Infection. Initial vitals: T 38.6 C, HR 120, BP 97/63, SpO2 90%. History: Diabetes; Immunosuppression; kidney function Normal; allergy None known; prior antibiotic exposure in 90d 1; previous resistant organism None known. Culture status Positive.",0,0.67178196,1,False Positive (Type I Error)
PX-101318,ENC-20251318,True,2025-04-07 15:46:24,Clinical Patient 1319,69,Female,Not applicable,General Medicine,31,Active Inpatient,Urosepsis,Urinary Tract Infection,P. aeruginosa,38.8,56,140,84,96,17,8.9,Cancer,Normal,Normal,None known,,1,Vancomycin,7,None known,0.243,0.392,39.2,Medium,0.374,0.291,0.171,0.257,0.02,-0.02,-0.002,-0.02,0.04,0.05,"Clinical explanation: AMR risk is medium with prior antibiotic exposure=1, prior resistant organism=None known, and ward resistance rate=24.3%. Review feature attributions before making a clinical decision.",Piperacillin-Tazobactam,Cefepime + Vancomycin,70.9,No renal adjustment flag,No renal adjustment flag,Accept,Clinician accepted the displayed first-line option,Piperacillin-Tazobactam,Positive,2025-04-11 15:46:24,P. aeruginosa,None detected,Concordant,Improved,No,Standard scenario,"Admitted to General Medicine with Urosepsis from Urinary Tract Infection. Initial vitals: T 38.8 C, HR 56, BP 140/84, SpO2 96%. History: Cancer; kidney function Normal; allergy None known; prior antibiotic exposure in 90d 1; previous resistant organism None known. Culture status Positive.",0,0.39385593,0,True Negative
PX-101334,ENC-20251334,True,2025-04-08 18:18:51,Clinical Patient 1335,62,Male,Not applicable,General Medicine,3,Active Inpatient,Cellulitis,Skin/Soft Tissue Infection,Enterobacter cloacae complex,38.6,130,65,49,94,15,36.8,CKD,Normal,Normal,None known,,2,Ceftriaxone + Azithromycin,3,ESBL,0.255,0.633,63.3,High,0.591,0.561,0.328,0.397,0.06,0.08,0.001,-0.02,0.04,0.05,"Clinical explanation: AMR risk is high with prior antibiotic exposure=2, prior resistant organism=ESBL, and ward resistance rate=25.5%. Review feature attributions before making a clinical decision.",Meropenem + Vancomycin,Ceftazidime-Avibactam,65.9,No renal adjustment flag,No renal adjustment flag,Accept,Clinician accepted the displayed first-line option,Meropenem + Vancomycin,Positive,2025-04-09 18:18:51,Enterobacter cloacae complex,CRE,Concordant,Improved,No,Prior resistant organism,"Admitted to General Medicine with Cellulitis from Skin/Soft Tissue Infection. Initial vitals: T 38.6 C, HR 130, BP 65/49, SpO2 94%. History: CKD; kidney function Normal; allergy None known; prior antibiotic exposure in 90d 2; previous resistant organism ESBL. Culture status Positive.",1,0.78964984,1,True Positive
PX-101340,ENC-20251340,True,2025-04-09 04:24:23,Clinical Patient 1341,27,Male,Not applicable,Emergency Department,10,Active Inpatient,Deep incisional SSI,Surgical Site Infection,Enterobacter cloacae complex,39.9,104,67,42,97,18,51.4,,Normal,Mild impairment,None known,,4,Vancomycin,28,None known,0.217,0.781,78.1,High,0.584,0.248,0.495,0.288,0.14,-0.02,-0.008,-0.02,-0.02,0.05,"Clinical explanation: AMR risk is high with prior antibiotic exposure=4, prior resistant organism=None known, and ward resistance rate=21.7%. Review feature attributions before making a clinical decision.",Meropenem + Vancomycin,Ceftazidime-Avibactam,77.9,No renal adjustment flag,No renal adjustment flag,Accept,Clinician accepted the displayed first-line option,Meropenem + Vancomycin,Positive,2025-04-10 04:24:23,Enterobacter cloacae complex,None detected,Discordant,Improved,No,Boundary vitals,"Admitted to Emergency Department with Deep incisional SSI from Surgical Site Infection. Initial vitals: T 39.9 C, HR 104, BP 67/42, SpO2 97%. History: None; kidney function Normal; allergy None known; prior antibiotic exposure in 90d 4; previous resistant organism None known. Culture status Positive.",0,0.6138283,1,False Positive (Type I Error)
PX-101384,ENC-20251384,True,2025-04-12 21:59:46,Clinical Patient 1385,58,Female,Not applicable,General Medicine,32,Active Inpatient,Complicated skin infection,Skin/Soft Tissue Infection,Mixed flora,37.9,58,141,80,94,17,7.5,Liver disease,Normal,Normal,None known,,0,None prior,0,None known,0.243,0.108,10.8,Low,0.115,0.055,0.047,0.06,-0.02,-0.02,-0.002,-0.02,0.04,-0.02,"Clinical explanation: AMR risk is low with prior antibiotic exposure=0, prior resistant organism=None known, and ward resistance rate=24.3%. Review feature attributions before making a clinical decision.",Ceftriaxone,Cefepime,86.3,No renal adjustment flag,No renal adjustment flag,Override,Alternative source-control plan,Clinician-selected regimen,Positive,2025-04-15 21:59:46,Enterococcus faecalis,None detected,Concordant,Escalated care,Yes,Standard scenario,"Admitted to General Medicine with Complicated skin infection from Skin/Soft Tissue Infection. Initial vitals: T 37.9 C, HR 58, BP 141/80, SpO2 94%. History: Liver disease; kidney function Normal; allergy None known; prior antibiotic exposure in 90d 0; previous resistant organism None known. Culture status Positive.",0,0.22078401,0,True Negative
PX-101387,ENC-20251387,True,2025-04-13 02:23:57,Clinical Patient 1388,77,Female,Not applicable,Surgical Ward,31,Discharged,HAP,Hospital-Acquired Pneumonia,No organism identified,38.6,124,72,35,88,20,45.0,Hypertension,Normal,Normal,None known,,0,None in prior 90 days,0,MRSA,0.242,0.782,78.2,High,0.788,0.452,0.344,0.603,-0.02,0.08,-0.002,-0.02,0.04,0.05,"Clinical explanation: AMR risk is high with prior antibiotic exposure=0, prior resistant organism=MRSA, and ward resistance rate=24.2%. Review feature attributions before making a clinical decision.",Meropenem + Vancomycin,Ceftazidime-Avibactam,88.6,No renal adjustment flag,No renal adjustment flag,Accept,Clinician accepted the displayed first-line option,Meropenem + Vancomycin,Positive,2025-04-16 02:23:57,E. coli,Other MDR,Concordant,Improved,No,Prior resistant organism,"Admitted to Surgical Ward with HAP from Hospital-Acquired Pneumonia. Initial vitals: T 38.6 C, HR 124, BP 72/35, SpO2 88%. History: Hypertension; kidney function Normal; allergy None known; prior antibiotic exposure in 90d 0; previous resistant organism MRSA. Culture status Positive.",1,0.70399636,1,True Positive
PX-101411,ENC-20251411,True,2025-04-14 19:55:22,Clinical Patient 1412,32,Female,No,General Medicine,2,Active Inpatient,Severe HAP,Hospital-Acquired Pneumonia,Mixed flora,38.5,129,90,52,87,19,147.5,Heart failure,Normal,Normal,None known,,0,None prior,0,None known,0.249,0.589,58.9,Medium,0.431,0.51,0.531,0.426,-0.02,-0.02,-0.0,-0.02,0.04,0.05,"Clinical explanation: AMR risk is medium with prior antibiotic exposure=0, prior resistant organism=None known, and ward resistance rate=24.9%. Review feature attributions before making a clinical decision.",Piperacillin-Tazobactam,Cefepime + Vancomycin,79.5,No renal adjustment flag,No renal adjustment flag,Accept,Clinician accepted the displayed first-line option,Piperacillin-Tazobactam,Positive,2025-04-15 19:55:22,S. aureus,None detected,Discordant,Improved,No,Standard scenario,"Admitted to General Medicine with Severe HAP from Hospital-Acquired Pneumonia. Initial vitals: T 38.5 C, HR 129, BP 90/52, SpO2 87%. History: Heart failure; kidney function Normal; allergy None known; prior antibiotic exposure in 90d 0; previous resistant organism None known. Culture status Positive.",0,0.25803223,0,True Negative
PX-101416,ENC-20251416,True,2025-04-15 02:20:06,Clinical Patient 1417,52,Female,Not applicable,General Medicine,5,Discharged,Early-onset VAP,Ventilator-Associated Pneumonia,Enterococcus faecalis,37.4,129,79,45,96,23,71.3,,Moderate impairment,Normal,None known,,1,Azithromycin,3,MDR Pseudomonas,0.333,0.865,86.5,High,0.868,0.483,0.546,0.611,0.02,0.08,0.021,-0.02,-0.02,0.05,"Clinical explanation: AMR risk is high with prior antibiotic exposure=1, prior resistant organism=MDR Pseudomonas, and ward resistance rate=33.3%. Review feature attributions before making a clinical decision.",Meropenem + Vancomycin,Ceftazidime-Avibactam,70.9,Renal adjustment review required,Renal adjustment review required,Modify,Dose/frequency adjusted after clinical review,Ceftazidime-Avibactam,Positive,2025-04-16 02:20:06,Enterococcus faecalis,MRSA,Concordant,Improved,No,Renal impairment,"Admitted to General Medicine with Early-onset VAP from Ventilator-Associated Pneumonia. Initial vitals: T 37.4 C, HR 129, BP 79/45, SpO2 96%. History: None; kidney function Moderate impairment; allergy None known; prior antibiotic exposure in 90d 1; previous resistant organism MDR Pseudomonas. Culture status Positive.",1,0.71860313,1,True Positive
PX-101436,ENC-20251436,True,2025-04-16 02:11:00,Clinical Patient 1437,57,Male,Not applicable,General Medicine,21,Active Inpatient,Wound infection,Skin/Soft Tissue Infection,S. aureus,39.1,108,79,52,96,12,19.0,,Normal,Normal,Penicillin,IgE-mediated,2,Ertapenem,5,None known,0.308,0.572,57.2,Medium,0.563,0.428,0.387,0.26,0.06,-0.02,0.014,-0.02,-0.02,0.05,"Clinical explanation: AMR risk is medium with prior antibiotic exposure=2, prior resistant organism=None known, and ward resistance rate=30.8%. Review feature attributions before making a clinical decision.",Piperacillin-Tazobactam,Cefepime + Vancomycin,74.0,No renal adjustment flag,Documented Penicillin allergy,Override,Alternative source-control plan,Clinician-selected regimen,Positive,2025-04-20 02:11:00,S. aureus,None detected,Discordant,Recovered,No,Allergy/safety edge case,"Admitted to General Medicine with Wound infection from Skin/Soft Tissue Infection. Initial vitals: T 39.1 C, HR 108, BP 79/52, SpO2 96%. History: None; kidney function Normal; allergy Penicillin; prior antibiotic exposure in 90d 2; previous resistant organism None known. Culture status Positive.",0,0.438609,0,True Negative
PX-101440,ENC-20251440,True,2025-04-16 06:36:21,Clinical Patient 1441,55,Male,Not applicable,Emergency Department,29,Transferred,Cellulitis,Skin/Soft Tissue Infection,Enterobacter cloacae complex,39.4,77,132,82,96,14,17.7,Immunosuppression,Moderate impairment,Normal,None known,,0,None in prior 90 days,0,None known,0.237,0.192,19.2,Low,0.191,0.105,0.093,0.075,-0.02,-0.02,-0.003,-0.02,0.04,0.05,"Clinical explanation: AMR risk is low with prior antibiotic exposure=0, prior resistant organism=None known, and ward resistance rate=23.7%. Review feature attributions before making a clinical decision.",Ceftriaxone,Cefepime,75.8,Renal adjustment review required,Renal adjustment review required,Accept,Clinician accepted the displayed first-line option,Ceftriaxone,Positive,2025-04-17 06:36:21,Enterobacter cloacae complex,None detected,Concordant,Improved,No,Renal impairment,"Admitted to Emergency Department with Cellulitis from Skin/Soft Tissue Infection. Initial vitals: T 39.4 C, HR 77, BP 132/82, SpO2 96%. History: Immunosuppression; kidney function Moderate impairment; allergy None known; prior antibiotic exposure in 90d 0; previous resistant organism None known. Culture status Positive.",0,0.22824848,0,True Negative
PX-101449,ENC-20251449,True,2025-04-16 20:46:19,Clinical Patient 1450,58,Male,Not applicable,Surgical Ward,22,Discharged,VAP,Ventilator-Associated Pneumonia,K. pneumoniae,39.0,143,88,52,93,19,32.3,Cancer; Hypertension; Liver disease,Mild impairment,Mild impairment,None known,,2,Amoxicillin-Clavulanate,3,None known,0.156,0.545,54.5,Medium,0.386,0.332,0.508,0.17,0.06,-0.02,-0.024,-0.02,0.04,0.05,"Clinical explanation: AMR risk is medium with prior antibiotic exposure=2, prior resistant organism=None known, and ward resistance rate=15.6%. Review feature attributions before making a clinical decision.",Piperacillin-Tazobactam,Cefepime + Vancomycin,74.3,Renal adjustment review required,Renal adjustment review required,Modify,Dose/frequency adjusted after clinical review,Cefepime + Vancomycin,Positive,2025-04-17 20:46:19,K. pneumoniae,ESBL,Concordant,Recovered,No,Renal impairment,"Admitted to Surgical Ward with VAP from Ventilator-Associated Pneumonia. Initial vitals: T 39.0 C, HR 143, BP 88/52, SpO2 93%. History: Cancer; Hypertension; Liver disease; kidney function Mild impairment; allergy None known; prior antibiotic exposure in 90d 2; previous resistant organism None known. Culture status Positive.",1,0.53503686,1,True Positive
PX-101457,ENC-20251457,True,2025-04-17 08:56:57,Clinical Patient 1458,89,Female,Not applicable,General Medicine,31,Transferred,Diverticulitis with perforation,Intra-abdominal Infection,E. coli,38.9,59,109,77,94,18,15.8,COPD; Heart failure; Immunosuppression,Normal,Mild impairment,None known,,0,None prior,0,ESBL,0.338,0.814,81.4,High,0.694,0.292,0.753,0.625,-0.02,0.08,0.022,-0.02,0.04,0.05,"Clinical explanation: AMR risk is high with prior antibiotic exposure=0, prior resistant organism=ESBL, and ward resistance rate=33.8%. Review feature attributions before making a clinical decision.",Meropenem + Vancomycin,Ceftazidime-Avibactam,84.4,No renal adjustment flag,No renal adjustment flag,Accept,Clinician accepted the displayed first-line option,Meropenem + Vancomycin,Positive,2025-04-18 08:56:57,E. coli,Other MDR,Concordant,Recovered,No,Prior resistant organism,"Admitted to General Medicine with Diverticulitis with perforation from Intra-abdominal Infection. Initial vitals: T 38.9 C, HR 59, BP 109/77, SpO2 94%. History: COPD; Heart failure; Immunosuppression; kidney function Normal; allergy None known; prior antibiotic exposure in 90d 0; previous resistant organism ESBL. Culture status Positive.",1,0.6056657,1,True Positive
PX-101486,ENC-20251486,True,2025-04-19 19:56:39,Clinical Patient 1487,31,Female,No,Emergency Department,1,Discharged,Early-onset VAP,Ventilator-Associated Pneumonia,Enterobacter cloacae complex,37.9,106,100,59,91,19,46.7,Cancer,Normal,Moderate impairment,Penicillin,Anaphylaxis,5,Amoxicillin-Clavulanate,10,None known,0.188,0.818,81.8,High,0.689,0.465,0.631,0.547,0.18,-0.02,-0.015,-0.02,0.04,0.05,"Clinical explanation: AMR risk is high with prior antibiotic exposure=5, prior resistant organism=None known, and ward resistance rate=18.8%. Review feature attributions before making a clinical decision.",Meropenem + Vancomycin,Ceftazidime-Avibactam,67.9,No renal adjustment flag,Documented Penicillin allergy,Modify,Dose/frequency adjusted after clinical review,Ceftazidime-Avibactam,Positive,2025-04-23 19:56:39,Enterobacter cloacae complex,CRE,Concordant,Treatment modified after deterioration,Yes,Allergy/safety edge case,"Admitted to Emergency Department with Early-onset VAP from Ventilator-Associated Pneumonia. Initial vitals: T 37.9 C, HR 106, BP 100/59, SpO2 91%. History: Cancer; kidney function Normal; allergy Penicillin; prior antibiotic exposure in 90d 5; previous resistant organism None known. Culture status Positive.",1,0.5024751,1,True Positive
PX-101497,ENC-20251497,True,2025-04-20 16:39:31,Clinical Patient 1498,51,Female,Not applicable,General Medicine,31,Discharged,Superficial SSI,Surgical Site Infection,E. coli,38.2,94,143,81,98,13,28.2,Heart failure,Moderate impairment,Normal,None known,,0,None prior,0,None known,0.266,0.155,15.5,Low,0.156,0.089,0.145,0.05,-0.02,-0.02,0.004,-0.02,0.04,-0.02,"Clinical explanation: AMR risk is low with prior antibiotic exposure=0, prior resistant organism=None known, and ward resistance rate=26.6%. Review feature attributions before making a clinical decision.",Ceftriaxone,Cefepime,93.5,Renal adjustment review required,Renal adjustment review required,Pending,Decision not yet recorded,Clinician-selected regimen,Positive,2025-04-21 16:39:31,E. coli,None detected,Concordant,Improved,No,Renal impairment,"Admitted to General Medicine with Superficial SSI from Surgical Site Infection. Initial vitals: T 38.2 C, HR 94, BP 143/81, SpO2 98%. History: Heart failure; kidney function Moderate impairment; allergy None known; prior antibiotic exposure in 90d 0; previous resistant organism None known. Culture status Positive.",0,0.25335348,0,True Negative
PX-101509,ENC-20251509,True,2025-04-21 20:44:32,Clinical Patient 1510,57,Female,Not applicable,General Medicine,32,Active Inpatient,Biliary tract infection,Intra-abdominal Infection,P. aeruginosa,38.3,109,105,64,94,19,111.9,Hypertension,Normal,Normal,Sulfonamide,Mild/rash,3,Levofloxacin,7,None known,0.256,0.555,55.5,Medium,0.41,0.309,0.357,0.385,0.1,-0.02,0.002,-0.02,0.04,0.05,"Clinical explanation: AMR risk is medium with prior antibiotic exposure=3, prior resistant organism=None known, and ward resistance rate=25.6%. Review feature attributions before making a clinical decision.",Piperacillin-Tazobactam,Cefepime + Vancomycin,68.1,No renal adjustment flag,Documented Sulfonamide allergy,Modify,Dose/frequency adjusted after clinical review,Cefepime + Vancomycin,Positive,2025-04-25 20:44:32,P. aeruginosa,Other MDR,Concordant,Recovered,No,Allergy/safety edge case,"Admitted to General Medicine with Biliary tract infection from Intra-abdominal Infection. Initial vitals: T 38.3 C, HR 109, BP 105/64, SpO2 94%. History: Hypertension; kidney function Normal; allergy Sulfonamide; prior antibiotic exposure in 90d 3; previous resistant organism None known. Culture status Positive.",1,0.51771706,1,True Positive
PX-101535,ENC-20251535,True,2025-04-24 03:51:57,Clinical Patient 1536,60,Female,Not applicable,General Medicine,16,Active Inpatient,CAP,Community-Acquired Pneumonia,Enterococcus faecalis,37.2,95,120,65,89,26,17.2,Heart failure,Mild impairment,Normal,Penicillin,Mild/rash,1,Meropenem,3,MDR Pseudomonas,0.223,0.377,37.7,Medium,0.344,0.285,0.163,0.255,0.02,0.08,-0.007,-0.02,0.04,-0.02,"Clinical explanation: AMR risk is medium with prior antibiotic exposure=1, prior resistant organism=MDR Pseudomonas, and ward resistance rate=22.3%. Review feature attributions before making a clinical decision.",Piperacillin-Tazobactam,Cefepime + Vancomycin,69.5,Renal adjustment review required,Documented Penicillin allergy | Renal adjustment review required,Accept,Clinician accepted the displayed first-line option,Piperacillin-Tazobactam,Positive,2025-04-25 03:51:57,Enterococcus faecalis,None detected,Concordant,Improved,No,Renal impairment,"Admitted to General Medicine with CAP from Community-Acquired Pneumonia. Initial vitals: T 37.2 C, HR 95, BP 120/65, SpO2 89%. History: Heart failure; kidney function Mild impairment; allergy Penicillin; prior antibiotic exposure in 90d 1; previous resistant organism MDR Pseudomonas. Culture status Positive.",0,0.7003393,1,False Positive (Type I Error)
PX-101536,ENC-20251536,True,2025-04-24 06:45:57,Clinical Patient 1537,45,Male,Not applicable,Surgical Ward,11,Active Inpatient,Pyelonephritis,Urinary Tract Infection,E. coli,38.7,136,90,57,95,19,30.0,,Moderate impairment,Normal,None known,,5,Ertapenem,5,None known,0.243,0.604,60.4,High,0.517,0.329,0.437,0.201,0.18,-0.02,-0.002,-0.02,-0.02,0.05,"Clinical explanation: AMR risk is high with prior antibiotic exposure=5, prior resistant organism=None known, and ward resistance rate=24.3%. Review feature attributions before making a clinical decision.",Meropenem + Vancomycin,Ceftazidime-Avibactam,77.5,Renal adjustment review required,Renal adjustment review required,Modify,Dose/frequency adjusted after clinical review,Ceftazidime-Avibactam,Positive,2025-04-25 06:45:57,E. coli,ESBL,Concordant,No documented outcome,No,Renal impairment,"Admitted to Surgical Ward with Pyelonephritis from Urinary Tract Infection. Initial vitals: T 38.7 C, HR 136, BP 90/57, SpO2 95%. History: None; kidney function Moderate impairment; allergy None known; prior antibiotic exposure in 90d 5; previous resistant organism None known. Culture status Positive.",1,0.44963712,0,False Negative (Type II Error - Critical Missed Resistance)
PX-101547,ENC-20251547,True,2025-04-25 05:37:45,Clinical Patient 1548,59,Male,Not applicable,ICU,19,Discharged,Diverticulitis with perforation,Intra-abdominal Infection,E. coli,39.7,122,91,50,92,22,113.4,Diabetes; Immunosuppression,Severe impairment,Mild impairment,None known,,0,None in prior 90 days,0,None known,0.442,0.593,59.3,Medium,0.575,0.522,0.431,0.31,-0.02,-0.02,0.048,0.06,0.04,0.05,"Clinical explanation: AMR risk is medium with prior antibiotic exposure=0, prior resistant organism=None known, and ward resistance rate=44.2%. Review feature attributions before making a clinical decision.",Piperacillin-Tazobactam,Cefepime + Vancomycin,85.7,Renal adjustment review required,Renal adjustment review required,Accept,Clinician accepted the displayed first-line option,Piperacillin-Tazobactam,Positive,2025-04-27 05:37:45,E. coli,None detected,Discordant,Recovered,No,Renal impairment,"Admitted to ICU with Diverticulitis with perforation from Intra-abdominal Infection. Initial vitals: T 39.7 C, HR 122, BP 91/50, SpO2 92%. History: Diabetes; Immunosuppression; kidney function Severe impairment; allergy None known; prior antibiotic exposure in 90d 0; previous resistant organism None known. Culture status Positive.",0,0.5272253,1,False Positive (Type I Error)
PX-101549,ENC-20251549,True,2025-04-25 13:34:05,Clinical Patient 1550,69,Male,Not applicable,General Medicine,39,Active Inpatient,Deep incisional SSI,Surgical Site Infection,Enterobacter cloacae complex,38.0,112,86,54,96,21,70.9,Immunosuppression,Normal,Normal,Penicillin,IgE-mediated,2,Piperacillin-Tazobactam,21,ESBL,0.314,0.775,77.5,High,0.739,0.599,0.688,0.543,0.06,0.08,0.016,-0.02,0.04,0.05,"Clinical explanation: AMR risk is high with prior antibiotic exposure=2, prior resistant organism=ESBL, and ward resistance rate=31.4%. Review feature attributions before making a clinical decision.",Meropenem + Vancomycin,Ceftazidime-Avibactam,66.2,No renal adjustment flag,Documented Penicillin allergy,Override,Alternative source-control plan,Clinician-selected regimen,Positive,2025-04-26 13:34:05,Enterobacter cloacae complex,ESBL,Concordant,Improved,No,Allergy/safety edge case,"Admitted to General Medicine with Deep incisional SSI from Surgical Site Infection. Initial vitals: T 38.0 C, HR 112, BP 86/54, SpO2 96%. History: Immunosuppression; kidney function Normal; allergy Penicillin; prior antibiotic exposure in 90d 2; previous resistant organism ESBL. Culture status Positive.",1,0.83809084,1,True Positive
PX-101551,ENC-20251551,True,2025-04-25 19:37:06,Clinical Patient 1552,37,Female,No,ICU,27,Active Inpatient,Peritonitis,Intra-abdominal Infection,K. pneumoniae,35.6,97,81,48,91,16,18.0,COPD; Hypertension; Immunosuppression,Moderate impairment,Mild impairment,None known,,0,None in prior 90 days,0,None known,0.513,0.681,68.1,High,0.518,0.309,0.474,0.205,-0.02,-0.02,0.066,0.06,0.04,-0.02,"Clinical explanation: AMR risk is high with prior antibiotic exposure=0, prior resistant organism=None known, and ward resistance rate=51.3%. Review feature attributions before making a clinical decision.",Meropenem + Vancomycin,Ceftazidime-Avibactam,88.9,Renal adjustment review required,Renal adjustment review required,Accept,Clinician accepted the displayed first-line option,Meropenem + Vancomycin,Positive,2025-04-27 19:37:06,K. pneumoniae,Other MDR,Concordant,Recovered,No,Renal impairment,"Admitted to ICU with Peritonitis from Intra-abdominal Infection. Initial vitals: T 35.6 C, HR 97, BP 81/48, SpO2 91%. History: COPD; Hypertension; Immunosuppression; kidney function Moderate impairment; allergy None known; prior antibiotic exposure in 90d 0; previous resistant organism None known. Culture status Positive.",1,0.4554624,0,False Negative (Type II Error - Critical Missed Resistance)
PX-101589,ENC-20251589,True,2025-04-27 20:12:05,Clinical Patient 1590,68,Female,Not applicable,General Medicine,5,Active Inpatient,Catheter-associated UTI,Urinary Tract Infection,Mixed flora,38.7,80,121,68,93,15,70.6,CKD; Diabetes,Normal,Unknown,None known,,1,Levofloxacin,21,ESBL,0.317,0.905,90.5,High,0.747,0.624,0.48,0.545,0.02,0.08,0.017,-0.02,0.04,0.05,"Clinical explanation: AMR risk is high with prior antibiotic exposure=1, prior resistant organism=ESBL, and ward resistance rate=31.7%. Review feature attributions before making a clinical decision.",Meropenem + Vancomycin,Ceftazidime-Avibactam,80.2,No renal adjustment flag,No renal adjustment flag,Accept,Clinician accepted the displayed first-line option,Meropenem + Vancomycin,Positive,2025-05-01 20:12:05,P. aeruginosa,MDR Pseudomonas,Concordant,Treatment modified after deterioration,Yes,Prior resistant organism,"Admitted to General Medicine with Catheter-associated UTI from Urinary Tract Infection. Initial vitals: T 38.7 C, HR 80, BP 121/68, SpO2 93%. History: CKD; Diabetes; kidney function Normal; allergy None known; prior antibiotic exposure in 90d 1; previous resistant organism ESBL. Culture status Positive.",1,0.8117856,1,True Positive
PX-101593,ENC-20251593,True,2025-04-28 02:21:13,Clinical Patient 1594,58,Female,Not applicable,Emergency Department,21,Discharged,Severe CAP,Community-Acquired Pneumonia,S. pneumoniae,37.7,102,124,73,94,22,35.9,CKD; Diabetes,AKI,Normal,None known,,0,None in prior 90 days,0,None known,0.14,0.394,39.4,Medium,0.313,0.282,0.216,0.143,-0.02,-0.02,-0.027,-0.02,0.04,-0.02,"Clinical explanation: AMR risk is medium with prior antibiotic exposure=0, prior resistant organism=None known, and ward resistance rate=14.0%. Review feature attributions before making a clinical decision.",Piperacillin-Tazobactam,Cefepime + Vancomycin,81.4,Renal adjustment review required,Renal adjustment review required,Accept,Clinician accepted the displayed first-line option,Piperacillin-Tazobactam,Positive,2025-05-02 02:21:13,S. pneumoniae,None detected,Concordant,Recovered,No,Standard scenario,"Admitted to Emergency Department with Severe CAP from Community-Acquired Pneumonia. Initial vitals: T 37.7 C, HR 102, BP 124/73, SpO2 94%. History: CKD; Diabetes; kidney function AKI; allergy None known; prior antibiotic exposure in 90d 0; previous resistant organism None known. Culture status Positive.",0,0.3514985,0,True Negative
PX-101603,ENC-20251603,True,2025-04-28 21:41:26,Clinical Patient 1604,30,Female,No,General Medicine,7,Active Inpatient,VAP,Ventilator-Associated Pneumonia,P. aeruginosa,38.3,96,113,68,91,26,55.1,,Normal,Moderate impairment,Cephalosporin,IgE-mediated,0,None prior,0,None known,0.256,0.318,31.8,Medium,0.288,0.101,0.222,0.169,-0.02,-0.02,0.002,-0.02,-0.02,-0.02,"Clinical explanation: AMR risk is medium with prior antibiotic exposure=0, prior resistant organism=None known, and ward resistance rate=25.6%. Review feature attributions before making a clinical decision.",Piperacillin-Tazobactam,Cefepime + Vancomycin,67.3,No renal adjustment flag,Documented Cephalosporin allergy,Accept,Clinician accepted the displayed first-line option,Piperacillin-Tazobactam,Positive,2025-05-01 21:41:26,P. aeruginosa,None detected,Concordant,Recovered,No,Allergy/safety edge case,"Admitted to General Medicine with VAP from Ventilator-Associated Pneumonia. Initial vitals: T 38.3 C, HR 96, BP 113/68, SpO2 91%. History: None; kidney function Normal; allergy Cephalosporin; prior antibiotic exposure in 90d 0; previous resistant organism None known. Culture status Positive.",0,0.2306353,0,True Negative
PX-101609,ENC-20251609,True,2025-04-29 01:52:41,Clinical Patient 1610,52,Female,Not applicable,Surgical Ward,10,Active Inpatient,Severe CAP,Community-Acquired Pneumonia,K. pneumoniae,37.1,111,142,72,96,21,9.8,Liver disease,Normal,Normal,Penicillin,Mild/rash,0,None prior,0,ESBL,0.261,0.757,75.7,High,0.569,0.376,0.35,0.354,-0.02,0.08,0.003,-0.02,0.04,0.05,"Clinical explanation: AMR risk is high with prior antibiotic exposure=0, prior resistant organism=ESBL, and ward resistance rate=26.1%. Review feature attributions before making a clinical decision.",Meropenem + Vancomycin,Ceftazidime-Avibactam,82.2,No renal adjustment flag,Documented Penicillin allergy,Accept,Clinician accepted the displayed first-line option,Meropenem + Vancomycin,Positive,2025-05-01 01:52:41,K. pneumoniae,ESBL,Concordant,Recovered,No,Allergy/safety edge case,"Admitted to Surgical Ward with Severe CAP from Community-Acquired Pneumonia. Initial vitals: T 37.1 C, HR 111, BP 142/72, SpO2 96%. History: Liver disease; kidney function Normal; allergy Penicillin; prior antibiotic exposure in 90d 0; previous resistant organism ESBL. Culture status Positive.",1,0.60509396,1,True Positive
PX-101610,ENC-20251610,True,2025-04-29 02:43:46,Clinical Patient 1611,51,Male,Not applicable,General Medicine,28,Discharged,Catheter-associated UTI,Urinary Tract Infection,Mixed flora,36.7,79,106,70,94,18,18.3,Heart failure,Mild impairment,Normal,None known,,0,None prior,0,None known,0.284,0.517,51.7,Medium,0.375,0.166,0.37,0.227,-0.02,-0.02,0.008,-0.02,0.04,-0.02,"Clinical explanation: AMR risk is medium with prior antibiotic exposure=0, prior resistant organism=None known, and ward resistance rate=28.4%. Review feature attributions before making a clinical decision.",Piperacillin-Tazobactam,Cefepime + Vancomycin,71.7,Renal adjustment review required,Renal adjustment review required,Modify,Dose/frequency adjusted after clinical review,Cefepime + Vancomycin,Positive,2025-05-01 02:43:46,S. aureus,None detected,Discordant,Recovered,No,Renal impairment,"Admitted to General Medicine with Catheter-associated UTI from Urinary Tract Infection. Initial vitals: T 36.7 C, HR 79, BP 106/70, SpO2 94%. History: Heart failure; kidney function Mild impairment; allergy None known; prior antibiotic exposure in 90d 0; previous resistant organism None known. Culture status Positive.",0,0.21965043,0,True Negative
PX-101634,ENC-20251634,True,2025-05-01 05:19:15,Clinical Patient 1635,77,Female,Not applicable,ICU,14,Active Inpatient,Aspiration pneumonia,Community-Acquired Pneumonia,No organism identified,38.2,111,96,50,89,30,114.8,CKD; Cancer,Normal,Normal,Vancomycin,,1,Ciprofloxacin,28,None known,0.457,0.785,78.5,High,0.592,0.6,0.405,0.555,0.02,-0.02,0.052,0.06,0.04,0.05,"Clinical explanation: AMR risk is high with prior antibiotic exposure=1, prior resistant organism=None known, and ward resistance rate=45.7%. Review feature attributions before making a clinical decision.",Meropenem + Vancomycin,Ceftazidime-Avibactam,80.6,No renal adjustment flag,Documented Vancomycin allergy,Modify,Dose/frequency adjusted after clinical review,Ceftazidime-Avibactam,Positive,2025-05-02 05:19:15,P. aeruginosa,MDR Pseudomonas,Concordant,Improved,No,Allergy/safety edge case,"Admitted to ICU with Aspiration pneumonia from Community-Acquired Pneumonia. Initial vitals: T 38.2 C, HR 111, BP 96/50, SpO2 89%. History: CKD; Cancer; kidney function Normal; allergy Vancomycin; prior antibiotic exposure in 90d 1; previous resistant organism None known. Culture status Positive.",1,0.7960492,1,True Positive
PX-101637,ENC-20251637,True,2025-05-01 06:33:39,Clinical Patient 1638,37,Male,Not applicable,General Medicine,35,Active Inpatient,HAP,Hospital-Acquired Pneumonia,P. aeruginosa,35.3,131,106,52,95,31,64.3,COPD,Normal,Mild impairment,Sulfonamide,Mild/rash,2,Azithromycin,14,None known,0.288,0.345,34.5,Medium,0.37,0.212,0.166,0.196,0.06,-0.02,0.009,-0.02,0.04,0.05,"Clinical explanation: AMR risk is medium with prior antibiotic exposure=2, prior resistant organism=None known, and ward resistance rate=28.8%. Review feature attributions before making a clinical decision.",Piperacillin-Tazobactam,Cefepime + Vancomycin,82.2,No renal adjustment flag,Documented Sulfonamide allergy,Accept,Clinician accepted the displayed first-line option,Piperacillin-Tazobactam,Positive,2025-05-03 06:33:39,P. aeruginosa,None detected,Concordant,Recovered,No,Allergy/safety edge case,"Admitted to General Medicine with HAP from Hospital-Acquired Pneumonia. Initial vitals: T 35.3 C, HR 131, BP 106/52, SpO2 95%. History: COPD; kidney function Normal; allergy Sulfonamide; prior antibiotic exposure in 90d 2; previous resistant organism None known. Culture status Positive.",0,0.49637216,0,True Negative
PX-101660,ENC-20251660,True,2025-05-02 09:09:40,Clinical Patient 1661,51,Male,Not applicable,Surgical Ward,27,Discharged,Superficial SSI,Surgical Site Infection,Enterobacter cloacae complex,39.4,65,110,61,97,15,12.4,Hypertension,Mild impairment,Normal,None known,,0,None prior,0,None known,0.327,0.333,33.3,Medium,0.316,0.179,0.153,0.196,-0.02,-0.02,0.019,-0.02,0.04,0.05,"Clinical explanation: AMR risk is medium with prior antibiotic exposure=0, prior resistant organism=None known, and ward resistance rate=32.7%. Review feature attributions before making a clinical decision.",Piperacillin-Tazobactam,Cefepime + Vancomycin,89.6,Renal adjustment review required,Renal adjustment review required,Accept,Clinician accepted the displayed first-line option,Piperacillin-Tazobactam,Positive,2025-05-03 09:09:40,Enterobacter cloacae complex,ESBL,Discordant,Improved,No,Renal impairment,"Admitted to Surgical Ward with Superficial SSI from Surgical Site Infection. Initial vitals: T 39.4 C, HR 65, BP 110/61, SpO2 97%. History: Hypertension; kidney function Mild impairment; allergy None known; prior antibiotic exposure in 90d 0; previous resistant organism None known. Culture status Positive.",1,0.23633353,0,False Negative (Type II Error - Critical Missed Resistance)
PX-101673,ENC-20251673,True,2025-05-02 23:41:09,Clinical Patient 1674,47,Male,Not applicable,Emergency Department,18,Active Inpatient,Superficial SSI,Surgical Site Infection,Enterobacter cloacae complex,37.4,93,127,70,95,15,11.1,Liver disease,Normal,Mild impairment,Penicillin,IgE-mediated,1,Meropenem,5,None known,0.169,0.223,22.3,Low,0.197,0.084,0.144,0.115,0.02,-0.02,-0.02,-0.02,0.04,-0.02,"Clinical explanation: AMR risk is low with prior antibiotic exposure=1, prior resistant organism=None known, and ward resistance rate=16.9%. Review feature attributions before making a clinical decision.",Ceftriaxone,Cefepime,73.5,No renal adjustment flag,Documented Penicillin allergy,Override,Alternative source-control plan,Clinician-selected regimen,Positive,2025-05-04 23:41:09,Enterobacter cloacae complex,Other MDR,Discordant,Improved,No,Allergy/safety edge case,"Admitted to Emergency Department with Superficial SSI from Surgical Site Infection. Initial vitals: T 37.4 C, HR 93, BP 127/70, SpO2 95%. History: Liver disease; kidney function Normal; allergy Penicillin; prior antibiotic exposure in 90d 1; previous resistant organism None known. Culture status Positive.",1,0.32155392,0,False Negative (Type II Error - Critical Missed Resistance)
PX-101700,ENC-20251700,True,2025-05-04 19:10:08,Clinical Patient 1701,54,Male,Not applicable,ICU,16,Active Inpatient,Deep incisional SSI,Surgical Site Infection,Enterococcus faecalis,37.6,101,105,73,93,29,19.1,Diabetes,AKI,Normal,None known,,0,None in prior 90 days,0,None known,0.402,0.395,39.5,Medium,0.392,0.198,0.312,0.208,-0.02,-0.02,0.038,0.06,0.04,-0.02,"Clinical explanation: AMR risk is medium with prior antibiotic exposure=0, prior resistant organism=None known, and ward resistance rate=40.2%. Review feature attributions before making a clinical decision.",Piperacillin-Tazobactam,Cefepime + Vancomycin,77.2,Renal adjustment review required,Renal adjustment review required,Pending,Decision not yet recorded,Clinician-selected regimen,Positive,2025-05-06 19:10:08,Enterococcus faecalis,None detected,Concordant,Improved,No,Standard scenario,"Admitted to ICU with Deep incisional SSI from Surgical Site Infection. Initial vitals: T 37.6 C, HR 101, BP 105/73, SpO2 93%. History: Diabetes; kidney function AKI; allergy None known; prior antibiotic exposure in 90d 0; previous resistant organism None known. Culture status Positive.",0,0.5425271,1,False Positive (Type I Error)
PX-101702,ENC-20251702,True,2025-05-04 23:10:32,Clinical Patient 1703,51,Male,Not applicable,General Medicine,35,Transferred,Peritonitis,Intra-abdominal Infection,P. aeruginosa,37.2,93,125,78,94,21,26.2,Cancer; Liver disease,Normal,Normal,None known,,1,Ciprofloxacin,14,None known,0.237,0.469,46.9,Medium,0.473,0.35,0.262,0.183,0.02,-0.02,-0.003,-0.02,0.04,-0.02,"Clinical explanation: AMR risk is medium with prior antibiotic exposure=1, prior resistant organism=None known, and ward resistance rate=23.7%. Review feature attributions before making a clinical decision.",Piperacillin-Tazobactam,Cefepime + Vancomycin,71.0,No renal adjustment flag,No renal adjustment flag,Modify,Dose/frequency adjusted after clinical review,Cefepime + Vancomycin,Positive,2025-05-07 23:10:32,P. aeruginosa,Other MDR,Discordant,Escalated care,Yes,Standard scenario,"Admitted to General Medicine with Peritonitis from Intra-abdominal Infection. Initial vitals: T 37.2 C, HR 93, BP 125/78, SpO2 94%. History: Cancer; Liver disease; kidney function Normal; allergy None known; prior antibiotic exposure in 90d 1; previous resistant organism None known. Culture status Positive.",1,0.42933798,0,False Negative (Type II Error - Critical Missed Resistance)
PX-101716,ENC-20251716,True,2025-05-05 16:50:40,Clinical Patient 1717,66,Male,Not applicable,ICU,2,Active Inpatient,Urosepsis,Urinary Tract Infection,S. aureus,39.0,147,83,57,93,19,78.9,,Moderate impairment,Normal,Vancomycin,IgE-mediated,2,Ciprofloxacin,28,None known,0.379,0.93,93.0,High,0.689,0.725,0.529,0.697,0.06,-0.02,0.032,0.06,-0.02,0.05,"Clinical explanation: AMR risk is high with prior antibiotic exposure=2, prior resistant organism=None known, and ward resistance rate=37.9%. Review feature attributions before making a clinical decision.",Meropenem + Vancomycin,Ceftazidime-Avibactam,72.7,Renal adjustment review required,Documented Vancomycin allergy | Renal adjustment review required,Pending,Decision not yet recorded,Clinician-selected regimen,Positive,2025-05-07 16:50:40,S. aureus,MRSA,Concordant,Recovered,No,Renal impairment,"Admitted to ICU with Urosepsis from Urinary Tract Infection. Initial vitals: T 39.0 C, HR 147, BP 83/57, SpO2 93%. History: None; kidney function Moderate impairment; allergy Vancomycin; prior antibiotic exposure in 90d 2; previous resistant organism None known. Culture status Positive.",1,0.6416636,1,True Positive
PX-101717,ENC-20251717,True,2025-05-05 18:21:46,Clinical Patient 1718,64,Female,Not applicable,General Medicine,28,Discharged,Diverticulitis with perforation,Intra-abdominal Infection,P. aeruginosa,39.7,106,137,81,95,18,16.8,,Severe impairment,Mild impairment,None known,,1,Piperacillin-Tazobactam,21,ESBL,0.255,0.791,79.1,High,0.844,0.311,0.655,0.227,0.02,0.08,0.001,-0.02,-0.02,0.05,"Clinical explanation: AMR risk is high with prior antibiotic exposure=1, prior resistant organism=ESBL, and ward resistance rate=25.5%. Review feature attributions before making a clinical decision.",Meropenem + Vancomycin,Ceftazidime-Avibactam,92.6,Renal adjustment review required,Renal adjustment review required,Accept,Clinician accepted the displayed first-line option,Meropenem + Vancomycin,Positive,2025-05-06 18:21:46,P. aeruginosa,Other MDR,Concordant,Improved,No,Renal impairment,"Admitted to General Medicine with Diverticulitis with perforation from Intra-abdominal Infection. Initial vitals: T 39.7 C, HR 106, BP 137/81, SpO2 95%. History: None; kidney function Severe impairment; allergy None known; prior antibiotic exposure in 90d 1; previous resistant organism ESBL. Culture status Positive.",1,0.7995433,1,True Positive
PX-101731,ENC-20251731,True,2025-05-06 11:48:22,Clinical Patient 1732,63,Female,Not applicable,General Medicine,24,Active Inpatient,CAP,Community-Acquired Pneumonia,K. pneumoniae,37.7,88,133,81,87,33,11.4,Immunosuppression,Normal,Normal,None known,,1,Ceftriaxone,7,None known,0.22,0.646,64.6,High,0.492,0.283,0.475,0.213,0.02,-0.02,-0.007,-0.02,0.04,-0.02,"Clinical explanation: AMR risk is high with prior antibiotic exposure=1, prior resistant organism=None known, and ward resistance rate=22.0%. Review feature attributions before making a clinical decision.",Meropenem + Vancomycin,Ceftazidime-Avibactam,86.4,No renal adjustment flag,No renal adjustment flag,Accept,Clinician accepted the displayed first-line option,Meropenem + Vancomycin,Positive,2025-05-10 11:48:22,K. pneumoniae,ESBL,Concordant,Recovered,No,Standard scenario,"Admitted to General Medicine with CAP from Community-Acquired Pneumonia. Initial vitals: T 37.7 C, HR 88, BP 133/81, SpO2 87%. History: Immunosuppression; kidney function Normal; allergy None known; prior antibiotic exposure in 90d 1; previous resistant organism None known. Culture status Positive.",1,0.3955405,0,False Negative (Type II Error - Critical Missed Resistance)
PX-101737,ENC-20251737,True,2025-05-07 01:59:41,Clinical Patient 1738,63,Male,Not applicable,ICU,35,Active Inpatient,Diverticulitis with perforation,Intra-abdominal Infection,S. pneumoniae,37.6,109,91,59,87,19,75.0,Diabetes; Hypertension,Moderate impairment,Normal,None known,,1,Azithromycin,21,None known,0.591,0.816,81.6,High,0.653,0.552,0.459,0.541,0.02,-0.02,0.085,0.06,0.04,0.05,"Clinical explanation: AMR risk is high with prior antibiotic exposure=1, prior resistant organism=None known, and ward resistance rate=59.1%. Review feature attributions before making a clinical decision.",Meropenem + Vancomycin,Ceftazidime-Avibactam,95.9,Renal adjustment review required,Renal adjustment review required,Accept,Clinician accepted the displayed first-line option,Meropenem + Vancomycin,Positive,2025-05-09 01:59:41,S. pneumoniae,Other MDR,Concordant,Improved,No,Renal impairment,"Admitted to ICU with Diverticulitis with perforation from Intra-abdominal Infection. Initial vitals: T 37.6 C, HR 109, BP 91/59, SpO2 87%. History: Diabetes; Hypertension; kidney function Moderate impairment; allergy None known; prior antibiotic exposure in 90d 1; previous resistant organism None known. Culture status Positive.",1,0.8148855,1,True Positive
PX-101746,ENC-20251746,True,2025-05-07 16:02:05,Clinical Patient 1747,64,Female,Not applicable,General Medicine,20,Active Inpatient,Complicated UTI,Urinary Tract Infection,K. pneumoniae,39.2,70,97,54,96,15,2.4,,Mild impairment,Normal,None known,,1,Ciprofloxacin,10,None known,0.227,0.343,34.3,Medium,0.319,0.213,0.139,0.075,0.02,-0.02,-0.006,-0.02,-0.02,0.05,"Clinical explanation: AMR risk is medium with prior antibiotic exposure=1, prior resistant organism=None known, and ward resistance rate=22.7%. Review feature attributions before making a clinical decision.",Piperacillin-Tazobactam,Cefepime + Vancomycin,83.2,Renal adjustment review required,Renal adjustment review required,Pending,Decision not yet recorded,Clinician-selected regimen,Positive,2025-05-11 16:02:05,K. pneumoniae,Other MDR,Discordant,Improved,No,Renal impairment,"Admitted to General Medicine with Complicated UTI from Urinary Tract Infection. Initial vitals: T 39.2 C, HR 70, BP 97/54, SpO2 96%. History: None; kidney function Mild impairment; allergy None known; prior antibiotic exposure in 90d 1; previous resistant organism None known. Culture status Positive.",1,0.3937129,0,False Negative (Type II Error - Critical Missed Resistance)
PX-101751,ENC-20251751,True,2025-05-08 04:12:15,Clinical Patient 1752,72,Male,Not applicable,General Medicine,14,Active Inpatient,HAP,Hospital-Acquired Pneumonia,S. pneumoniae,37.9,109,96,66,92,22,34.0,Cancer,Normal,Normal,None known,,0,None in prior 90 days,0,ESBL,0.239,0.825,82.5,High,0.631,0.615,0.351,0.521,-0.02,0.08,-0.003,-0.02,0.04,0.05,"Clinical explanation: AMR risk is high with prior antibiotic exposure=0, prior resistant organism=ESBL, and ward resistance rate=23.9%. Review feature attributions before making a clinical decision.",Meropenem + Vancomycin,Ceftazidime-Avibactam,88.7,No renal adjustment flag,No renal adjustment flag,Accept,Clinician accepted the displayed first-line option,Meropenem + Vancomycin,Positive,2025-05-12 04:12:15,S. pneumoniae,None detected,Discordant,Recovered,No,Prior resistant organism,"Admitted to General Medicine with HAP from Hospital-Acquired Pneumonia. Initial vitals: T 37.9 C, HR 109, BP 96/66, SpO2 92%. History: Cancer; kidney function Normal; allergy None known; prior antibiotic exposure in 90d 0; previous resistant organism ESBL. Culture status Positive.",0,0.72017485,1,False Positive (Type I Error)
PX-101811,ENC-20251811,True,2025-05-13 01:16:39,Clinical Patient 1812,43,Female,No,General Medicine,22,Active Inpatient,Severe HAP,Hospital-Acquired Pneumonia,Enterococcus faecalis,38.1,103,133,83,96,24,50.7,Cancer,Normal,Normal,Penicillin,IgE-mediated,2,Levofloxacin,28,None known,0.24,0.839,83.9,High,0.643,0.626,0.419,0.658,0.06,-0.02,-0.003,-0.02,0.04,-0.02,"Clinical explanation: AMR risk is high with prior antibiotic exposure=2, prior resistant organism=None known, and ward resistance rate=24.0%. Review feature attributions before making a clinical decision.",Meropenem + Vancomycin,Ceftazidime-Avibactam,84.5,No renal adjustment flag,Documented Penicillin allergy,Accept,Clinician accepted the displayed first-line option,Meropenem + Vancomycin,Positive,2025-05-16 01:16:39,Enterococcus faecalis,Other MDR,Concordant,Improved,No,Allergy/safety edge case,"Admitted to General Medicine with Severe HAP from Hospital-Acquired Pneumonia. Initial vitals: T 38.1 C, HR 103, BP 133/83, SpO2 96%. History: Cancer; kidney function Normal; allergy Penicillin; prior antibiotic exposure in 90d 2; previous resistant organism None known. Culture status Positive.",1,0.5263967,1,True Positive
PX-101831,ENC-20251831,True,2025-05-15 04:36:47,Clinical Patient 1832,59,Female,Not applicable,General Medicine,28,Active Inpatient,HAP,Hospital-Acquired Pneumonia,K. pneumoniae,38.4,96,107,61,88,25,47.6,,Normal,Moderate impairment,Penicillin,Mild/rash,2,Piperacillin-Tazobactam,14,MDR Pseudomonas,0.293,0.869,86.9,High,0.758,0.675,0.371,0.524,0.06,0.08,0.011,-0.02,-0.02,-0.02,"Clinical explanation: AMR risk is high with prior antibiotic exposure=2, prior resistant organism=MDR Pseudomonas, and ward resistance rate=29.3%. Review feature attributions before making a clinical decision.",Meropenem + Vancomycin,Ceftazidime-Avibactam,79.5,No renal adjustment flag,Documented Penicillin allergy,Accept,Clinician accepted the displayed first-line option,Meropenem + Vancomycin,Positive,2025-05-18 04:36:47,K. pneumoniae,CRE,Concordant,Recovered,No,Allergy/safety edge case,"Admitted to General Medicine with HAP from Hospital-Acquired Pneumonia. Initial vitals: T 38.4 C, HR 96, BP 107/61, SpO2 88%. History: None; kidney function Normal; allergy Penicillin; prior antibiotic exposure in 90d 2; previous resistant organism MDR Pseudomonas. Culture status Positive.",1,0.81786776,1,True Positive
PX-101854,ENC-20251854,True,2025-05-17 05:29:47,Clinical Patient 1855,24,Male,Not applicable,ICU,11,Active Inpatient,Urosepsis,Urinary Tract Infection,Enterococcus faecalis,38.5,104,88,55,89,26,48.9,,Mild impairment,Normal,None known,,1,Ertapenem,21,ESBL,0.46,0.736,73.6,High,0.638,0.398,0.67,0.276,0.02,0.08,0.053,0.06,-0.02,-0.02,"Clinical explanation: AMR risk is high with prior antibiotic exposure=1, prior resistant organism=ESBL, and ward resistance rate=46.0%. Review feature attributions before making a clinical decision.",Meropenem + Vancomycin,Ceftazidime-Avibactam,80.5,Renal adjustment review required,Renal adjustment review required,Modify,Dose/frequency adjusted after clinical review,Ceftazidime-Avibactam,Positive,2025-05-18 05:29:47,Enterococcus faecalis,Other MDR,Concordant,Improved,No,Renal impairment,"Admitted to ICU with Urosepsis from Urinary Tract Infection. Initial vitals: T 38.5 C, HR 104, BP 88/55, SpO2 89%. History: None; kidney function Mild impairment; allergy None known; prior antibiotic exposure in 90d 1; previous resistant organism ESBL. Culture status Positive.",1,0.7675812,1,True Positive
PX-101908,ENC-20251908,True,2025-05-21 16:24:52,Clinical Patient 1909,31,Female,Unknown,General Medicine,35,Active Inpatient,CAP,Community-Acquired Pneumonia,No organism identified,39.0,81,109,65,87,26,21.6,Immunosuppression,Normal,Normal,None known,,0,None in prior 90 days,0,None known,0.253,0.349,34.9,Medium,0.335,0.193,0.156,0.122,-0.02,-0.02,0.001,-0.02,0.04,0.05,"Clinical explanation: AMR risk is medium with prior antibiotic exposure=0, prior resistant organism=None known, and ward resistance rate=25.3%. Review feature attributions before making a clinical decision.",Piperacillin-Tazobactam,Cefepime + Vancomycin,84.1,No renal adjustment flag,No renal adjustment flag,Modify,Dose/frequency adjusted after clinical review,Cefepime + Vancomycin,Positive,2025-05-24 16:24:52,P. aeruginosa,None detected,Concordant,Treatment modified after deterioration,Yes,Standard scenario,"Admitted to General Medicine with CAP from Community-Acquired Pneumonia. Initial vitals: T 39.0 C, HR 81, BP 109/65, SpO2 87%. History: Immunosuppression; kidney function Normal; allergy None known; prior antibiotic exposure in 90d 0; previous resistant organism None known. Culture status Positive.",0,0.22924294,0,True Negative
PX-101913,ENC-20251913,True,2025-05-22 00:38:26,Clinical Patient 1914,58,Female,Not applicable,Surgical Ward,11,Active Inpatient,CAP,Community-Acquired Pneumonia,P. aeruginosa,35.6,113,76,42,89,22,29.6,CKD; COPD,Normal,Normal,None known,,3,Azithromycin,7,None known,0.226,0.326,32.6,Medium,0.263,0.108,0.175,0.067,0.1,-0.02,-0.006,-0.02,0.04,0.05,"Clinical explanation: AMR risk is medium with prior antibiotic exposure=3, prior resistant organism=None known, and ward resistance rate=22.6%. Review feature attributions before making a clinical decision.",Piperacillin-Tazobactam,Cefepime + Vancomycin,79.4,No renal adjustment flag,No renal adjustment flag,Accept,Clinician accepted the displayed first-line option,Piperacillin-Tazobactam,Positive,2025-05-23 00:38:26,P. aeruginosa,None detected,Concordant,Recovered,No,Boundary vitals,"Admitted to Surgical Ward with CAP from Community-Acquired Pneumonia. Initial vitals: T 35.6 C, HR 113, BP 76/42, SpO2 89%. History: CKD; COPD; kidney function Normal; allergy None known; prior antibiotic exposure in 90d 3; previous resistant organism None known. Culture status Positive.",0,0.57242006,1,False Positive (Type I Error)
PX-101915,ENC-20251915,True,2025-05-22 01:08:48,Clinical Patient 1916,58,Male,Not applicable,ICU,21,Transferred,HAP,Hospital-Acquired Pneumonia,P. aeruginosa,38.2,120,95,42,91,30,11.2,CKD,AKI,Normal,Penicillin,Anaphylaxis,2,Ertapenem,7,None known,0.392,0.676,67.6,High,0.62,0.474,0.486,0.148,0.06,-0.02,0.036,0.06,0.04,0.05,"Clinical explanation: AMR risk is high with prior antibiotic exposure=2, prior resistant organism=None known, and ward resistance rate=39.2%. Review feature attributions before making a clinical decision.",Meropenem + Vancomycin,Ceftazidime-Avibactam,67.8,Renal adjustment review required,Documented Penicillin allergy | Renal adjustment review required,Modify,Dose/frequency adjusted after clinical review,Ceftazidime-Avibactam,Positive,2025-05-25 01:08:48,P. aeruginosa,MDR Pseudomonas,Concordant,Improved,No,Allergy/safety edge case,"Admitted to ICU with HAP from Hospital-Acquired Pneumonia. Initial vitals: T 38.2 C, HR 120, BP 95/42, SpO2 91%. History: CKD; kidney function AKI; allergy Penicillin; prior antibiotic exposure in 90d 2; previous resistant organism None known. Culture status Positive.",1,0.7435414,1,True Positive
PX-101942,ENC-20251942,True,2025-05-24 09:54:30,Clinical Patient 1943,75,Female,Not applicable,ICU,31,Discharged,Complicated intra-abdominal infection,Intra-abdominal Infection,Mixed flora,39.0,129,103,49,87,29,58.5,,Normal,Mild impairment,Vancomycin,IgE-mediated,0,None in prior 90 days,0,None known,0.391,0.849,84.9,High,0.776,0.53,0.761,0.601,-0.02,-0.02,0.035,0.06,-0.02,0.05,"Clinical explanation: AMR risk is high with prior antibiotic exposure=0, prior resistant organism=None known, and ward resistance rate=39.1%. Review feature attributions before making a clinical decision.",Meropenem + Vancomycin,Ceftazidime-Avibactam,66.4,No renal adjustment flag,Documented Vancomycin allergy,Accept,Clinician accepted the displayed first-line option,Meropenem + Vancomycin,Positive,2025-05-25 09:54:30,K. pneumoniae,ESBL,Concordant,Improved,No,Allergy/safety edge case,"Admitted to ICU with Complicated intra-abdominal infection from Intra-abdominal Infection. Initial vitals: T 39.0 C, HR 129, BP 103/49, SpO2 87%. History: None; kidney function Normal; allergy Vancomycin; prior antibiotic exposure in 90d 0; previous resistant organism None known. Culture status Positive.",1,0.45602757,0,False Negative (Type II Error - Critical Missed Resistance)
PX-101948,ENC-20251948,True,2025-05-24 17:17:00,Clinical Patient 1949,60,Male,Not applicable,Surgical Ward,1,Active Inpatient,Cellulitis,Skin/Soft Tissue Infection,S. pneumoniae,36.6,88,149,94,95,16,43.3,Diabetes,AKI,Normal,None known,,0,None in prior 90 days,0,None known,0.314,0.233,23.3,Low,0.205,0.14,0.122,0.114,-0.02,-0.02,0.016,-0.02,0.04,-0.02,"Clinical explanation: AMR risk is low with prior antibiotic exposure=0, prior resistant organism=None known, and ward resistance rate=31.4%. Review feature attributions before making a clinical decision.",Ceftriaxone,Cefepime,89.9,Renal adjustment review required,Renal adjustment review required,Pending,Decision not yet recorded,Clinician-selected regimen,Positive,2025-05-28 17:17:00,S. pneumoniae,None detected,Concordant,Escalated care,Yes,Standard scenario,"Admitted to Surgical Ward with Cellulitis from Skin/Soft Tissue Infection. Initial vitals: T 36.6 C, HR 88, BP 149/94, SpO2 95%. History: Diabetes; kidney function AKI; allergy None known; prior antibiotic exposure in 90d 0; previous resistant organism None known. Culture status Positive.",0,0.37086642,0,True Negative
PX-101949,ENC-20251949,True,2025-05-24 19:35:14,Clinical Patient 1950,62,Female,Not applicable,Emergency Department,21,Active Inpatient,Aspiration pneumonia,Community-Acquired Pneumonia,E. coli,37.0,63,131,80,93,32,28.8,Cancer; Liver disease,Moderate impairment,Normal,Penicillin,Mild/rash,1,Meropenem,14,MRSA,0.165,0.57,57.0,Medium,0.524,0.274,0.541,0.329,0.02,0.08,-0.021,-0.02,0.04,-0.02,"Clinical explanation: AMR risk is medium with prior antibiotic exposure=1, prior resistant organism=MRSA, and ward resistance rate=16.5%. Review feature attributions before making a clinical decision.",Piperacillin-Tazobactam,Cefepime + Vancomycin,65.8,Renal adjustment review required,Documented Penicillin allergy | Renal adjustment review required,Accept,Clinician accepted the displayed first-line option,Piperacillin-Tazobactam,Positive,2025-05-26 19:35:14,E. coli,None detected,Discordant,Improved,No,Renal impairment,"Admitted to Emergency Department with Aspiration pneumonia from Community-Acquired Pneumonia. Initial vitals: T 37.0 C, HR 63, BP 131/80, SpO2 93%. History: Cancer; Liver disease; kidney function Moderate impairment; allergy Penicillin; prior antibiotic exposure in 90d 1; previous resistant organism MRSA. Culture status Positive.",0,0.7316406,1,False Positive (Type I Error)
PX-101957,ENC-20251957,True,2025-05-25 10:39:41,Clinical Patient 1958,45,Male,Not applicable,Surgical Ward,5,Active Inpatient,Complicated UTI,Urinary Tract Infection,Enterococcus faecalis,37.0,95,127,78,96,17,3.0,,Mild impairment,Moderate impairment,None known,,0,None in prior 90 days,0,None known,0.271,0.092,9.2,Low,0.075,0.028,0.083,0.041,-0.02,-0.02,0.005,-0.02,-0.02,-0.02,"Clinical explanation: AMR risk is low with prior antibiotic exposure=0, prior resistant organism=None known, and ward resistance rate=27.1%. Review feature attributions before making a clinical decision.",Ceftriaxone,Cefepime,93.9,Renal adjustment review required,Renal adjustment review required,Accept,Clinician accepted the displayed first-line option,Ceftriaxone,Positive,2025-05-27 10:39:41,Enterococcus faecalis,None detected,Concordant,Improved,No,Renal impairment,"Admitted to Surgical Ward with Complicated UTI from Urinary Tract Infection. Initial vitals: T 37.0 C, HR 95, BP 127/78, SpO2 96%. History: None; kidney function Mild impairment; allergy None known; prior antibiotic exposure in 90d 0; previous resistant organism None known. Culture status Positive.",0,0.21245198,0,True Negative
PX-101964,ENC-20251964,True,2025-05-25 14:16:47,Clinical Patient 1965,66,Female,Not applicable,General Medicine,18,Active Inpatient,VAP,Ventilator-Associated Pneumonia,E. coli,39.4,111,119,68,90,25,22.3,Liver disease,Normal,Normal,None known,,1,Ertapenem,21,None known,0.311,0.882,88.2,High,0.727,0.412,0.737,0.248,0.02,-0.02,0.015,-0.02,0.04,0.05,"Clinical explanation: AMR risk is high with prior antibiotic exposure=1, prior resistant organism=None known, and ward resistance rate=31.1%. Review feature attributions before making a clinical decision.",Meropenem + Vancomycin,Ceftazidime-Avibactam,95.4,No renal adjustment flag,No renal adjustment flag,Override,Alternative source-control plan,Clinician-selected regimen,Positive,2025-05-26 14:16:47,E. coli,CRE,Concordant,Recovered,No,Standard scenario,"Admitted to General Medicine with VAP from Ventilator-Associated Pneumonia. Initial vitals: T 39.4 C, HR 111, BP 119/68, SpO2 90%. History: Liver disease; kidney function Normal; allergy None known; prior antibiotic exposure in 90d 1; previous resistant organism None known. Culture status Positive.",1,0.533416,1,True Positive
PX-101970,ENC-20251970,True,2025-05-25 23:23:20,Clinical Patient 1971,56,Male,Not applicable,Surgical Ward,37,Transferred,Primary bacteremia,Bloodstream Infection,Mixed flora,40.3,106,106,64,94,12,51.3,CKD,Normal,Normal,None known,,1,Ertapenem,14,MRSA,0.39,0.8,80.0,High,0.795,0.708,0.446,0.504,0.02,0.08,0.035,-0.02,0.04,0.05,"Clinical explanation: AMR risk is high with prior antibiotic exposure=1, prior resistant organism=MRSA, and ward resistance rate=39.0%. Review feature attributions before making a clinical decision.",Meropenem + Vancomycin,Ceftazidime-Avibactam,65.5,No renal adjustment flag,No renal adjustment flag,Pending,Decision not yet recorded,Clinician-selected regimen,Positive,2025-05-28 23:23:20,Enterococcus faecalis,Other MDR,Concordant,Improved,No,Prior resistant organism,"Admitted to Surgical Ward with Primary bacteremia from Bloodstream Infection. Initial vitals: T 40.3 C, HR 106, BP 106/64, SpO2 94%. History: CKD; kidney function Normal; allergy None known; prior antibiotic exposure in 90d 1; previous resistant organism MRSA. Culture status Positive.",1,0.8325707,1,True Positive
PX-101976,ENC-20251976,True,2025-05-26 03:39:35,Clinical Patient 1977,87,Male,Not applicable,General Medicine,2,Active Inpatient,Complicated UTI,Urinary Tract Infection,Enterococcus faecalis,38.9,100,90,49,97,15,51.9,,Normal,Normal,None known,,3,Azithromycin,7,MRSA,0.292,0.829,82.9,High,0.614,0.536,0.804,0.411,0.1,0.08,0.01,-0.02,-0.02,0.05,"Clinical explanation: AMR risk is high with prior antibiotic exposure=3, prior resistant organism=MRSA, and ward resistance rate=29.2%. Review feature attributions before making a clinical decision.",Meropenem + Vancomycin,Ceftazidime-Avibactam,92.8,No renal adjustment flag,No renal adjustment flag,Accept,Clinician accepted the displayed first-line option,Meropenem + Vancomycin,Positive,2025-05-27 03:39:35,Enterococcus faecalis,ESBL,Concordant,Recovered,No,Prior resistant organism,"Admitted to General Medicine with Complicated UTI from Urinary Tract Infection. Initial vitals: T 38.9 C, HR 100, BP 90/49, SpO2 97%. History: None; kidney function Normal; allergy None known; prior antibiotic exposure in 90d 3; previous resistant organism MRSA. Culture status Positive.",1,0.78746575,1,True Positive
PX-101989,ENC-20251989,True,2025-05-27 05:10:10,Clinical Patient 1990,73,Female,Not applicable,General Medicine,27,Active Inpatient,Diverticulitis with perforation,Intra-abdominal Infection,P. aeruginosa,37.6,95,120,73,94,19,56.0,COPD,Mild impairment,Normal,None known,,0,None prior,0,ESBL,0.182,0.225,22.5,Low,0.225,0.117,0.22,0.154,-0.02,0.08,-0.017,-0.02,0.04,-0.02,"Clinical explanation: AMR risk is low with prior antibiotic exposure=0, prior resistant organism=ESBL, and ward resistance rate=18.2%. Review feature attributions before making a clinical decision.",Ceftriaxone,Cefepime,74.2,Renal adjustment review required,Renal adjustment review required,Modify,Dose/frequency adjusted after clinical review,Cefepime,Positive,2025-05-30 05:10:10,P. aeruginosa,None detected,Concordant,Recovered,No,Renal impairment,"Admitted to General Medicine with Diverticulitis with perforation from Intra-abdominal Infection. Initial vitals: T 37.6 C, HR 95, BP 120/73, SpO2 94%. History: COPD; kidney function Mild impairment; allergy None known; prior antibiotic exposure in 90d 0; previous resistant organism ESBL. Culture status Positive.",0,0.6124224,1,False Positive (Type I Error)
PX-101995,ENC-20251995,True,2025-05-27 22:51:28,Clinical Patient 1996,70,Female,Not applicable,Surgical Ward,20,Active Inpatient,Catheter-associated UTI,Urinary Tract Infection,Mixed flora,39.0,127,94,54,95,22,66.1,,Normal,Normal,None known,,2,Azithromycin,7,None known,0.385,0.626,62.6,High,0.562,0.51,0.583,0.227,0.06,-0.02,0.034,-0.02,-0.02,0.05,"Clinical explanation: AMR risk is high with prior antibiotic exposure=2, prior resistant organism=None known, and ward resistance rate=38.5%. Review feature attributions before making a clinical decision.",Meropenem + Vancomycin,Ceftazidime-Avibactam,76.5,No renal adjustment flag,No renal adjustment flag,Modify,Dose/frequency adjusted after clinical review,Ceftazidime-Avibactam,Positive,2025-05-28 22:51:28,K. pneumoniae,ESBL,Concordant,Recovered,No,Missing/unknown clinical field,"Admitted to Surgical Ward with Catheter-associated UTI from Urinary Tract Infection. Initial vitals: T 39.0 C, HR 127, BP 94/54, SpO2 95%. History: None; kidney function Normal; allergy None known; prior antibiotic exposure in 90d 2; previous resistant organism None known. Culture status Positive.",1,0.5856092,1,True Positive
PX-102000,ENC-20252000,True,2025-05-28 13:52:01,Clinical Patient 2001,67,Male,Not applicable,ICU,10,Active Inpatient,Catheter-associated UTI,Urinary Tract Infection,S. pneumoniae,39.2,95,120,61,85,19,25.1,Heart failure; Liver disease,Normal,Moderate impairment,Vancomycin,IgE-mediated,0,None in prior 90 days,0,CRE,0.503,0.85,85.0,High,0.897,0.322,0.529,0.495,-0.02,0.08,0.063,0.06,0.04,0.05,"Clinical explanation: AMR risk is high with prior antibiotic exposure=0, prior resistant organism=CRE, and ward resistance rate=50.3%. Review feature attributions before making a clinical decision.",Meropenem + Vancomycin,Ceftazidime-Avibactam,76.8,No renal adjustment flag,Documented Vancomycin allergy,Accept,Clinician accepted the displayed first-line option,Meropenem + Vancomycin,Positive,2025-06-01 13:52:01,S. pneumoniae,Other MDR,Concordant,Recovered,No,Allergy/safety edge case,"Admitted to ICU with Catheter-associated UTI from Urinary Tract Infection. Initial vitals: T 39.2 C, HR 95, BP 120/61, SpO2 85%. History: Heart failure; Liver disease; kidney function Normal; allergy Vancomycin; prior antibiotic exposure in 90d 0; previous resistant organism CRE. Culture status Positive.",1,0.6266625,1,True Positive
PX-102007,ENC-20252007,True,2025-05-28 22:19:09,Clinical Patient 2008,67,Male,Not applicable,General Medicine,30,Discharged,Biliary tract infection,Intra-abdominal Infection,No organism identified,36.5,94,136,92,100,18,40.4,Liver disease,Moderate impairment,Normal,Penicillin,IgE-mediated,1,Ertapenem,14,None known,0.21,0.422,42.2,Medium,0.406,0.147,0.235,0.109,0.02,-0.02,-0.01,-0.02,0.04,-0.02,"Clinical explanation: AMR risk is medium with prior antibiotic exposure=1, prior resistant organism=None known, and ward resistance rate=21.0%. Review feature attributions before making a clinical decision.",Piperacillin-Tazobactam,Cefepime + Vancomycin,95.6,Renal adjustment review required,Documented Penicillin allergy | Renal adjustment review required,Accept,Clinician accepted the displayed first-line option,Piperacillin-Tazobactam,Positive,2025-05-31 22:19:09,E. coli,None detected,Concordant,Recovered,No,Renal impairment,"Admitted to General Medicine with Biliary tract infection from Intra-abdominal Infection. Initial vitals: T 36.5 C, HR 94, BP 136/92, SpO2 100%. History: Liver disease; kidney function Moderate impairment; allergy Penicillin; prior antibiotic exposure in 90d 1; previous resistant organism None known. Culture status Positive.",0,0.4241256,0,True Negative
PX-102008,ENC-20252008,True,2025-05-29 01:20:36,Clinical Patient 2009,58,Male,Not applicable,General Medicine,1,Transferred,VAP,Ventilator-Associated Pneumonia,E. coli,38.0,97,78,53,87,18,29.4,CKD,Normal,Normal,Penicillin,IgE-mediated,0,None prior,0,None known,0.285,0.604,60.4,High,0.63,0.514,0.438,0.13,-0.02,-0.02,0.009,-0.02,0.04,-0.02,"Clinical explanation: AMR risk is high with prior antibiotic exposure=0, prior resistant organism=None known, and ward resistance rate=28.5%. Review feature attributions before making a clinical decision.",Meropenem + Vancomycin,Ceftazidime-Avibactam,76.4,No renal adjustment flag,Documented Penicillin allergy,Accept,Clinician accepted the displayed first-line option,Meropenem + Vancomycin,Positive,2025-06-02 01:20:36,E. coli,None detected,Discordant,Recovered,No,Allergy/safety edge case,"Admitted to General Medicine with VAP from Ventilator-Associated Pneumonia. Initial vitals: T 38.0 C, HR 97, BP 78/53, SpO2 87%. History: CKD; kidney function Normal; allergy Penicillin; prior antibiotic exposure in 90d 0; previous resistant organism None known. Culture status Positive.",0,0.31297183,0,True Negative
PX-102015,ENC-20252015,True,2025-05-29 15:01:12,Clinical Patient 2016,63,Male,Not applicable,General Medicine,18,Active Inpatient,Biliary tract infection,Intra-abdominal Infection,Enterobacter cloacae complex,38.9,98,92,50,95,18,129.0,,Mild impairment,Normal,None known,,4,Ceftriaxone,7,ESBL,0.17,0.86,86.0,High,0.721,0.517,0.58,0.609,0.14,0.08,-0.02,-0.02,-0.02,0.05,"Clinical explanation: AMR risk is high with prior antibiotic exposure=4, prior resistant organism=ESBL, and ward resistance rate=17.0%. Review feature attributions before making a clinical decision.",Meropenem + Vancomycin,Ceftazidime-Avibactam,69.1,Renal adjustment review required,Renal adjustment review required,Accept,Clinician accepted the displayed first-line option,Meropenem + Vancomycin,Positive,2025-06-01 15:01:12,Enterobacter cloacae complex,CRE,Concordant,Improved,No,Renal impairment,"Admitted to General Medicine with Biliary tract infection from Intra-abdominal Infection. Initial vitals: T 38.9 C, HR 98, BP 92/50, SpO2 95%. History: None; kidney function Mild impairment; allergy None known; prior antibiotic exposure in 90d 4; previous resistant organism ESBL. Culture status Positive.",1,0.7576583,1,True Positive
PX-102020,ENC-20252020,True,2025-05-29 22:49:25,Clinical Patient 2021,51,Female,Not applicable,ICU,9,Active Inpatient,HAP,Hospital-Acquired Pneumonia,Mixed flora,38.4,120,105,64,87,26,63.0,COPD; Hypertension,AKI,Normal,None known,,2,Vancomycin,10,None known,0.501,0.725,72.5,High,0.626,0.587,0.429,0.478,0.06,-0.02,0.063,0.06,0.04,0.05,"Clinical explanation: AMR risk is high with prior antibiotic exposure=2, prior resistant organism=None known, and ward resistance rate=50.1%. Review feature attributions before making a clinical decision.",Meropenem + Vancomycin,Ceftazidime-Avibactam,94.6,Renal adjustment review required,Renal adjustment review required,Pending,Decision not yet recorded,Clinician-selected regimen,Positive,2025-05-31 22:49:25,P. aeruginosa,MDR Pseudomonas,Concordant,Recovered,No,Standard scenario,"Admitted to ICU with HAP from Hospital-Acquired Pneumonia. Initial vitals: T 38.4 C, HR 120, BP 105/64, SpO2 87%. History: COPD; Hypertension; kidney function AKI; allergy None known; prior antibiotic exposure in 90d 2; previous resistant organism None known. Culture status Positive.",1,0.7314282,1,True Positive
PX-102027,ENC-20252027,True,2025-05-30 10:49:10,Clinical Patient 2028,83,Male,Not applicable,ICU,16,Active Inpatient,Appendicitis with abscess,Intra-abdominal Infection,S. aureus,39.3,124,65,35,91,20,40.4,,Mild impairment,Normal,None known,,1,Ceftriaxone,14,CRE,0.524,0.928,92.8,High,0.736,0.4,0.584,0.443,0.02,0.08,0.069,0.06,-0.02,0.05,"Clinical explanation: AMR risk is high with prior antibiotic exposure=1, prior resistant organism=CRE, and ward resistance rate=52.4%. Review feature attributions before making a clinical decision.",Meropenem + Vancomycin,Ceftazidime-Avibactam,73.8,Renal adjustment review required,Renal adjustment review required,Accept,Clinician accepted the displayed first-line option,Meropenem + Vancomycin,Positive,2025-05-31 10:49:10,S. aureus,MRSA,Concordant,Improved,No,Renal impairment,"Admitted to ICU with Appendicitis with abscess from Intra-abdominal Infection. Initial vitals: T 39.3 C, HR 124, BP 65/35, SpO2 91%. History: None; kidney function Mild impairment; allergy None known; prior antibiotic exposure in 90d 1; previous resistant organism CRE. Culture status Positive.",1,0.7964327,1,True Positive
PX-102045,ENC-20252045,True,2025-05-31 17:17:50,Clinical Patient 2046,67,Female,Not applicable,General Medicine,11,Active Inpatient,Diverticulitis with perforation,Intra-abdominal Infection,K. pneumoniae,37.0,96,128,76,94,18,38.9,Diabetes; Hypertension,Normal,Mild impairment,None known,,1,Meropenem,14,None known,0.268,0.431,43.1,Medium,0.339,0.267,0.27,0.305,0.02,-0.02,0.005,-0.02,0.04,-0.02,"Clinical explanation: AMR risk is medium with prior antibiotic exposure=1, prior resistant organism=None known, and ward resistance rate=26.8%. Review feature attributions before making a clinical decision.",Piperacillin-Tazobactam,Cefepime + Vancomycin,87.8,No renal adjustment flag,No renal adjustment flag,Accept,Clinician accepted the displayed first-line option,Piperacillin-Tazobactam,Positive,2025-06-01 17:17:50,K. pneumoniae,None detected,Concordant,Improved,No,Standard scenario,"Admitted to General Medicine with Diverticulitis with perforation from Intra-abdominal Infection. Initial vitals: T 37.0 C, HR 96, BP 128/76, SpO2 94%. History: Diabetes; Hypertension; kidney function Normal; allergy None known; prior antibiotic exposure in 90d 1; previous resistant organism None known. Culture status Positive.",0,0.49646017,0,True Negative
PX-102106,ENC-20252106,True,2025-06-05 10:38:06,Clinical Patient 2107,45,Male,Not applicable,Surgical Ward,22,Active Inpatient,Complicated intra-abdominal infection,Intra-abdominal Infection,Mixed flora,38.8,85,92,57,96,20,23.7,,Mild impairment,Mild impairment,None known,,0,None in prior 90 days,0,None known,0.33,0.221,22.1,Low,0.238,0.159,0.19,0.054,-0.02,-0.02,0.02,-0.02,-0.02,0.05,"Clinical explanation: AMR risk is low with prior antibiotic exposure=0, prior resistant organism=None known, and ward resistance rate=33.0%. Review feature attributions before making a clinical decision.",Ceftriaxone,Cefepime,87.6,Renal adjustment review required,Renal adjustment review required,Accept,Clinician accepted the displayed first-line option,Ceftriaxone,Positive,2025-06-07 10:38:06,S. aureus,MRSA,Discordant,Improved,No,Renal impairment,"Admitted to Surgical Ward with Complicated intra-abdominal infection from Intra-abdominal Infection. Initial vitals: T 38.8 C, HR 85, BP 92/57, SpO2 96%. History: None; kidney function Mild impairment; allergy None known; prior antibiotic exposure in 90d 0; previous resistant organism None known. Culture status Positive.",1,0.2726949,0,False Negative (Type II Error - Critical Missed Resistance)
PX-102107,ENC-20252107,True,2025-06-05 10:47:34,Clinical Patient 2108,83,Male,Not applicable,General Medicine,22,Discharged,Biliary tract infection,Intra-abdominal Infection,K. pneumoniae,39.2,109,119,75,97,19,19.6,CKD; Heart failure; Immunosuppression,Normal,Normal,None known,,1,Ceftriaxone,14,None known,0.157,0.45,45.0,Medium,0.394,0.28,0.32,0.237,0.02,-0.02,-0.023,-0.02,0.04,0.05,"Clinical explanation: AMR risk is medium with prior antibiotic exposure=1, prior resistant organism=None known, and ward resistance rate=15.7%. Review feature attributions before making a clinical decision.",Piperacillin-Tazobactam,Cefepime + Vancomycin,67.0,No renal adjustment flag,No renal adjustment flag,Accept,Clinician accepted the displayed first-line option,Piperacillin-Tazobactam,Positive,2025-06-08 10:47:34,K. pneumoniae,None detected,Concordant,Improved,No,Standard scenario,"Admitted to General Medicine with Biliary tract infection from Intra-abdominal Infection. Initial vitals: T 39.2 C, HR 109, BP 119/75, SpO2 97%. History: CKD; Heart failure; Immunosuppression; kidney function Normal; allergy None known; prior antibiotic exposure in 90d 1; previous resistant organism None known. Culture status Positive.",0,0.4882473,0,True Negative
PX-102113,ENC-20252113,True,2025-06-05 18:04:40,Clinical Patient 2114,50,Male,Not applicable,ICU,35,Active Inpatient,Diverticulitis with perforation,Intra-abdominal Infection,S. aureus,38.8,112,85,36,87,23,149.6,Liver disease,Normal,Normal,Cephalosporin,Mild/rash,1,Ceftriaxone + Azithromycin,28,ESBL,0.549,0.969,96.9,High,0.928,0.772,0.563,0.612,0.02,0.08,0.075,0.06,0.04,0.05,"Clinical explanation: AMR risk is high with prior antibiotic exposure=1, prior resistant organism=ESBL, and ward resistance rate=54.9%. Review feature attributions before making a clinical decision.",Meropenem + Vancomycin,Ceftazidime-Avibactam,70.6,No renal adjustment flag,Documented Cephalosporin allergy,Accept,Clinician accepted the displayed first-line option,Meropenem + Vancomycin,Positive,2025-06-06 18:04:40,S. aureus,MRSA,Concordant,Escalated care,Yes,Allergy/safety edge case,"Admitted to ICU with Diverticulitis with perforation from Intra-abdominal Infection. Initial vitals: T 38.8 C, HR 112, BP 85/36, SpO2 87%. History: Liver disease; kidney function Normal; allergy Cephalosporin; prior antibiotic exposure in 90d 1; previous resistant organism ESBL. Culture status Positive.",1,0.8901604,1,True Positive
PX-102134,ENC-20252134,True,2025-06-07 16:33:14,Clinical Patient 2135,46,Male,Not applicable,Surgical Ward,27,Active Inpatient,Suspected bacteremia,Bloodstream Infection,Mixed flora,39.6,101,116,65,93,14,99.8,COPD; Diabetes; Liver disease,Normal,Normal,None known,,1,Amoxicillin-Clavulanate,28,ESBL,0.494,0.954,95.4,High,0.721,0.643,0.58,0.516,0.02,0.08,0.061,-0.02,0.04,0.05,"Clinical explanation: AMR risk is high with prior antibiotic exposure=1, prior resistant organism=ESBL, and ward resistance rate=49.4%. Review feature attributions before making a clinical decision.",Meropenem + Vancomycin,Ceftazidime-Avibactam,89.7,No renal adjustment flag,No renal adjustment flag,Modify,Dose/frequency adjusted after clinical review,Ceftazidime-Avibactam,Positive,2025-06-10 16:33:14,Enterococcus faecalis,ESBL,Concordant,Improved,No,Prior resistant organism,"Admitted to Surgical Ward with Suspected bacteremia from Bloodstream Infection. Initial vitals: T 39.6 C, HR 101, BP 116/65, SpO2 93%. History: COPD; Diabetes; Liver disease; kidney function Normal; allergy None known; prior antibiotic exposure in 90d 1; previous resistant organism ESBL. Culture status Positive.",1,0.82916415,1,True Positive
PX-102136,ENC-20252136,True,2025-06-07 17:29:35,Clinical Patient 2137,55,Female,Not applicable,Surgical Ward,25,Active Inpatient,Severe CAP,Community-Acquired Pneumonia,S. aureus,38.0,82,113,63,91,22,39.9,,Severe impairment,Mild impairment,None known,,0,None in prior 90 days,0,MRSA,0.282,0.595,59.5,Medium,0.441,0.45,0.493,0.409,-0.02,0.08,0.008,-0.02,-0.02,-0.02,"Clinical explanation: AMR risk is medium with prior antibiotic exposure=0, prior resistant organism=MRSA, and ward resistance rate=28.2%. Review feature attributions before making a clinical decision.",Piperacillin-Tazobactam,Cefepime + Vancomycin,68.4,Renal adjustment review required,Renal adjustment review required,Pending,Decision not yet recorded,Clinician-selected regimen,Positive,2025-06-09 17:29:35,S. aureus,MRSA,Concordant,Improved,No,Renal impairment,"Admitted to Surgical Ward with Severe CAP from Community-Acquired Pneumonia. Initial vitals: T 38.0 C, HR 82, BP 113/63, SpO2 91%. History: None; kidney function Severe impairment; allergy None known; prior antibiotic exposure in 90d 0; previous resistant organism MRSA. Culture status Positive.",1,0.6448486,1,True Positive
PX-102145,ENC-20252145,True,2025-06-08 10:38:13,Clinical Patient 2146,42,Male,Not applicable,General Medicine,2,Active Inpatient,VAP,Ventilator-Associated Pneumonia,K. pneumoniae,37.5,113,92,57,94,25,67.1,,Normal,Severe impairment,Penicillin,Mild/rash,1,Ceftriaxone,21,ESBL,0.292,0.864,86.4,High,0.819,0.77,0.631,0.492,0.02,0.08,0.01,-0.02,-0.02,0.05,"Clinical explanation: AMR risk is high with prior antibiotic exposure=1, prior resistant organism=ESBL, and ward resistance rate=29.2%. Review feature attributions before making a clinical decision.",Meropenem + Vancomycin,Ceftazidime-Avibactam,75.2,No renal adjustment flag,Documented Penicillin allergy,Accept,Clinician accepted the displayed first-line option,Meropenem + Vancomycin,Positive,2025-06-09 10:38:13,K. pneumoniae,ESBL,Concordant,Treatment modified after deterioration,Yes,Allergy/safety edge case,"Admitted to General Medicine with VAP from Ventilator-Associated Pneumonia. Initial vitals: T 37.5 C, HR 113, BP 92/57, SpO2 94%. History: None; kidney function Normal; allergy Penicillin; prior antibiotic exposure in 90d 1; previous resistant organism ESBL. Culture status Positive.",1,0.80245346,1,True Positive
PX-102147,ENC-20252147,True,2025-06-08 13:02:36,Clinical Patient 2148,68,Female,Not applicable,General Medicine,31,Active Inpatient,Complicated UTI,Urinary Tract Infection,S. aureus,39.0,91,130,77,93,19,35.9,CKD; Immunosuppression,AKI,Normal,Cephalosporin,IgE-mediated,0,None prior,0,CRE,0.326,0.382,38.2,Medium,0.29,0.277,0.343,0.078,-0.02,0.08,0.019,-0.02,0.04,0.05,"Clinical explanation: AMR risk is medium with prior antibiotic exposure=0, prior resistant organism=CRE, and ward resistance rate=32.6%. Review feature attributions before making a clinical decision.",Piperacillin-Tazobactam,Cefepime + Vancomycin,91.9,Renal adjustment review required,Documented Cephalosporin allergy | Renal adjustment review required,Accept,Clinician accepted the displayed first-line option,Piperacillin-Tazobactam,Positive,2025-06-10 13:02:36,S. aureus,None detected,Concordant,Recovered,No,Allergy/safety edge case,"Admitted to General Medicine with Complicated UTI from Urinary Tract Infection. Initial vitals: T 39.0 C, HR 91, BP 130/77, SpO2 93%. History: CKD; Immunosuppression; kidney function AKI; allergy Cephalosporin; prior antibiotic exposure in 90d 0; previous resistant organism CRE. Culture status Positive.",0,0.6660252,1,False Positive (Type I Error)
PX-102203,ENC-20252203,True,2025-06-11 16:11:29,Clinical Patient 2204,84,Male,Not applicable,General Medicine,7,Discharged,Deep incisional SSI,Surgical Site Infection,E. coli,37.0,78,128,78,98,17,43.9,,Normal,Normal,None known,,0,None in prior 90 days,0,None known,0.214,0.294,29.4,Low,0.3,0.248,0.144,0.169,-0.02,-0.02,-0.009,-0.02,-0.02,-0.02,"Clinical explanation: AMR risk is low with prior antibiotic exposure=0, prior resistant organism=None known, and ward resistance rate=21.4%. Review feature attributions before making a clinical decision.",Ceftriaxone,Cefepime,81.3,No renal adjustment flag,No renal adjustment flag,Accept,Clinician accepted the displayed first-line option,Ceftriaxone,Positive,2025-06-14 16:11:29,E. coli,ESBL,Discordant,Treatment modified after deterioration,Yes,Missing/unknown clinical field,"Admitted to General Medicine with Deep incisional SSI from Surgical Site Infection. Initial vitals: T 37.0 C, HR 78, BP 128/78, SpO2 98%. History: None; kidney function Normal; allergy None known; prior antibiotic exposure in 90d 0; previous resistant organism None known. Culture status Positive.",1,0.2488331,0,False Negative (Type II Error - Critical Missed Resistance)
PX-102207,ENC-20252207,True,2025-06-12 02:14:41,Clinical Patient 2208,89,Female,Not applicable,Emergency Department,9,Transferred,VAP,Ventilator-Associated Pneumonia,Enterococcus faecalis,37.4,128,118,65,96,21,100.4,,Normal,Normal,Vancomycin,Mild/rash,2,Levofloxacin,28,ESBL,0.192,0.955,95.5,High,0.95,0.311,0.43,0.762,0.06,0.08,-0.014,-0.02,-0.02,0.05,"Clinical explanation: AMR risk is high with prior antibiotic exposure=2, prior resistant organism=ESBL, and ward resistance rate=19.2%. Review feature attributions before making a clinical decision.",Meropenem + Vancomycin,Ceftazidime-Avibactam,80.4,No renal adjustment flag,Documented Vancomycin allergy,Pending,Decision not yet recorded,Clinician-selected regimen,Positive,2025-06-16 02:14:41,Enterococcus faecalis,Other MDR,Concordant,No documented outcome,No,Allergy/safety edge case,"Admitted to Emergency Department with VAP from Ventilator-Associated Pneumonia. Initial vitals: T 37.4 C, HR 128, BP 118/65, SpO2 96%. History: None; kidney function Normal; allergy Vancomycin; prior antibiotic exposure in 90d 2; previous resistant organism ESBL. Culture status Positive.",1,0.8760314,1,True Positive
PX-102209,ENC-20252209,True,2025-06-12 07:22:26,Clinical Patient 2210,42,Female,No,Emergency Department,11,Active Inpatient,CAP,Community-Acquired Pneumonia,P. aeruginosa,38.4,76,110,76,91,24,20.2,,Normal,Normal,Sulfonamide,Mild/rash,0,None in prior 90 days,0,MRSA,0.178,0.517,51.7,Medium,0.489,0.204,0.515,0.396,-0.02,0.08,-0.018,-0.02,-0.02,-0.02,"Clinical explanation: AMR risk is medium with prior antibiotic exposure=0, prior resistant organism=MRSA, and ward resistance rate=17.8%. Review feature attributions before making a clinical decision.",Piperacillin-Tazobactam,Cefepime + Vancomycin,73.8,No renal adjustment flag,Documented Sulfonamide allergy,Modify,Dose/frequency adjusted after clinical review,Cefepime + Vancomycin,Positive,2025-06-13 07:22:26,P. aeruginosa,Other MDR,Concordant,No documented outcome,No,Allergy/safety edge case,"Admitted to Emergency Department with CAP from Community-Acquired Pneumonia. Initial vitals: T 38.4 C, HR 76, BP 110/76, SpO2 91%. History: None; kidney function Normal; allergy Sulfonamide; prior antibiotic exposure in 90d 0; previous resistant organism MRSA. Culture status Positive.",1,0.48623288,0,False Negative (Type II Error - Critical Missed Resistance)
PX-102211,ENC-20252211,True,2025-06-12 11:07:45,Clinical Patient 2212,61,Female,Not applicable,General Medicine,40,Active Inpatient,Late-onset VAP,Ventilator-Associated Pneumonia,No organism identified,35.9,111,109,59,88,24,15.7,Hypertension,Normal,Normal,Multiple antibiotics,Mild/rash,0,None in prior 90 days,0,None known,0.217,0.35,35.0,Medium,0.264,0.192,0.28,0.079,-0.02,-0.02,-0.008,-0.02,0.04,0.05,"Clinical explanation: AMR risk is medium with prior antibiotic exposure=0, prior resistant organism=None known, and ward resistance rate=21.7%. Review feature attributions before making a clinical decision.",Piperacillin-Tazobactam,Cefepime + Vancomycin,87.9,No renal adjustment flag,Documented Multiple antibiotics allergy,Accept,Clinician accepted the displayed first-line option,Piperacillin-Tazobactam,Positive,2025-06-13 11:07:45,S. aureus,None detected,Concordant,Improved,No,Allergy/safety edge case,"Admitted to General Medicine with Late-onset VAP from Ventilator-Associated Pneumonia. Initial vitals: T 35.9 C, HR 111, BP 109/59, SpO2 88%. History: Hypertension; kidney function Normal; allergy Multiple antibiotics; prior antibiotic exposure in 90d 0; previous resistant organism None known. Culture status Positive.",0,0.24471186,0,True Negative
PX-102220,ENC-20252220,True,2025-06-13 06:34:54,Clinical Patient 2221,92,Female,Not applicable,ICU,24,Active Inpatient,Catheter-related bloodstream infection,Bloodstream Infection,S. aureus,38.7,113,109,69,87,28,28.9,Cancer; Liver disease,Normal,Moderate impairment,Penicillin,,0,None prior,0,None known,0.387,0.579,57.9,Medium,0.484,0.284,0.322,0.44,-0.02,-0.02,0.034,0.06,0.04,0.05,"Clinical explanation: AMR risk is medium with prior antibiotic exposure=0, prior resistant organism=None known, and ward resistance rate=38.7%. Review feature attributions before making a clinical decision.",Piperacillin-Tazobactam,Cefepime + Vancomycin,95.9,No renal adjustment flag,Documented Penicillin allergy,Override,Alternative source-control plan,Clinician-selected regimen,Positive,2025-06-16 06:34:54,S. aureus,None detected,Discordant,Recovered,No,Allergy/safety edge case,"Admitted to ICU with Catheter-related bloodstream infection from Bloodstream Infection. Initial vitals: T 38.7 C, HR 113, BP 109/69, SpO2 87%. History: Cancer; Liver disease; kidney function Normal; allergy Penicillin; prior antibiotic exposure in 90d 0; previous resistant organism None known. Culture status Positive.",0,0.564413,1,False Positive (Type I Error)
PX-102234,ENC-20252234,True,2025-06-14 12:02:52,Clinical Patient 2235,79,Male,Not applicable,Emergency Department,38,Active Inpatient,Diverticulitis with perforation,Intra-abdominal Infection,Mixed flora,39.0,143,85,38,98,17,40.2,Diabetes,Normal,Mild impairment,None known,,5,Levofloxacin,7,ESBL,0.191,0.469,46.9,Medium,0.457,0.271,0.366,0.31,0.18,0.08,-0.015,-0.02,0.04,0.05,"Clinical explanation: AMR risk is medium with prior antibiotic exposure=5, prior resistant organism=ESBL, and ward resistance rate=19.1%. Review feature attributions before making a clinical decision.",Piperacillin-Tazobactam,Cefepime + Vancomycin,67.2,No renal adjustment flag,No renal adjustment flag,Modify,Dose/frequency adjusted after clinical review,Cefepime + Vancomycin,Positive,2025-06-16 12:02:52,Enterococcus faecalis,None detected,Concordant,Improved,No,Prior resistant organism,"Admitted to Emergency Department with Diverticulitis with perforation from Intra-abdominal Infection. Initial vitals: T 39.0 C, HR 143, BP 85/38, SpO2 98%. History: Diabetes; kidney function Normal; allergy None known; prior antibiotic exposure in 90d 5; previous resistant organism ESBL. Culture status Positive.",0,0.7923376,1,False Positive (Type I Error)
PX-102243,ENC-20252243,True,2025-06-14 21:14:01,Clinical Patient 2244,75,Female,Not applicable,ICU,4,Active Inpatient,Complicated intra-abdominal infection,Intra-abdominal Infection,S. aureus,38.1,112,82,46,92,27,99.6,,Normal,Unknown,Penicillin,Mild/rash,0,None in prior 90 days,0,None known,0.347,0.342,34.2,Medium,0.349,0.25,0.221,0.155,-0.02,-0.02,0.024,0.06,-0.02,0.05,"Clinical explanation: AMR risk is medium with prior antibiotic exposure=0, prior resistant organism=None known, and ward resistance rate=34.7%. Review feature attributions before making a clinical decision.",Piperacillin-Tazobactam,Cefepime + Vancomycin,74.4,No renal adjustment flag,Documented Penicillin allergy,Override,Alternative source-control plan,Clinician-selected regimen,Positive,2025-06-16 21:14:01,S. aureus,MRSA,Discordant,Improved,No,Allergy/safety edge case,"Admitted to ICU with Complicated intra-abdominal infection from Intra-abdominal Infection. Initial vitals: T 38.1 C, HR 112, BP 82/46, SpO2 92%. History: None; kidney function Normal; allergy Penicillin; prior antibiotic exposure in 90d 0; previous resistant organism None known. Culture status Positive.",1,0.47501817,0,False Negative (Type II Error - Critical Missed Resistance)
PX-102245,ENC-20252245,True,2025-06-15 02:01:55,Clinical Patient 2246,79,Female,Not applicable,Surgical Ward,30,Active Inpatient,Superficial SSI,Surgical Site Infection,S. aureus,38.4,117,79,49,97,19,130.9,,Moderate impairment,Normal,None known,,2,Ceftriaxone + Azithromycin,28,None known,0.432,0.626,62.6,High,0.587,0.357,0.474,0.295,0.06,-0.02,0.045,-0.02,-0.02,0.05,"Clinical explanation: AMR risk is high with prior antibiotic exposure=2, prior resistant organism=None known, and ward resistance rate=43.2%. Review feature attributions before making a clinical decision.",Meropenem + Vancomycin,Ceftazidime-Avibactam,72.9,Renal adjustment review required,Renal adjustment review required,Accept,Clinician accepted the displayed first-line option,Meropenem + Vancomycin,Positive,2025-06-17 02:01:55,S. aureus,MRSA,Concordant,Improved,No,Renal impairment,"Admitted to Surgical Ward with Superficial SSI from Surgical Site Infection. Initial vitals: T 38.4 C, HR 117, BP 79/49, SpO2 97%. History: None; kidney function Moderate impairment; allergy None known; prior antibiotic exposure in 90d 2; previous resistant organism None known. Culture status Positive.",1,0.7024297,1,True Positive
PX-102246,ENC-20252246,True,2025-06-15 03:33:08,Clinical Patient 2247,56,Male,Not applicable,Surgical Ward,28,Active Inpatient,CAP,Community-Acquired Pneumonia,P. aeruginosa,37.0,103,94,55,86,16,20.0,Heart failure,Normal,Mild impairment,None known,,1,Azithromycin,21,None known,0.288,0.763,76.3,High,0.65,0.315,0.508,0.552,0.02,-0.02,0.009,-0.02,0.04,-0.02,"Clinical explanation: AMR risk is high with prior antibiotic exposure=1, prior resistant organism=None known, and ward resistance rate=28.8%. Review feature attributions before making a clinical decision.",Meropenem + Vancomycin,Ceftazidime-Avibactam,85.8,No renal adjustment flag,No renal adjustment flag,Accept,Clinician accepted the displayed first-line option,Meropenem + Vancomycin,Positive,2025-06-17 03:33:08,P. aeruginosa,MDR Pseudomonas,Concordant,Recovered,No,Standard scenario,"Admitted to Surgical Ward with CAP from Community-Acquired Pneumonia. Initial vitals: T 37.0 C, HR 103, BP 94/55, SpO2 86%. History: Heart failure; kidney function Normal; allergy None known; prior antibiotic exposure in 90d 1; previous resistant organism None known. Culture status Positive.",1,0.5897258,1,True Positive
PX-102259,ENC-20252259,True,2025-06-16 08:51:28,Clinical Patient 2260,83,Female,Not applicable,General Medicine,8,Discharged,Pyelonephritis,Urinary Tract Infection,Enterococcus faecalis,38.4,110,95,61,92,22,28.6,CKD; Cancer; Immunosuppression,Normal,Normal,None known,,3,Meropenem,28,None known,0.285,0.625,62.5,High,0.505,0.455,0.527,0.324,0.1,-0.02,0.009,-0.02,0.04,0.05,"Clinical explanation: AMR risk is high with prior antibiotic exposure=3, prior resistant organism=None known, and ward resistance rate=28.5%. Review feature attributions before making a clinical decision.",Meropenem + Vancomycin,Ceftazidime-Avibactam,69.8,No renal adjustment flag,No renal adjustment flag,Accept,Clinician accepted the displayed first-line option,Meropenem + Vancomycin,Positive,2025-06-19 08:51:28,Enterococcus faecalis,Other MDR,Concordant,Improved,No,Standard scenario,"Admitted to General Medicine with Pyelonephritis from Urinary Tract Infection. Initial vitals: T 38.4 C, HR 110, BP 95/61, SpO2 92%. History: CKD; Cancer; Immunosuppression; kidney function Normal; allergy None known; prior antibiotic exposure in 90d 3; previous resistant organism None known. Culture status Positive.",1,0.6711608,1,True Positive
PX-102264,ENC-20252264,True,2025-06-16 13:09:32,Clinical Patient 2265,58,Female,Not applicable,ICU,18,Active Inpatient,Complicated intra-abdominal infection,Intra-abdominal Infection,E. coli,37.4,130,85,42,92,24,34.5,,Mild impairment,Normal,None known,,1,Azithromycin,5,None known,0.311,0.503,50.3,Medium,0.544,0.249,0.409,0.202,0.02,-0.02,0.015,0.06,-0.02,0.05,"Clinical explanation: AMR risk is medium with prior antibiotic exposure=1, prior resistant organism=None known, and ward resistance rate=31.1%. Review feature attributions before making a clinical decision.",Piperacillin-Tazobactam,Cefepime + Vancomycin,92.7,Renal adjustment review required,Renal adjustment review required,Accept,Clinician accepted the displayed first-line option,Piperacillin-Tazobactam,Positive,2025-06-20 13:09:32,E. coli,None detected,Discordant,Improved,No,Renal impairment,"Admitted to ICU with Complicated intra-abdominal infection from Intra-abdominal Infection. Initial vitals: T 37.4 C, HR 130, BP 85/42, SpO2 92%. History: None; kidney function Mild impairment; allergy None known; prior antibiotic exposure in 90d 1; previous resistant organism None known. Culture status Positive.",0,0.5086411,1,False Positive (Type I Error)
PX-102286,ENC-20252286,True,2025-06-18 00:23:22,Clinical Patient 2287,54,Female,Not applicable,Surgical Ward,33,Active Inpatient,Pyelonephritis,Urinary Tract Infection,K. pneumoniae,38.5,87,123,74,92,13,110.3,,Mild impairment,Normal,None known,,4,Ceftriaxone,3,None known,0.209,0.854,85.4,High,0.796,0.488,0.411,0.23,0.14,-0.02,-0.01,-0.02,-0.02,-0.02,"Clinical explanation: AMR risk is high with prior antibiotic exposure=4, prior resistant organism=None known, and ward resistance rate=20.9%. Review feature attributions before making a clinical decision.",Meropenem + Vancomycin,Ceftazidime-Avibactam,76.3,Renal adjustment review required,Renal adjustment review required,Accept,Clinician accepted the displayed first-line option,Meropenem + Vancomycin,Positive,2025-06-21 00:23:22,K. pneumoniae,ESBL,Concordant,Improved,No,Renal impairment,"Admitted to Surgical Ward with Pyelonephritis from Urinary Tract Infection. Initial vitals: T 38.5 C, HR 87, BP 123/74, SpO2 92%. History: None; kidney function Mild impairment; allergy None known; prior antibiotic exposure in 90d 4; previous resistant organism None known. Culture status Positive.",1,0.3727787,0,False Negative (Type II Error - Critical Missed Resistance)
PX-102301,ENC-20252301,True,2025-06-19 11:34:28,Clinical Patient 2302,53,Male,Not applicable,Surgical Ward,1,Active Inpatient,Complicated intra-abdominal infection,Intra-abdominal Infection,Enterobacter cloacae complex,38.3,102,101,53,94,17,12.5,,Normal,Normal,None known,,2,Levofloxacin,5,None known,0.396,0.237,23.7,Low,0.206,0.207,0.2,0.097,0.06,-0.02,0.037,-0.02,-0.02,-0.02,"Clinical explanation: AMR risk is low with prior antibiotic exposure=2, prior resistant organism=None known, and ward resistance rate=39.6%. Review feature attributions before making a clinical decision.",Ceftriaxone,Cefepime,74.6,No renal adjustment flag,No renal adjustment flag,Pending,Decision not yet recorded,Clinician-selected regimen,Positive,2025-06-20 11:34:28,Enterobacter cloacae complex,None detected,Concordant,Recovered,No,Missing/unknown clinical field,"Admitted to Surgical Ward with Complicated intra-abdominal infection from Intra-abdominal Infection. Initial vitals: T 38.3 C, HR 102, BP 101/53, SpO2 94%. History: None; kidney function Normal; allergy None known; prior antibiotic exposure in 90d 2; previous resistant organism None known. Culture status Positive.",0,0.5463538,1,False Positive (Type I Error)
PX-102313,ENC-20252313,True,2025-06-20 03:26:27,Clinical Patient 2314,43,Male,Not applicable,General Medicine,11,Active Inpatient,Complicated UTI,Urinary Tract Infection,K. pneumoniae,39.3,68,99,55,93,16,6.6,Immunosuppression,Normal,Mild impairment,None known,,1,Vancomycin,7,None known,0.182,0.32,32.0,Medium,0.346,0.187,0.24,0.162,0.02,-0.02,-0.017,-0.02,0.04,0.05,"Clinical explanation: AMR risk is medium with prior antibiotic exposure=1, prior resistant organism=None known, and ward resistance rate=18.2%. Review feature attributions before making a clinical decision.",Piperacillin-Tazobactam,Cefepime + Vancomycin,72.2,No renal adjustment flag,No renal adjustment flag,Accept,Clinician accepted the displayed first-line option,Piperacillin-Tazobactam,Positive,2025-06-24 03:26:27,K. pneumoniae,None detected,Concordant,Improved,No,Standard scenario,"Admitted to General Medicine with Complicated UTI from Urinary Tract Infection. Initial vitals: T 39.3 C, HR 68, BP 99/55, SpO2 93%. History: Immunosuppression; kidney function Normal; allergy None known; prior antibiotic exposure in 90d 1; previous resistant organism None known. Culture status Positive.",0,0.304078,0,True Negative
PX-102323,ENC-20252323,True,2025-06-20 23:08:13,Clinical Patient 2324,81,Female,Not applicable,Emergency Department,4,Discharged,Early-onset VAP,Ventilator-Associated Pneumonia,S. pneumoniae,35.8,134,86,49,86,24,81.4,,Mild impairment,Normal,Multiple antibiotics,Anaphylaxis,0,None in prior 90 days,0,ESBL,0.232,0.788,78.8,High,0.598,0.321,0.441,0.232,-0.02,0.08,-0.004,-0.02,-0.02,0.05,"Clinical explanation: AMR risk is high with prior antibiotic exposure=0, prior resistant organism=ESBL, and ward resistance rate=23.2%. Review feature attributions before making a clinical decision.",Meropenem + Vancomycin,Ceftazidime-Avibactam,78.4,Renal adjustment review required,Documented Multiple antibiotics allergy | Renal adjustment review required,Pending,Decision not yet recorded,Clinician-selected regimen,Positive,2025-06-22 23:08:13,S. pneumoniae,Other MDR,Concordant,Improved,No,Renal impairment,"Admitted to Emergency Department with Early-onset VAP from Ventilator-Associated Pneumonia. Initial vitals: T 35.8 C, HR 134, BP 86/49, SpO2 86%. History: None; kidney function Mild impairment; allergy Multiple antibiotics; prior antibiotic exposure in 90d 0; previous resistant organism ESBL. Culture status Positive.",1,0.68428105,1,True Positive
PX-102325,ENC-20252325,True,2025-06-21 00:24:14,Clinical Patient 2326,43,Female,No,Emergency Department,4,Active Inpatient,Catheter-associated UTI,Urinary Tract Infection,Enterobacter cloacae complex,38.1,94,140,82,96,17,11.2,,Moderate impairment,Normal,None known,,0,None prior,0,None known,0.151,0.149,14.9,Low,0.124,0.121,0.143,0.042,-0.02,-0.02,-0.025,-0.02,-0.02,-0.02,"Clinical explanation: AMR risk is low with prior antibiotic exposure=0, prior resistant organism=None known, and ward resistance rate=15.1%. Review feature attributions before making a clinical decision.",Ceftriaxone,Cefepime,95.5,Renal adjustment review required,Renal adjustment review required,Accept,Clinician accepted the displayed first-line option,Ceftriaxone,Positive,2025-06-22 00:24:14,Enterobacter cloacae complex,CRE,Discordant,Improved,No,Renal impairment,"Admitted to Emergency Department with Catheter-associated UTI from Urinary Tract Infection. Initial vitals: T 38.1 C, HR 94, BP 140/82, SpO2 96%. History: None; kidney function Moderate impairment; allergy None known; prior antibiotic exposure in 90d 0; previous resistant organism None known. Culture status Positive.",1,0.18033159,0,False Negative (Type II Error - Critical Missed Resistance)
PX-102336,ENC-20252336,True,2025-06-21 23:07:41,Clinical Patient 2337,59,Male,Not applicable,General Medicine,30,Active Inpatient,Biliary tract infection,Intra-abdominal Infection,S. pneumoniae,38.9,83,121,74,95,15,14.6,,Normal,Normal,Sulfonamide,,1,Amoxicillin-Clavulanate,21,None known,0.271,0.761,76.1,High,0.742,0.62,0.688,0.528,0.02,-0.02,0.005,-0.02,-0.02,0.05,"Clinical explanation: AMR risk is high with prior antibiotic exposure=1, prior resistant organism=None known, and ward resistance rate=27.1%. Review feature attributions before making a clinical decision.",Meropenem + Vancomycin,Ceftazidime-Avibactam,86.3,No renal adjustment flag,Documented Sulfonamide allergy,Accept,Clinician accepted the displayed first-line option,Meropenem + Vancomycin,Positive,2025-06-23 23:07:41,S. pneumoniae,Other MDR,Concordant,Treatment modified after deterioration,Yes,Allergy/safety edge case,"Admitted to General Medicine with Biliary tract infection from Intra-abdominal Infection. Initial vitals: T 38.9 C, HR 83, BP 121/74, SpO2 95%. History: None; kidney function Normal; allergy Sulfonamide; prior antibiotic exposure in 90d 1; previous resistant organism None known. Culture status Positive.",1,0.45900393,0,False Negative (Type II Error - Critical Missed Resistance)
PX-102351,ENC-20252351,True,2025-06-22 22:39:31,Clinical Patient 2352,64,Male,Not applicable,General Medicine,33,Discharged,Biliary tract infection,Intra-abdominal Infection,E. coli,38.5,120,125,77,94,14,35.3,CKD,Normal,Normal,Penicillin,,2,Ciprofloxacin,10,None known,0.367,0.685,68.5,High,0.509,0.239,0.42,0.148,0.06,-0.02,0.029,-0.02,0.04,0.05,"Clinical explanation: AMR risk is high with prior antibiotic exposure=2, prior resistant organism=None known, and ward resistance rate=36.7%. Review feature attributions before making a clinical decision.",Meropenem + Vancomycin,Ceftazidime-Avibactam,77.5,No renal adjustment flag,Documented Penicillin allergy,Override,Alternative source-control plan,Clinician-selected regimen,Positive,2025-06-26 22:39:31,E. coli,None detected,Discordant,Improved,No,Allergy/safety edge case,"Admitted to General Medicine with Biliary tract infection from Intra-abdominal Infection. Initial vitals: T 38.5 C, HR 120, BP 125/77, SpO2 94%. History: CKD; kidney function Normal; allergy Penicillin; prior antibiotic exposure in 90d 2; previous resistant organism None known. Culture status Positive.",0,0.6076589,1,False Positive (Type I Error)
PX-102386,ENC-20252386,True,2025-06-25 05:40:49,Clinical Patient 2387,39,Female,No,Surgical Ward,17,Active Inpatient,Pyelonephritis,Urinary Tract Infection,No organism identified,37.4,72,117,73,96,24,31.8,Cancer,Normal,Normal,None known,,0,None prior,0,None known,0.37,0.327,32.7,Medium,0.354,0.184,0.14,0.121,-0.02,-0.02,0.03,-0.02,0.04,-0.02,"Clinical explanation: AMR risk is medium with prior antibiotic exposure=0, prior resistant organism=None known, and ward resistance rate=37.0%. Review feature attributions before making a clinical decision.",Piperacillin-Tazobactam,Cefepime + Vancomycin,84.9,No renal adjustment flag,No renal adjustment flag,Override,Alternative source-control plan,Clinician-selected regimen,Positive,2025-06-28 05:40:49,K. pneumoniae,ESBL,Discordant,Recovered,No,Standard scenario,"Admitted to Surgical Ward with Pyelonephritis from Urinary Tract Infection. Initial vitals: T 37.4 C, HR 72, BP 117/73, SpO2 96%. History: Cancer; kidney function Normal; allergy None known; prior antibiotic exposure in 90d 0; previous resistant organism None known. Culture status Positive.",1,0.24284032,0,False Negative (Type II Error - Critical Missed Resistance)
PX-102393,ENC-20252393,True,2025-06-25 19:17:38,Clinical Patient 2394,42,Female,No,General Medicine,32,Active Inpatient,Suspected bacteremia,Bloodstream Infection,S. pneumoniae,38.9,116,98,57,94,14,19.5,,Mild impairment,Normal,None known,,0,None in prior 90 days,0,None known,0.329,0.126,12.6,Low,0.121,0.039,0.077,0.026,-0.02,-0.02,0.02,-0.02,-0.02,0.05,"Clinical explanation: AMR risk is low with prior antibiotic exposure=0, prior resistant organism=None known, and ward resistance rate=32.9%. Review feature attributions before making a clinical decision.",Ceftriaxone,Cefepime,65.1,Renal adjustment review required,Renal adjustment review required,Accept,Clinician accepted the displayed first-line option,Ceftriaxone,Positive,2025-06-26 19:17:38,S. pneumoniae,None detected,Concordant,Improved,No,Renal impairment,"Admitted to General Medicine with Suspected bacteremia from Bloodstream Infection. Initial vitals: T 38.9 C, HR 116, BP 98/57, SpO2 94%. History: None; kidney function Mild impairment; allergy None known; prior antibiotic exposure in 90d 0; previous resistant organism None known. Culture status Positive.",0,0.21778007,0,True Negative
PX-102394,ENC-20252394,True,2025-06-25 21:33:21,Clinical Patient 2395,46,Female,No,Emergency Department,5,Active Inpatient,Urosepsis,Urinary Tract Infection,S. aureus,37.0,80,131,74,95,23,9.7,COPD; Diabetes; Immunosuppression,Moderate impairment,Normal,Penicillin,Anaphylaxis,0,None in prior 90 days,0,None known,0.154,0.235,23.5,Low,0.249,0.084,0.166,0.09,-0.02,-0.02,-0.024,-0.02,0.04,-0.02,"Clinical explanation: AMR risk is low with prior antibiotic exposure=0, prior resistant organism=None known, and ward resistance rate=15.4%. Review feature attributions before making a clinical decision.",Ceftriaxone,Cefepime,73.2,Renal adjustment review required,Documented Penicillin allergy | Renal adjustment review required,Accept,Clinician accepted the displayed first-line option,Ceftriaxone,Positive,2025-06-28 21:33:21,S. aureus,None detected,Concordant,Recovered,No,Renal impairment,"Admitted to Emergency Department with Urosepsis from Urinary Tract Infection. Initial vitals: T 37.0 C, HR 80, BP 131/74, SpO2 95%. History: COPD; Diabetes; Immunosuppression; kidney function Moderate impairment; allergy Penicillin; prior antibiotic exposure in 90d 0; previous resistant organism None known. Culture status Positive.",0,0.19202928,0,True Negative
PX-102438,ENC-20252438,True,2025-06-28 18:49:11,Clinical Patient 2439,72,Male,Not applicable,Surgical Ward,23,Discharged,Post-op wound infection,Surgical Site Infection,Enterobacter cloacae complex,37.3,69,141,78,94,15,7.0,,Severe impairment,Normal,None known,,1,Amoxicillin-Clavulanate,21,None known,0.394,0.776,77.6,High,0.672,0.318,0.322,0.461,0.02,-0.02,0.036,-0.02,-0.02,-0.02,"Clinical explanation: AMR risk is high with prior antibiotic exposure=1, prior resistant organism=None known, and ward resistance rate=39.4%. Review feature attributions before making a clinical decision.",Meropenem + Vancomycin,Ceftazidime-Avibactam,91.6,Renal adjustment review required,Renal adjustment review required,Accept,Clinician accepted the displayed first-line option,Meropenem + Vancomycin,Positive,2025-06-29 18:49:11,Enterobacter cloacae complex,ESBL,Concordant,Escalated care,Yes,Renal impairment,"Admitted to Surgical Ward with Post-op wound infection from Surgical Site Infection. Initial vitals: T 37.3 C, HR 69, BP 141/78, SpO2 94%. History: None; kidney function Severe impairment; allergy None known; prior antibiotic exposure in 90d 1; previous resistant organism None known. Culture status Positive.",1,0.574808,1,True Positive
PX-102460,ENC-20252460,True,2025-06-30 01:00:28,Clinical Patient 2461,77,Female,Not applicable,ICU,15,Active Inpatient,CAP,Community-Acquired Pneumonia,K. pneumoniae,37.8,119,98,65,89,28,39.9,,Normal,Normal,Unknown,,0,None prior,0,None known,0.457,0.502,50.2,Medium,0.517,0.251,0.386,0.255,-0.02,-0.02,0.052,0.06,-0.02,0.05,"Clinical explanation: AMR risk is medium with prior antibiotic exposure=0, prior resistant organism=None known, and ward resistance rate=45.7%. Review feature attributions before making a clinical decision.",Piperacillin-Tazobactam,Cefepime + Vancomycin,89.2,No renal adjustment flag,No renal adjustment flag,Accept,Clinician accepted the displayed first-line option,Piperacillin-Tazobactam,Positive,2025-07-04 01:00:28,K. pneumoniae,None detected,Discordant,Improved,No,Missing/unknown clinical field,"Admitted to ICU with CAP from Community-Acquired Pneumonia. Initial vitals: T 37.8 C, HR 119, BP 98/65, SpO2 89%. History: None; kidney function Normal; allergy Unknown; prior antibiotic exposure in 90d 0; previous resistant organism None known. Culture status Positive.",0,0.54956704,1,False Positive (Type I Error)
PX-102466,ENC-20252466,True,2025-06-30 13:14:51,Clinical Patient 2467,77,Male,Not applicable,General Medicine,15,Discharged,Primary bacteremia,Bloodstream Infection,P. aeruginosa,39.3,129,95,49,100,18,118.6,Heart failure,Moderate impairment,Normal,Penicillin,IgE-mediated,0,None prior,0,ESBL,0.271,0.552,55.2,Medium,0.559,0.257,0.237,0.159,-0.02,0.08,0.005,-0.02,0.04,0.05,"Clinical explanation: AMR risk is medium with prior antibiotic exposure=0, prior resistant organism=ESBL, and ward resistance rate=27.1%. Review feature attributions before making a clinical decision.",Piperacillin-Tazobactam,Cefepime + Vancomycin,76.0,Renal adjustment review required,Documented Penicillin allergy | Renal adjustment review required,Accept,Clinician accepted the displayed first-line option,Piperacillin-Tazobactam,Positive,2025-07-02 13:14:51,P. aeruginosa,None detected,Discordant,Treatment modified after deterioration,Yes,Renal impairment,"Admitted to General Medicine with Primary bacteremia from Bloodstream Infection. Initial vitals: T 39.3 C, HR 129, BP 95/49, SpO2 100%. History: Heart failure; kidney function Moderate impairment; allergy Penicillin; prior antibiotic exposure in 90d 0; previous resistant organism ESBL. Culture status Positive.",0,0.6217951,1,False Positive (Type I Error)
PX-102543,ENC-20252543,True,2025-07-06 18:22:51,Clinical Patient 2544,92,Female,Not applicable,Emergency Department,22,Active Inpatient,Late-onset VAP,Ventilator-Associated Pneumonia,S. pneumoniae,35.7,135,110,65,89,17,44.7,Cancer; Hypertension,Moderate impairment,Normal,Cephalosporin,Anaphylaxis,0,None prior,0,None known,0.217,0.455,45.5,Medium,0.488,0.37,0.431,0.138,-0.02,-0.02,-0.008,-0.02,0.04,0.05,"Clinical explanation: AMR risk is medium with prior antibiotic exposure=0, prior resistant organism=None known, and ward resistance rate=21.7%. Review feature attributions before making a clinical decision.",Piperacillin-Tazobactam,Cefepime + Vancomycin,91.0,Renal adjustment review required,Documented Cephalosporin allergy | Renal adjustment review required,Modify,Dose/frequency adjusted after clinical review,Cefepime + Vancomycin,Positive,2025-07-09 18:22:51,S. pneumoniae,None detected,Concordant,Improved,No,Renal impairment,"Admitted to Emergency Department with Late-onset VAP from Ventilator-Associated Pneumonia. Initial vitals: T 35.7 C, HR 135, BP 110/65, SpO2 89%. History: Cancer; Hypertension; kidney function Moderate impairment; allergy Cephalosporin; prior antibiotic exposure in 90d 0; previous resistant organism None known. Culture status Positive.",0,0.34845337,0,True Negative
PX-102565,ENC-20252565,True,2025-07-07 20:58:52,Clinical Patient 2566,61,Female,Not applicable,General Medicine,33,Active Inpatient,Superficial SSI,Surgical Site Infection,P. aeruginosa,38.5,86,138,91,96,19,62.1,COPD,Mild impairment,Mild impairment,None known,,0,None in prior 90 days,0,None known,0.271,0.165,16.5,Low,0.182,0.099,0.068,0.078,-0.02,-0.02,0.005,-0.02,0.04,-0.02,"Clinical explanation: AMR risk is low with prior antibiotic exposure=0, prior resistant organism=None known, and ward resistance rate=27.1%. Review feature attributions before making a clinical decision.",Ceftriaxone,Cefepime,94.1,Renal adjustment review required,Renal adjustment review required,Accept,Clinician accepted the displayed first-line option,Ceftriaxone,Positive,2025-07-08 20:58:52,P. aeruginosa,None detected,Concordant,No documented outcome,No,Renal impairment,"Admitted to General Medicine with Superficial SSI from Surgical Site Infection. Initial vitals: T 38.5 C, HR 86, BP 138/91, SpO2 96%. History: COPD; kidney function Mild impairment; allergy None known; prior antibiotic exposure in 90d 0; previous resistant organism None known. Culture status Positive.",0,0.2777868,0,True Negative
PX-102579,ENC-20252579,True,2025-07-09 14:48:47,Clinical Patient 2580,61,Male,Not applicable,General Medicine,22,Active Inpatient,Late-onset VAP,Ventilator-Associated Pneumonia,K. pneumoniae,35.4,109,94,56,97,14,61.5,Immunosuppression,Normal,Normal,None known,,0,None in prior 90 days,0,None known,0.261,0.397,39.7,Medium,0.407,0.235,0.353,0.244,-0.02,-0.02,0.003,-0.02,0.04,0.05,"Clinical explanation: AMR risk is medium with prior antibiotic exposure=0, prior resistant organism=None known, and ward resistance rate=26.1%. Review feature attributions before making a clinical decision.",Piperacillin-Tazobactam,Cefepime + Vancomycin,71.8,No renal adjustment flag,No renal adjustment flag,Modify,Dose/frequency adjusted after clinical review,Cefepime + Vancomycin,Positive,2025-07-11 14:48:47,K. pneumoniae,CRE,Discordant,No documented outcome,No,Standard scenario,"Admitted to General Medicine with Late-onset VAP from Ventilator-Associated Pneumonia. Initial vitals: T 35.4 C, HR 109, BP 94/56, SpO2 97%. History: Immunosuppression; kidney function Normal; allergy None known; prior antibiotic exposure in 90d 0; previous resistant organism None known. Culture status Positive.",1,0.32537836,0,False Negative (Type II Error - Critical Missed Resistance)
PX-102592,ENC-20252592,True,2025-07-10 09:00:25,Clinical Patient 2593,67,Female,Not applicable,ICU,19,Active Inpatient,Biliary tract infection,Intra-abdominal Infection,P. aeruginosa,35.7,108,66,35,88,26,79.9,Cancer,Moderate impairment,Normal,None known,,1,Amoxicillin-Clavulanate,14,None known,0.191,0.657,65.7,High,0.626,0.387,0.639,0.327,0.02,-0.02,-0.015,0.06,0.04,0.05,"Clinical explanation: AMR risk is high with prior antibiotic exposure=1, prior resistant organism=None known, and ward resistance rate=19.1%. Review feature attributions before making a clinical decision.",Meropenem + Vancomycin,Ceftazidime-Avibactam,87.4,Renal adjustment review required,Renal adjustment review required,Modify,Dose/frequency adjusted after clinical review,Ceftazidime-Avibactam,Positive,2025-07-12 09:00:25,P. aeruginosa,None detected,Discordant,Recovered,No,Renal impairment,"Admitted to ICU with Biliary tract infection from Intra-abdominal Infection. Initial vitals: T 35.7 C, HR 108, BP 66/35, SpO2 88%. History: Cancer; kidney function Moderate impairment; allergy None known; prior antibiotic exposure in 90d 1; previous resistant organism None known. Culture status Positive.",0,0.74814993,1,False Positive (Type I Error)
PX-102615,ENC-20252615,True,2025-07-12 07:25:07,Clinical Patient 2616,77,Male,Not applicable,Surgical Ward,12,Active Inpatient,HAP,Hospital-Acquired Pneumonia,E. coli,35.9,112,103,63,91,20,47.9,,Mild impairment,Mild impairment,None known,,3,Meropenem,7,ESBL,0.368,0.903,90.3,High,0.855,0.286,0.864,0.292,0.1,0.08,0.029,-0.02,-0.02,0.05,"Clinical explanation: AMR risk is high with prior antibiotic exposure=3, prior resistant organism=ESBL, and ward resistance rate=36.8%. Review feature attributions before making a clinical decision.",Meropenem + Vancomycin,Ceftazidime-Avibactam,77.4,Renal adjustment review required,Renal adjustment review required,Accept,Clinician accepted the displayed first-line option,Meropenem + Vancomycin,Positive,2025-07-15 07:25:07,E. coli,CRE,Concordant,Escalated care,Yes,Renal impairment,"Admitted to Surgical Ward with HAP from Hospital-Acquired Pneumonia. Initial vitals: T 35.9 C, HR 112, BP 103/63, SpO2 91%. History: None; kidney function Mild impairment; allergy None known; prior antibiotic exposure in 90d 3; previous resistant organism ESBL. Culture status Positive.",1,0.87773865,1,True Positive
PX-102628,ENC-20252628,True,2025-07-13 21:12:11,Clinical Patient 2629,50,Female,No,General Medicine,25,Active Inpatient,Catheter-related bloodstream infection,Bloodstream Infection,S. aureus,39.4,108,94,52,98,20,105.9,Diabetes,Moderate impairment,Moderate impairment,None known,,0,None in prior 90 days,0,MRSA,0.324,0.576,57.6,Medium,0.472,0.362,0.243,0.297,-0.02,0.08,0.019,-0.02,0.04,0.05,"Clinical explanation: AMR risk is medium with prior antibiotic exposure=0, prior resistant organism=MRSA, and ward resistance rate=32.4%. Review feature attributions before making a clinical decision.",Piperacillin-Tazobactam,Cefepime + Vancomycin,66.1,Renal adjustment review required,Renal adjustment review required,Accept,Clinician accepted the displayed first-line option,Piperacillin-Tazobactam,Positive,2025-07-14 21:12:11,S. aureus,MRSA,Concordant,Recovered,No,Renal impairment,"Admitted to General Medicine with Catheter-related bloodstream infection from Bloodstream Infection. Initial vitals: T 39.4 C, HR 108, BP 94/52, SpO2 98%. History: Diabetes; kidney function Moderate impairment; allergy None known; prior antibiotic exposure in 90d 0; previous resistant organism MRSA. Culture status Positive.",1,0.69818443,1,True Positive
PX-102650,ENC-20252650,True,2025-07-15 11:27:32,Clinical Patient 2651,24,Male,Not applicable,ICU,38,Discharged,Complicated UTI,Urinary Tract Infection,S. pneumoniae,38.2,118,112,67,84,14,70.1,,Mild impairment,Mild impairment,None known,,0,None in prior 90 days,0,None known,0.535,0.178,17.8,Low,0.173,0.102,0.128,0.088,-0.02,-0.02,0.071,0.06,-0.02,0.05,"Clinical explanation: AMR risk is low with prior antibiotic exposure=0, prior resistant organism=None known, and ward resistance rate=53.5%. Review feature attributions before making a clinical decision.",Ceftriaxone,Cefepime,73.3,Renal adjustment review required,Renal adjustment review required,Modify,Dose/frequency adjusted after clinical review,Cefepime,Positive,2025-07-19 11:27:32,S. pneumoniae,None detected,Concordant,No documented outcome,No,Renal impairment,"Admitted to ICU with Complicated UTI from Urinary Tract Infection. Initial vitals: T 38.2 C, HR 118, BP 112/67, SpO2 84%. History: None; kidney function Mild impairment; allergy None known; prior antibiotic exposure in 90d 0; previous resistant organism None known. Culture status Positive.",0,0.5497464,1,False Positive (Type I Error)
PX-102661,ENC-20252661,True,2025-07-16 05:19:31,Clinical Patient 2662,62,Male,Not applicable,Surgical Ward,17,Active Inpatient,Early-onset VAP,Ventilator-Associated Pneumonia,S. pneumoniae,38.8,105,87,45,91,27,51.1,,Normal,Normal,Penicillin,Mild/rash,1,Vancomycin,10,None known,0.273,0.234,23.4,Low,0.176,0.154,0.159,0.142,0.02,-0.02,0.006,-0.02,-0.02,0.05,"Clinical explanation: AMR risk is low with prior antibiotic exposure=1, prior resistant organism=None known, and ward resistance rate=27.3%. Review feature attributions before making a clinical decision.",Ceftriaxone,Cefepime,79.2,No renal adjustment flag,Documented Penicillin allergy,Accept,Clinician accepted the displayed first-line option,Ceftriaxone,Positive,2025-07-17 05:19:31,S. pneumoniae,None detected,Concordant,Improved,No,Allergy/safety edge case,"Admitted to Surgical Ward with Early-onset VAP from Ventilator-Associated Pneumonia. Initial vitals: T 38.8 C, HR 105, BP 87/45, SpO2 91%. History: None; kidney function Normal; allergy Penicillin; prior antibiotic exposure in 90d 1; previous resistant organism None known. Culture status Positive.",0,0.5534532,1,False Positive (Type I Error)
PX-102674,ENC-20252674,True,2025-07-16 22:33:02,Clinical Patient 2675,72,Male,Not applicable,Surgical Ward,9,Discharged,Aspiration pneumonia,Community-Acquired Pneumonia,Mixed flora,36.8,70,131,80,90,22,10.4,Cancer,Normal,Normal,Penicillin,Anaphylaxis,0,None in prior 90 days,0,ESBL,0.359,0.566,56.6,Medium,0.507,0.258,0.241,0.387,-0.02,0.08,0.027,-0.02,0.04,-0.02,"Clinical explanation: AMR risk is medium with prior antibiotic exposure=0, prior resistant organism=ESBL, and ward resistance rate=35.9%. Review feature attributions before making a clinical decision.",Piperacillin-Tazobactam,Cefepime + Vancomycin,73.3,No renal adjustment flag,Documented Penicillin allergy,Accept,Clinician accepted the displayed first-line option,Piperacillin-Tazobactam,Positive,2025-07-20 22:33:02,Enterococcus faecalis,None detected,Discordant,Improved,No,Allergy/safety edge case,"Admitted to Surgical Ward with Aspiration pneumonia from Community-Acquired Pneumonia. Initial vitals: T 36.8 C, HR 70, BP 131/80, SpO2 90%. History: Cancer; kidney function Normal; allergy Penicillin; prior antibiotic exposure in 90d 0; previous resistant organism ESBL. Culture status Positive.",0,0.61713636,1,False Positive (Type I Error)
PX-102683,ENC-20252683,True,2025-07-17 08:17:48,Clinical Patient 2684,54,Female,Not applicable,Surgical Ward,12,Active Inpatient,Catheter-related bloodstream infection,Bloodstream Infection,P. aeruginosa,39.1,108,103,58,91,14,29.5,CKD,Mild impairment,Normal,None known,,0,None in prior 90 days,0,ESBL,0.368,0.815,81.5,High,0.651,0.528,0.4,0.306,-0.02,0.08,0.029,-0.02,0.04,0.05,"Clinical explanation: AMR risk is high with prior antibiotic exposure=0, prior resistant organism=ESBL, and ward resistance rate=36.8%. Review feature attributions before making a clinical decision.",Meropenem + Vancomycin,Ceftazidime-Avibactam,84.7,Renal adjustment review required,Renal adjustment review required,Accept,Clinician accepted the displayed first-line option,Meropenem + Vancomycin,Positive,2025-07-18 08:17:48,P. aeruginosa,MDR Pseudomonas,Concordant,Treatment modified after deterioration,Yes,Renal impairment,"Admitted to Surgical Ward with Catheter-related bloodstream infection from Bloodstream Infection. Initial vitals: T 39.1 C, HR 108, BP 103/58, SpO2 91%. History: CKD; kidney function Mild impairment; allergy None known; prior antibiotic exposure in 90d 0; previous resistant organism ESBL. Culture status Positive.",1,0.7726169,1,True Positive
PX-102685,ENC-20252685,True,2025-07-17 13:27:03,Clinical Patient 2686,42,Female,No,ICU,36,Active Inpatient,CAP,Community-Acquired Pneumonia,No organism identified,35.5,108,119,74,95,21,77.2,,Normal,Normal,None known,,0,None prior,0,None known,0.513,0.571,57.1,Medium,0.592,0.214,0.34,0.365,-0.02,-0.02,0.066,0.06,-0.02,0.05,"Clinical explanation: AMR risk is medium with prior antibiotic exposure=0, prior resistant organism=None known, and ward resistance rate=51.3%. Review feature attributions before making a clinical decision.",Piperacillin-Tazobactam,Cefepime + Vancomycin,93.3,No renal adjustment flag,No renal adjustment flag,Modify,Dose/frequency adjusted after clinical review,Cefepime + Vancomycin,Positive,2025-07-20 13:27:03,K. pneumoniae,ESBL,Concordant,Improved,No,Missing/unknown clinical field,"Admitted to ICU with CAP from Community-Acquired Pneumonia. Initial vitals: T 35.5 C, HR 108, BP 119/74, SpO2 95%. History: None; kidney function Normal; allergy None known; prior antibiotic exposure in 90d 0; previous resistant organism None known. Culture status Positive.",1,0.51114243,1,True Positive
PX-102693,ENC-20252693,True,2025-07-18 02:01:39,Clinical Patient 2694,92,Female,Not applicable,General Medicine,9,Active Inpatient,Deep incisional SSI,Surgical Site Infection,No organism identified,37.9,105,90,58,97,15,40.8,CKD,Normal,Normal,None known,,5,Meropenem,10,None known,0.339,0.468,46.8,Medium,0.343,0.413,0.222,0.225,0.18,-0.02,0.022,-0.02,0.04,-0.02,"Clinical explanation: AMR risk is medium with prior antibiotic exposure=5, prior resistant organism=None known, and ward resistance rate=33.9%. Review feature attributions before making a clinical decision.",Piperacillin-Tazobactam,Cefepime + Vancomycin,86.0,No renal adjustment flag,No renal adjustment flag,Accept,Clinician accepted the displayed first-line option,Piperacillin-Tazobactam,Positive,2025-07-20 02:01:39,Enterococcus faecalis,None detected,Concordant,Improved,No,Standard scenario,"Admitted to General Medicine with Deep incisional SSI from Surgical Site Infection. Initial vitals: T 37.9 C, HR 105, BP 90/58, SpO2 97%. History: CKD; kidney function Normal; allergy None known; prior antibiotic exposure in 90d 5; previous resistant organism None known. Culture status Positive.",0,0.6769099,1,False Positive (Type I Error)
PX-102698,ENC-20252698,True,2025-07-19 00:40:45,Clinical Patient 2699,58,Female,Not applicable,Surgical Ward,1,Discharged,Biliary tract infection,Intra-abdominal Infection,Enterococcus faecalis,38.7,85,103,62,96,15,15.8,Hypertension,Normal,Normal,None known,,0,None prior,0,ESBL,0.347,0.604,60.4,High,0.442,0.277,0.517,0.296,-0.02,0.08,0.024,-0.02,0.04,0.05,"Clinical explanation: AMR risk is high with prior antibiotic exposure=0, prior resistant organism=ESBL, and ward resistance rate=34.7%. Review feature attributions before making a clinical decision.",Meropenem + Vancomycin,Ceftazidime-Avibactam,73.3,No renal adjustment flag,No renal adjustment flag,Override,Alternative source-control plan,Clinician-selected regimen,Positive,2025-07-23 00:40:45,Enterococcus faecalis,None detected,Discordant,Improved,No,Prior resistant organism,"Admitted to Surgical Ward with Biliary tract infection from Intra-abdominal Infection. Initial vitals: T 38.7 C, HR 85, BP 103/62, SpO2 96%. History: Hypertension; kidney function Normal; allergy None known; prior antibiotic exposure in 90d 0; previous resistant organism ESBL. Culture status Positive.",0,0.6442163,1,False Positive (Type I Error)
PX-102710,ENC-20252710,True,2025-07-19 23:40:06,Clinical Patient 2711,19,Female,No,Surgical Ward,37,Active Inpatient,Catheter-related bloodstream infection,Bloodstream Infection,K. pneumoniae,37.8,107,69,38,94,26,63.6,CKD; Heart failure,Normal,Normal,Cephalosporin,Anaphylaxis,0,None prior,0,None known,0.354,0.59,59.0,Medium,0.525,0.257,0.398,0.26,-0.02,-0.02,0.026,-0.02,0.04,0.05,"Clinical explanation: AMR risk is medium with prior antibiotic exposure=0, prior resistant organism=None known, and ward resistance rate=35.4%. Review feature attributions before making a clinical decision.",Piperacillin-Tazobactam,Cefepime + Vancomycin,77.3,No renal adjustment flag,Documented Cephalosporin allergy,Override,Alternative source-control plan,Clinician-selected regimen,Positive,2025-07-22 23:40:06,K. pneumoniae,ESBL,Concordant,Recovered,No,Allergy/safety edge case,"Admitted to Surgical Ward with Catheter-related bloodstream infection from Bloodstream Infection. Initial vitals: T 37.8 C, HR 107, BP 69/38, SpO2 94%. History: CKD; Heart failure; kidney function Normal; allergy Cephalosporin; prior antibiotic exposure in 90d 0; previous resistant organism None known. Culture status Positive.",1,0.47398743,0,False Negative (Type II Error - Critical Missed Resistance)
PX-102712,ENC-20252712,True,2025-07-20 02:55:29,Clinical Patient 2713,84,Female,Not applicable,ICU,37,Discharged,Complicated intra-abdominal infection,Intra-abdominal Infection,S. pneumoniae,35.5,118,105,63,95,31,133.2,CKD; Liver disease,Normal,Mild impairment,Penicillin,IgE-mediated,0,None in prior 90 days,0,None known,0.231,0.663,66.3,High,0.501,0.451,0.614,0.479,-0.02,-0.02,-0.005,0.06,0.04,0.05,"Clinical explanation: AMR risk is high with prior antibiotic exposure=0, prior resistant organism=None known, and ward resistance rate=23.1%. Review feature attributions before making a clinical decision.",Meropenem + Vancomycin,Ceftazidime-Avibactam,71.7,No renal adjustment flag,Documented Penicillin allergy,Pending,Decision not yet recorded,Clinician-selected regimen,Positive,2025-07-23 02:55:29,S. pneumoniae,Other MDR,Concordant,Improved,No,Allergy/safety edge case,"Admitted to ICU with Complicated intra-abdominal infection from Intra-abdominal Infection. Initial vitals: T 35.5 C, HR 118, BP 105/63, SpO2 95%. History: CKD; Liver disease; kidney function Normal; allergy Penicillin; prior antibiotic exposure in 90d 0; previous resistant organism None known. Culture status Positive.",1,0.45036033,0,False Negative (Type II Error - Critical Missed Resistance)
PX-102716,ENC-20252716,True,2025-07-20 05:07:40,Clinical Patient 2717,57,Female,Not applicable,Surgical Ward,10,Discharged,Catheter-associated UTI,Urinary Tract Infection,P. aeruginosa,37.6,98,135,86,95,18,12.1,CKD,Mild impairment,Normal,None known,,0,None in prior 90 days,0,None known,0.295,0.127,12.7,Low,0.104,0.079,0.074,0.101,-0.02,-0.02,0.011,-0.02,0.04,-0.02,"Clinical explanation: AMR risk is low with prior antibiotic exposure=0, prior resistant organism=None known, and ward resistance rate=29.5%. Review feature attributions before making a clinical decision.",Ceftriaxone,Cefepime,83.2,Renal adjustment review required,Renal adjustment review required,Accept,Clinician accepted the displayed first-line option,Ceftriaxone,Positive,2025-07-23 05:07:40,P. aeruginosa,None detected,Concordant,Improved,No,Renal impairment,"Admitted to Surgical Ward with Catheter-associated UTI from Urinary Tract Infection. Initial vitals: T 37.6 C, HR 98, BP 135/86, SpO2 95%. History: CKD; kidney function Mild impairment; allergy None known; prior antibiotic exposure in 90d 0; previous resistant organism None known. Culture status Positive.",0,0.3090777,0,True Negative
PX-102720,ENC-20252720,True,2025-07-20 13:27:34,Clinical Patient 2721,54,Female,Not applicable,Surgical Ward,4,Discharged,Complicated intra-abdominal infection,Intra-abdominal Infection,Mixed flora,37.4,122,102,47,99,15,55.1,Immunosuppression,Mild impairment,Normal,None known,,3,Cefepime,5,ESBL,0.291,0.795,79.5,High,0.751,0.278,0.415,0.555,0.1,0.08,0.01,-0.02,0.04,0.05,"Clinical explanation: AMR risk is high with prior antibiotic exposure=3, prior resistant organism=ESBL, and ward resistance rate=29.1%. Review feature attributions before making a clinical decision.",Meropenem + Vancomycin,Ceftazidime-Avibactam,92.5,Renal adjustment review required,Renal adjustment review required,Modify,Dose/frequency adjusted after clinical review,Ceftazidime-Avibactam,Positive,2025-07-22 13:27:34,Enterococcus faecalis,None detected,Discordant,Improved,No,Renal impairment,"Admitted to Surgical Ward with Complicated intra-abdominal infection from Intra-abdominal Infection. Initial vitals: T 37.4 C, HR 122, BP 102/47, SpO2 99%. History: Immunosuppression; kidney function Mild impairment; allergy None known; prior antibiotic exposure in 90d 3; previous resistant organism ESBL. Culture status Positive.",0,0.82511973,1,False Positive (Type I Error)
PX-102725,ENC-20252725,True,2025-07-21 03:03:34,Clinical Patient 2726,69,Female,Not applicable,Surgical Ward,39,Active Inpatient,Aspiration pneumonia,Community-Acquired Pneumonia,S. pneumoniae,39.3,91,115,69,83,20,8.3,,Normal,Normal,Penicillin,Mild/rash,0,None in prior 90 days,0,CRE,0.36,0.665,66.5,High,0.627,0.508,0.336,0.334,-0.02,0.08,0.027,-0.02,-0.02,0.05,"Clinical explanation: AMR risk is high with prior antibiotic exposure=0, prior resistant organism=CRE, and ward resistance rate=36.0%. Review feature attributions before making a clinical decision.",Meropenem + Vancomycin,Ceftazidime-Avibactam,88.8,No renal adjustment flag,Documented Penicillin allergy,Override,Alternative source-control plan,Clinician-selected regimen,Positive,2025-07-23 03:03:34,S. pneumoniae,MRSA,Concordant,Recovered,No,Allergy/safety edge case,"Admitted to Surgical Ward with Aspiration pneumonia from Community-Acquired Pneumonia. Initial vitals: T 39.3 C, HR 91, BP 115/69, SpO2 83%. History: None; kidney function Normal; allergy Penicillin; prior antibiotic exposure in 90d 0; previous resistant organism CRE. Culture status Positive.",1,0.6725312,1,True Positive
PX-102741,ENC-20252741,True,2025-07-22 01:52:42,Clinical Patient 2742,80,Female,Not applicable,ICU,8,Active Inpatient,Late-onset VAP,Ventilator-Associated Pneumonia,Enterobacter cloacae complex,38.2,120,75,40,90,18,43.7,Immunosuppression; Liver disease,Normal,Normal,Cephalosporin,IgE-mediated,2,Cefepime,7,MRSA,0.476,0.942,94.2,High,0.886,0.656,0.558,0.681,0.06,0.08,0.056,0.06,0.04,0.05,"Clinical explanation: AMR risk is high with prior antibiotic exposure=2, prior resistant organism=MRSA, and ward resistance rate=47.6%. Review feature attributions before making a clinical decision.",Meropenem + Vancomycin,Ceftazidime-Avibactam,85.5,No renal adjustment flag,Documented Cephalosporin allergy,Accept,Clinician accepted the displayed first-line option,Meropenem + Vancomycin,Positive,2025-07-25 01:52:42,Enterobacter cloacae complex,ESBL,Concordant,Recovered,No,Allergy/safety edge case,"Admitted to ICU with Late-onset VAP from Ventilator-Associated Pneumonia. Initial vitals: T 38.2 C, HR 120, BP 75/40, SpO2 90%. History: Immunosuppression; Liver disease; kidney function Normal; allergy Cephalosporin; prior antibiotic exposure in 90d 2; previous resistant organism MRSA. Culture status Positive.",1,0.8124818,1,True Positive
PX-102760,ENC-20252760,True,2025-07-23 08:25:46,Clinical Patient 2761,65,Male,Not applicable,General Medicine,30,Discharged,Primary bacteremia,Bloodstream Infection,Mixed flora,35.3,129,88,58,93,10,113.6,,Moderate impairment,Mild impairment,None known,,1,Vancomycin,14,None known,0.266,0.7,70.0,High,0.587,0.565,0.556,0.548,0.02,-0.02,0.004,-0.02,-0.02,0.05,"Clinical explanation: AMR risk is high with prior antibiotic exposure=1, prior resistant organism=None known, and ward resistance rate=26.6%. Review feature attributions before making a clinical decision.",Meropenem + Vancomycin,Ceftazidime-Avibactam,86.6,Renal adjustment review required,Renal adjustment review required,Pending,Decision not yet recorded,Clinician-selected regimen,Positive,2025-07-24 08:25:46,P. aeruginosa,MDR Pseudomonas,Concordant,Recovered,No,Renal impairment,"Admitted to General Medicine with Primary bacteremia from Bloodstream Infection. Initial vitals: T 35.3 C, HR 129, BP 88/58, SpO2 93%. History: None; kidney function Moderate impairment; allergy None known; prior antibiotic exposure in 90d 1; previous resistant organism None known. Culture status Positive.",1,0.51277083,1,True Positive
PX-102765,ENC-20252765,True,2025-07-23 16:49:40,Clinical Patient 2766,43,Male,Not applicable,Surgical Ward,6,Active Inpatient,CAP,Community-Acquired Pneumonia,Enterobacter cloacae complex,35.7,117,101,71,94,22,99.6,Hypertension,Mild impairment,Normal,None known,,2,Cefepime,14,MRSA,0.327,0.705,70.5,High,0.52,0.393,0.408,0.21,0.06,0.08,0.019,-0.02,0.04,0.05,"Clinical explanation: AMR risk is high with prior antibiotic exposure=2, prior resistant organism=MRSA, and ward resistance rate=32.7%. Review feature attributions before making a clinical decision.",Meropenem + Vancomycin,Ceftazidime-Avibactam,68.9,Renal adjustment review required,Renal adjustment review required,Modify,Dose/frequency adjusted after clinical review,Ceftazidime-Avibactam,Positive,2025-07-26 16:49:40,Enterobacter cloacae complex,None detected,Discordant,Treatment modified after deterioration,Yes,Renal impairment,"Admitted to Surgical Ward with CAP from Community-Acquired Pneumonia. Initial vitals: T 35.7 C, HR 117, BP 101/71, SpO2 94%. History: Hypertension; kidney function Mild impairment; allergy None known; prior antibiotic exposure in 90d 2; previous resistant organism MRSA. Culture status Positive.",0,0.7950094,1,False Positive (Type I Error)
PX-102773,ENC-20252773,True,2025-07-24 03:09:10,Clinical Patient 2774,49,Male,Not applicable,General Medicine,26,Active Inpatient,CAP,Community-Acquired Pneumonia,S. pneumoniae,39.4,76,134,78,87,23,54.7,,Normal,Normal,None known,,0,None prior,0,None known,0.246,0.185,18.5,Low,0.177,0.159,0.143,0.075,-0.02,-0.02,-0.001,-0.02,-0.02,0.05,"Clinical explanation: AMR risk is low with prior antibiotic exposure=0, prior resistant organism=None known, and ward resistance rate=24.6%. Review feature attributions before making a clinical decision.",Ceftriaxone,Cefepime,88.9,No renal adjustment flag,No renal adjustment flag,Accept,Clinician accepted the displayed first-line option,Ceftriaxone,Positive,2025-07-27 03:09:10,S. pneumoniae,Other MDR,Discordant,Recovered,No,Missing/unknown clinical field,"Admitted to General Medicine with CAP from Community-Acquired Pneumonia. Initial vitals: T 39.4 C, HR 76, BP 134/78, SpO2 87%. History: None; kidney function Normal; allergy None known; prior antibiotic exposure in 90d 0; previous resistant organism None known. Culture status Positive.",1,0.25552306,0,False Negative (Type II Error - Critical Missed Resistance)
PX-102790,ENC-20252790,True,2025-07-24 22:25:06,Clinical Patient 2791,70,Male,Not applicable,Surgical Ward,23,Discharged,Diverticulitis with perforation,Intra-abdominal Infection,S. pneumoniae,38.1,77,131,80,94,19,11.1,,Severe impairment,Moderate impairment,None known,,1,Ceftriaxone,3,None known,0.22,0.702,70.2,High,0.617,0.324,0.636,0.25,0.02,-0.02,-0.007,-0.02,-0.02,-0.02,"Clinical explanation: AMR risk is high with prior antibiotic exposure=1, prior resistant organism=None known, and ward resistance rate=22.0%. Review feature attributions before making a clinical decision.",Meropenem + Vancomycin,Ceftazidime-Avibactam,76.2,Renal adjustment review required,Renal adjustment review required,Modify,Dose/frequency adjusted after clinical review,Ceftazidime-Avibactam,Positive,2025-07-28 22:25:06,S. pneumoniae,None detected,Discordant,Improved,No,Renal impairment,"Admitted to Surgical Ward with Diverticulitis with perforation from Intra-abdominal Infection. Initial vitals: T 38.1 C, HR 77, BP 131/80, SpO2 94%. History: None; kidney function Severe impairment; allergy None known; prior antibiotic exposure in 90d 1; previous resistant organism None known. Culture status Positive.",0,0.33482876,0,True Negative
PX-102809,ENC-20252809,True,2025-07-26 18:51:56,Clinical Patient 2810,55,Female,Not applicable,Surgical Ward,30,Active Inpatient,Complicated UTI,Urinary Tract Infection,P. aeruginosa,38.0,75,138,80,97,16,23.6,Liver disease,Normal,Normal,Penicillin,Mild/rash,0,None prior,0,None known,0.239,0.26,26.0,Low,0.255,0.214,0.22,0.087,-0.02,-0.02,-0.003,-0.02,0.04,-0.02,"Clinical explanation: AMR risk is low with prior antibiotic exposure=0, prior resistant organism=None known, and ward resistance rate=23.9%. Review feature attributions before making a clinical decision.",Ceftriaxone,Cefepime,89.9,No renal adjustment flag,Documented Penicillin allergy,Accept,Clinician accepted the displayed first-line option,Ceftriaxone,Positive,2025-07-27 18:51:56,P. aeruginosa,MDR Pseudomonas,Discordant,Recovered,No,Allergy/safety edge case,"Admitted to Surgical Ward with Complicated UTI from Urinary Tract Infection. Initial vitals: T 38.0 C, HR 75, BP 138/80, SpO2 97%. History: Liver disease; kidney function Normal; allergy Penicillin; prior antibiotic exposure in 90d 0; previous resistant organism None known. Culture status Positive.",1,0.24314636,0,False Negative (Type II Error - Critical Missed Resistance)
PX-102836,ENC-20252836,True,2025-07-29 12:37:27,Clinical Patient 2837,59,Male,Not applicable,General Medicine,31,Discharged,Pyelonephritis,Urinary Tract Infection,K. pneumoniae,40.3,90,132,84,97,17,23.3,Immunosuppression; Liver disease,Normal,Normal,None known,,0,None prior,0,CRE,0.2,0.858,85.8,High,0.806,0.454,0.613,0.491,-0.02,0.08,-0.012,-0.02,0.04,0.05,"Clinical explanation: AMR risk is high with prior antibiotic exposure=0, prior resistant organism=CRE, and ward resistance rate=20.0%. Review feature attributions before making a clinical decision.",Meropenem + Vancomycin,Ceftazidime-Avibactam,73.2,No renal adjustment flag,No renal adjustment flag,Accept,Clinician accepted the displayed first-line option,Meropenem + Vancomycin,Positive,2025-08-01 12:37:27,K. pneumoniae,ESBL,Concordant,Recovered,No,Prior resistant organism,"Admitted to General Medicine with Pyelonephritis from Urinary Tract Infection. Initial vitals: T 40.3 C, HR 90, BP 132/84, SpO2 97%. History: Immunosuppression; Liver disease; kidney function Normal; allergy None known; prior antibiotic exposure in 90d 0; previous resistant organism CRE. Culture status Positive.",1,0.5056593,1,True Positive
PX-102860,ENC-20252860,True,2025-07-31 10:40:49,Clinical Patient 2861,82,Male,Not applicable,General Medicine,28,Active Inpatient,HAP,Hospital-Acquired Pneumonia,S. aureus,39.1,130,78,61,92,22,34.2,,Normal,Normal,None known,,0,None in prior 90 days,0,MDR Pseudomonas,0.285,0.692,69.2,High,0.618,0.362,0.294,0.533,-0.02,0.08,0.009,-0.02,-0.02,0.05,"Clinical explanation: AMR risk is high with prior antibiotic exposure=0, prior resistant organism=MDR Pseudomonas, and ward resistance rate=28.5%. Review feature attributions before making a clinical decision.",Meropenem + Vancomycin,Ceftazidime-Avibactam,72.4,No renal adjustment flag,No renal adjustment flag,Accept,Clinician accepted the displayed first-line option,Meropenem + Vancomycin,Positive,2025-08-04 10:40:49,S. aureus,MRSA,Concordant,Recovered,No,Prior resistant organism,"Admitted to General Medicine with HAP from Hospital-Acquired Pneumonia. Initial vitals: T 39.1 C, HR 130, BP 78/61, SpO2 92%. History: None; kidney function Normal; allergy None known; prior antibiotic exposure in 90d 0; previous resistant organism MDR Pseudomonas. Culture status Positive.",1,0.6098815,1,True Positive
PX-102862,ENC-20252862,True,2025-07-31 14:42:41,Clinical Patient 2863,70,Female,Not applicable,General Medicine,23,Active Inpatient,Complicated intra-abdominal infection,Intra-abdominal Infection,K. pneumoniae,38.3,84,110,65,95,22,29.8,Cancer; Liver disease,Normal,Normal,None known,,0,None prior,0,None known,0.301,0.406,40.6,Medium,0.411,0.143,0.221,0.119,-0.02,-0.02,0.013,-0.02,0.04,-0.02,"Clinical explanation: AMR risk is medium with prior antibiotic exposure=0, prior resistant organism=None known, and ward resistance rate=30.1%. Review feature attributions before making a clinical decision.",Piperacillin-Tazobactam,Cefepime + Vancomycin,83.5,No renal adjustment flag,No renal adjustment flag,Override,Alternative source-control plan,Clinician-selected regimen,Positive,2025-08-01 14:42:41,K. pneumoniae,CRE,Discordant,Improved,No,Standard scenario,"Admitted to General Medicine with Complicated intra-abdominal infection from Intra-abdominal Infection. Initial vitals: T 38.3 C, HR 84, BP 110/65, SpO2 95%. History: Cancer; Liver disease; kidney function Normal; allergy None known; prior antibiotic exposure in 90d 0; previous resistant organism None known. Culture status Positive.",1,0.35974008,0,False Negative (Type II Error - Critical Missed Resistance)
PX-102872,ENC-20252872,True,2025-08-01 00:19:00,Clinical Patient 2873,59,Female,Not applicable,General Medicine,22,Active Inpatient,Complicated UTI,Urinary Tract Infection,Enterobacter cloacae complex,36.0,110,144,79,99,15,28.7,CKD; Liver disease,Normal,Mild impairment,None known,,0,None prior,0,None known,0.14,0.256,25.6,Low,0.268,0.216,0.144,0.139,-0.02,-0.02,-0.027,-0.02,0.04,0.05,"Clinical explanation: AMR risk is low with prior antibiotic exposure=0, prior resistant organism=None known, and ward resistance rate=14.0%. Review feature attributions before making a clinical decision.",Ceftriaxone,Cefepime,75.3,No renal adjustment flag,No renal adjustment flag,Accept,Clinician accepted the displayed first-line option,Ceftriaxone,Positive,2025-08-05 00:19:00,Enterobacter cloacae complex,CRE,Discordant,Recovered,No,Standard scenario,"Admitted to General Medicine with Complicated UTI from Urinary Tract Infection. Initial vitals: T 36.0 C, HR 110, BP 144/79, SpO2 99%. History: CKD; Liver disease; kidney function Normal; allergy None known; prior antibiotic exposure in 90d 0; previous resistant organism None known. Culture status Positive.",1,0.27528957,0,False Negative (Type II Error - Critical Missed Resistance)
PX-102873,ENC-20252873,True,2025-08-01 01:23:49,Clinical Patient 2874,87,Male,Not applicable,Surgical Ward,17,Active Inpatient,Aspiration pneumonia,Community-Acquired Pneumonia,K. pneumoniae,36.1,127,111,66,98,26,47.1,,Mild impairment,Normal,None known,,2,Levofloxacin,5,None known,0.3,0.734,73.4,High,0.72,0.315,0.625,0.441,0.06,-0.02,0.012,-0.02,-0.02,0.05,"Clinical explanation: AMR risk is high with prior antibiotic exposure=2, prior resistant organism=None known, and ward resistance rate=30.0%. Review feature attributions before making a clinical decision.",Meropenem + Vancomycin,Ceftazidime-Avibactam,83.8,Renal adjustment review required,Renal adjustment review required,Accept,Clinician accepted the displayed first-line option,Meropenem + Vancomycin,Positive,2025-08-03 01:23:49,K. pneumoniae,ESBL,Concordant,Improved,No,Renal impairment,"Admitted to Surgical Ward with Aspiration pneumonia from Community-Acquired Pneumonia. Initial vitals: T 36.1 C, HR 127, BP 111/66, SpO2 98%. History: None; kidney function Mild impairment; allergy None known; prior antibiotic exposure in 90d 2; previous resistant organism None known. Culture status Positive.",1,0.6110948,1,True Positive
PX-102878,ENC-20252878,True,2025-08-01 06:44:01,Clinical Patient 2879,46,Male,Not applicable,ICU,8,Discharged,Early-onset VAP,Ventilator-Associated Pneumonia,S. pneumoniae,38.3,117,97,54,89,24,34.7,Immunosuppression,Normal,Normal,Penicillin,Mild/rash,2,Meropenem,21,None known,0.459,0.945,94.5,High,0.825,0.322,0.614,0.314,0.06,-0.02,0.052,0.06,0.04,0.05,"Clinical explanation: AMR risk is high with prior antibiotic exposure=2, prior resistant organism=None known, and ward resistance rate=45.9%. Review feature attributions before making a clinical decision.",Meropenem + Vancomycin,Ceftazidime-Avibactam,93.2,No renal adjustment flag,Documented Penicillin allergy,Modify,Dose/frequency adjusted after clinical review,Ceftazidime-Avibactam,Positive,2025-08-05 06:44:01,S. pneumoniae,Other MDR,Concordant,No documented outcome,No,Allergy/safety edge case,"Admitted to ICU with Early-onset VAP from Ventilator-Associated Pneumonia. Initial vitals: T 38.3 C, HR 117, BP 97/54, SpO2 89%. History: Immunosuppression; kidney function Normal; allergy Penicillin; prior antibiotic exposure in 90d 2; previous resistant organism None known. Culture status Positive.",1,0.69014114,1,True Positive
PX-102880,ENC-20252880,True,2025-08-01 08:41:45,Clinical Patient 2881,50,Female,No,Emergency Department,14,Discharged,Catheter-associated UTI,Urinary Tract Infection,Mixed flora,39.7,85,137,74,98,20,18.7,Heart failure,Mild impairment,Normal,None known,,1,Piperacillin-Tazobactam,5,None known,0.195,0.147,14.7,Low,0.153,0.048,0.118,0.117,0.02,-0.02,-0.014,-0.02,0.04,0.05,"Clinical explanation: AMR risk is low with prior antibiotic exposure=1, prior resistant organism=None known, and ward resistance rate=19.5%. Review feature attributions before making a clinical decision.",Ceftriaxone,Cefepime,68.4,Renal adjustment review required,Renal adjustment review required,Accept,Clinician accepted the displayed first-line option,Ceftriaxone,Positive,2025-08-05 08:41:45,E. coli,None detected,Concordant,Recovered,No,Renal impairment,"Admitted to Emergency Department with Catheter-associated UTI from Urinary Tract Infection. Initial vitals: T 39.7 C, HR 85, BP 137/74, SpO2 98%. History: Heart failure; kidney function Mild impairment; allergy None known; prior antibiotic exposure in 90d 1; previous resistant organism None known. Culture status Positive.",0,0.29407993,0,True Negative
PX-102886,ENC-20252886,True,2025-08-01 17:42:40,Clinical Patient 2887,47,Male,Not applicable,General Medicine,10,Active Inpatient,Late-onset VAP,Ventilator-Associated Pneumonia,P. aeruginosa,38.8,119,109,62,84,17,18.7,CKD,Mild impairment,Mild impairment,None known,,0,None in prior 90 days,0,ESBL,0.217,0.566,56.6,Medium,0.614,0.431,0.267,0.404,-0.02,0.08,-0.008,-0.02,0.04,0.05,"Clinical explanation: AMR risk is medium with prior antibiotic exposure=0, prior resistant organism=ESBL, and ward resistance rate=21.7%. Review feature attributions before making a clinical decision.",Piperacillin-Tazobactam,Cefepime + Vancomycin,85.2,Renal adjustment review required,Renal adjustment review required,Pending,Decision not yet recorded,Clinician-selected regimen,Positive,2025-08-02 17:42:40,P. aeruginosa,Other MDR,Concordant,Improved,No,Renal impairment,"Admitted to General Medicine with Late-onset VAP from Ventilator-Associated Pneumonia. Initial vitals: T 38.8 C, HR 119, BP 109/62, SpO2 84%. History: CKD; kidney function Mild impairment; allergy None known; prior antibiotic exposure in 90d 0; previous resistant organism ESBL. Culture status Positive.",1,0.59582806,1,True Positive
PX-102935,ENC-20252935,True,2025-08-05 03:32:47,Clinical Patient 2936,65,Female,Not applicable,Surgical Ward,25,Active Inpatient,Aspiration pneumonia,Community-Acquired Pneumonia,Enterococcus faecalis,38.6,65,127,75,92,26,11.5,COPD,Normal,Normal,None known,,0,None in prior 90 days,0,ESBL,0.236,0.733,73.3,High,0.716,0.656,0.669,0.265,-0.02,0.08,-0.004,-0.02,0.04,0.05,"Clinical explanation: AMR risk is high with prior antibiotic exposure=0, prior resistant organism=ESBL, and ward resistance rate=23.6%. Review feature attributions before making a clinical decision.",Meropenem + Vancomycin,Ceftazidime-Avibactam,91.4,No renal adjustment flag,No renal adjustment flag,Accept,Clinician accepted the displayed first-line option,Meropenem + Vancomycin,Positive,2025-08-09 03:32:47,Enterococcus faecalis,Other MDR,Concordant,Improved,No,Prior resistant organism,"Admitted to Surgical Ward with Aspiration pneumonia from Community-Acquired Pneumonia. Initial vitals: T 38.6 C, HR 65, BP 127/75, SpO2 92%. History: COPD; kidney function Normal; allergy None known; prior antibiotic exposure in 90d 0; previous resistant organism ESBL. Culture status Positive.",1,0.5239463,1,True Positive
PX-102949,ENC-20252949,True,2025-08-06 18:16:54,Clinical Patient 2950,45,Male,Not applicable,General Medicine,4,Active Inpatient,Aspiration pneumonia,Community-Acquired Pneumonia,S. pneumoniae,38.3,112,156,91,93,25,4.3,Cancer; Diabetes,Normal,Moderate impairment,None known,,0,None prior,0,None known,0.214,0.126,12.6,Low,0.101,0.103,0.115,0.026,-0.02,-0.02,-0.009,-0.02,0.04,0.05,"Clinical explanation: AMR risk is low with prior antibiotic exposure=0, prior resistant organism=None known, and ward resistance rate=21.4%. Review feature attributions before making a clinical decision.",Ceftriaxone,Cefepime,87.2,No renal adjustment flag,No renal adjustment flag,Modify,Dose/frequency adjusted after clinical review,Cefepime,Positive,2025-08-09 18:16:54,S. pneumoniae,None detected,Concordant,Improved,No,Standard scenario,"Admitted to General Medicine with Aspiration pneumonia from Community-Acquired Pneumonia. Initial vitals: T 38.3 C, HR 112, BP 156/91, SpO2 93%. History: Cancer; Diabetes; kidney function Normal; allergy None known; prior antibiotic exposure in 90d 0; previous resistant organism None known. Culture status Positive.",0,0.31245136,0,True Negative
PX-102958,ENC-20252958,True,2025-08-07 09:07:21,Clinical Patient 2959,33,Female,No,ICU,21,Active Inpatient,CAP,Community-Acquired Pneumonia,K. pneumoniae,37.7,106,97,47,88,26,30.6,,Normal,Normal,None known,,4,Ciprofloxacin,3,None known,0.485,0.676,67.6,High,0.638,0.466,0.535,0.533,0.14,-0.02,0.059,0.06,-0.02,0.05,"Clinical explanation: AMR risk is high with prior antibiotic exposure=4, prior resistant organism=None known, and ward resistance rate=48.5%. Review feature attributions before making a clinical decision.",Meropenem + Vancomycin,Ceftazidime-Avibactam,71.9,No renal adjustment flag,No renal adjustment flag,Accept,Clinician accepted the displayed first-line option,Meropenem + Vancomycin,Positive,2025-08-10 09:07:21,K. pneumoniae,ESBL,Concordant,Improved,No,Missing/unknown clinical field,"Admitted to ICU with CAP from Community-Acquired Pneumonia. Initial vitals: T 37.7 C, HR 106, BP 97/47, SpO2 88%. History: None; kidney function Normal; allergy None known; prior antibiotic exposure in 90d 4; previous resistant organism None known. Culture status Positive.",1,0.63038003,1,True Positive
PX-102959,ENC-20252959,True,2025-08-07 09:10:29,Clinical Patient 2960,21,Male,Not applicable,Emergency Department,12,Active Inpatient,Late-onset VAP,Ventilator-Associated Pneumonia,No organism identified,39.3,115,102,72,91,28,36.4,Diabetes,Mild impairment,Mild impairment,None known,,0,None prior,0,None known,0.122,0.138,13.8,Low,0.14,0.042,0.092,0.068,-0.02,-0.02,-0.032,-0.02,0.04,0.05,"Clinical explanation: AMR risk is low with prior antibiotic exposure=0, prior resistant organism=None known, and ward resistance rate=12.2%. Review feature attributions before making a clinical decision.",Ceftriaxone,Cefepime,73.3,Renal adjustment review required,Renal adjustment review required,Accept,Clinician accepted the displayed first-line option,Ceftriaxone,Positive,2025-08-08 09:10:29,P. aeruginosa,None detected,Concordant,Improved,No,Renal impairment,"Admitted to Emergency Department with Late-onset VAP from Ventilator-Associated Pneumonia. Initial vitals: T 39.3 C, HR 115, BP 102/72, SpO2 91%. History: Diabetes; kidney function Mild impairment; allergy None known; prior antibiotic exposure in 90d 0; previous resistant organism None known. Culture status Positive.",0,0.25248653,0,True Negative
PX-102973,ENC-20252973,True,2025-08-08 12:24:39,Clinical Patient 2974,90,Female,Not applicable,Surgical Ward,31,Active Inpatient,Diverticulitis with perforation,Intra-abdominal Infection,No organism identified,39.4,87,99,54,94,22,48.0,,Mild impairment,Mild impairment,Penicillin,,2,Ciprofloxacin,28,None known,0.187,0.852,85.2,High,0.613,0.283,0.807,0.328,0.06,-0.02,-0.016,-0.02,-0.02,0.05,"Clinical explanation: AMR risk is high with prior antibiotic exposure=2, prior resistant organism=None known, and ward resistance rate=18.7%. Review feature attributions before making a clinical decision.",Meropenem + Vancomycin,Ceftazidime-Avibactam,69.4,Renal adjustment review required,Documented Penicillin allergy | Renal adjustment review required,Accept,Clinician accepted the displayed first-line option,Meropenem + Vancomycin,Positive,2025-08-10 12:24:39,P. aeruginosa,MDR Pseudomonas,Concordant,Improved,No,Renal impairment,"Admitted to Surgical Ward with Diverticulitis with perforation from Intra-abdominal Infection. Initial vitals: T 39.4 C, HR 87, BP 99/54, SpO2 94%. History: None; kidney function Mild impairment; allergy Penicillin; prior antibiotic exposure in 90d 2; previous resistant organism None known. Culture status Positive.",1,0.56793123,1,True Positive
PX-102988,ENC-20252988,True,2025-08-09 15:53:49,Clinical Patient 2989,83,Female,Not applicable,ICU,13,Active Inpatient,VAP,Ventilator-Associated Pneumonia,Enterococcus faecalis,38.2,89,97,65,93,30,27.1,COPD; Liver disease,Normal,Normal,None known,,3,Ertapenem,3,MDR Pseudomonas,0.466,0.937,93.7,High,0.761,0.454,0.603,0.426,0.1,0.08,0.054,0.06,0.04,-0.02,"Clinical explanation: AMR risk is high with prior antibiotic exposure=3, prior resistant organism=MDR Pseudomonas, and ward resistance rate=46.6%. Review feature attributions before making a clinical decision.",Meropenem + Vancomycin,Ceftazidime-Avibactam,87.3,No renal adjustment flag,No renal adjustment flag,Modify,Dose/frequency adjusted after clinical review,Ceftazidime-Avibactam,Positive,2025-08-10 15:53:49,Enterococcus faecalis,Other MDR,Concordant,Recovered,No,Prior resistant organism,"Admitted to ICU with VAP from Ventilator-Associated Pneumonia. Initial vitals: T 38.2 C, HR 89, BP 97/65, SpO2 93%. History: COPD; Liver disease; kidney function Normal; allergy None known; prior antibiotic exposure in 90d 3; previous resistant organism MDR Pseudomonas. Culture status Positive.",1,0.80614084,1,True Positive
PX-103012,ENC-20253012,True,2025-08-11 18:26:26,Clinical Patient 3013,50,Male,Not applicable,Surgical Ward,7,Discharged,Pyelonephritis,Urinary Tract Infection,Enterobacter cloacae complex,36.2,79,133,88,97,14,27.2,,AKI,Normal,Cephalosporin,IgE-mediated,1,Cefepime,28,None known,0.289,0.887,88.7,High,0.709,0.587,0.43,0.201,0.02,-0.02,0.01,-0.02,-0.02,-0.02,"Clinical explanation: AMR risk is high with prior antibiotic exposure=1, prior resistant organism=None known, and ward resistance rate=28.9%. Review feature attributions before making a clinical decision.",Meropenem + Vancomycin,Ceftazidime-Avibactam,87.5,Renal adjustment review required,Documented Cephalosporin allergy | Renal adjustment review required,Accept,Clinician accepted the displayed first-line option,Meropenem + Vancomycin,Positive,2025-08-12 18:26:26,Enterobacter cloacae complex,CRE,Concordant,Improved,No,Allergy/safety edge case,"Admitted to Surgical Ward with Pyelonephritis from Urinary Tract Infection. Initial vitals: T 36.2 C, HR 79, BP 133/88, SpO2 97%. History: None; kidney function AKI; allergy Cephalosporin; prior antibiotic exposure in 90d 1; previous resistant organism None known. Culture status Positive.",1,0.47322762,0,False Negative (Type II Error - Critical Missed Resistance)
PX-103015,ENC-20253015,True,2025-08-11 22:48:06,Clinical Patient 3016,54,Male,Not applicable,ICU,28,Active Inpatient,Early-onset VAP,Ventilator-Associated Pneumonia,S. aureus,37.8,150,111,59,94,28,63.2,Diabetes; Hypertension,Mild impairment,Mild impairment,None known,,1,Meropenem,10,None known,0.38,0.598,59.8,Medium,0.483,0.444,0.582,0.337,0.02,-0.02,0.033,0.06,0.04,0.05,"Clinical explanation: AMR risk is medium with prior antibiotic exposure=1, prior resistant organism=None known, and ward resistance rate=38.0%. Review feature attributions before making a clinical decision.",Piperacillin-Tazobactam,Cefepime + Vancomycin,87.3,Renal adjustment review required,Renal adjustment review required,Override,Alternative source-control plan,Clinician-selected regimen,Positive,2025-08-13 22:48:06,S. aureus,None detected,Discordant,Improved,No,Renal impairment,"Admitted to ICU with Early-onset VAP from Ventilator-Associated Pneumonia. Initial vitals: T 37.8 C, HR 150, BP 111/59, SpO2 94%. History: Diabetes; Hypertension; kidney function Mild impairment; allergy None known; prior antibiotic exposure in 90d 1; previous resistant organism None known. Culture status Positive.",0,0.67857367,1,False Positive (Type I Error)
PX-103037,ENC-20253037,True,2025-08-13 08:40:38,Clinical Patient 3038,56,Male,Not applicable,General Medicine,33,Discharged,VAP,Ventilator-Associated Pneumonia,P. aeruginosa,38.6,107,105,64,96,29,34.3,Heart failure,AKI,Normal,None known,,0,None prior,0,None known,0.188,0.602,60.2,High,0.531,0.367,0.298,0.417,-0.02,-0.02,-0.015,-0.02,0.04,0.05,"Clinical explanation: AMR risk is high with prior antibiotic exposure=0, prior resistant organism=None known, and ward resistance rate=18.8%. Review feature attributions before making a clinical decision.",Meropenem + Vancomycin,Ceftazidime-Avibactam,75.4,Renal adjustment review required,Renal adjustment review required,Override,Alternative source-control plan,Clinician-selected regimen,Positive,2025-08-17 08:40:38,P. aeruginosa,MDR Pseudomonas,Concordant,Recovered,No,Standard scenario,"Admitted to General Medicine with VAP from Ventilator-Associated Pneumonia. Initial vitals: T 38.6 C, HR 107, BP 105/64, SpO2 96%. History: Heart failure; kidney function AKI; allergy None known; prior antibiotic exposure in 90d 0; previous resistant organism None known. Culture status Positive.",1,0.3563511,0,False Negative (Type II Error - Critical Missed Resistance)
PX-103038,ENC-20253038,True,2025-08-13 11:53:58,Clinical Patient 3039,69,Male,Not applicable,ICU,40,Active Inpatient,Aspiration pneumonia,Community-Acquired Pneumonia,S. pneumoniae,37.9,128,132,80,84,22,37.5,,Normal,Normal,Sulfonamide,Mild/rash,0,None in prior 90 days,0,MRSA,0.422,0.594,59.4,Medium,0.551,0.212,0.482,0.42,-0.02,0.08,0.043,0.06,-0.02,0.05,"Clinical explanation: AMR risk is medium with prior antibiotic exposure=0, prior resistant organism=MRSA, and ward resistance rate=42.2%. Review feature attributions before making a clinical decision.",Piperacillin-Tazobactam,Cefepime + Vancomycin,80.4,No renal adjustment flag,Documented Sulfonamide allergy,Accept,Clinician accepted the displayed first-line option,Piperacillin-Tazobactam,Positive,2025-08-17 11:53:58,S. pneumoniae,Other MDR,Concordant,Improved,No,Allergy/safety edge case,"Admitted to ICU with Aspiration pneumonia from Community-Acquired Pneumonia. Initial vitals: T 37.9 C, HR 128, BP 132/80, SpO2 84%. History: None; kidney function Normal; allergy Sulfonamide; prior antibiotic exposure in 90d 0; previous resistant organism MRSA. Culture status Positive.",1,0.74215764,1,True Positive
PX-103042,ENC-20253042,True,2025-08-13 19:56:58,Clinical Patient 3043,69,Female,Not applicable,General Medicine,17,Transferred,Severe CAP,Community-Acquired Pneumonia,No organism identified,38.6,124,73,43,85,23,49.8,Heart failure,Normal,Normal,None known,,4,Amoxicillin-Clavulanate,28,None known,0.233,0.695,69.5,High,0.663,0.498,0.382,0.237,0.14,-0.02,-0.004,-0.02,0.04,0.05,"Clinical explanation: AMR risk is high with prior antibiotic exposure=4, prior resistant organism=None known, and ward resistance rate=23.3%. Review feature attributions before making a clinical decision.",Meropenem + Vancomycin,Ceftazidime-Avibactam,80.3,No renal adjustment flag,No renal adjustment flag,Modify,Dose/frequency adjusted after clinical review,Ceftazidime-Avibactam,Positive,2025-08-15 19:56:58,K. pneumoniae,ESBL,Concordant,Improved,No,Boundary vitals,"Admitted to General Medicine with Severe CAP from Community-Acquired Pneumonia. Initial vitals: T 38.6 C, HR 124, BP 73/43, SpO2 85%. History: Heart failure; kidney function Normal; allergy None known; prior antibiotic exposure in 90d 4; previous resistant organism None known. Culture status Positive.",1,0.66044164,1,True Positive
PX-103055,ENC-20253055,True,2025-08-15 02:36:22,Clinical Patient 3056,40,Male,Not applicable,General Medicine,3,Active Inpatient,Pyelonephritis,Urinary Tract Infection,No organism identified,38.9,65,125,81,95,12,40.8,Cancer; Liver disease,Normal,Unknown,None known,,1,Azithromycin,3,None known,0.338,0.188,18.8,Low,0.18,0.135,0.102,0.101,0.02,-0.02,0.022,-0.02,0.04,0.05,"Clinical explanation: AMR risk is low with prior antibiotic exposure=1, prior resistant organism=None known, and ward resistance rate=33.8%. Review feature attributions before making a clinical decision.",Ceftriaxone,Cefepime,88.2,No renal adjustment flag,No renal adjustment flag,Accept,Clinician accepted the displayed first-line option,Ceftriaxone,Positive,2025-08-16 02:36:22,E. coli,None detected,Concordant,Recovered,No,Standard scenario,"Admitted to General Medicine with Pyelonephritis from Urinary Tract Infection. Initial vitals: T 38.9 C, HR 65, BP 125/81, SpO2 95%. History: Cancer; Liver disease; kidney function Normal; allergy None known; prior antibiotic exposure in 90d 1; previous resistant organism None known. Culture status Positive.",0,0.27735397,0,True Negative
PX-103071,ENC-20253071,True,2025-08-15 23:55:25,Clinical Patient 3072,73,Female,Not applicable,ICU,16,Active Inpatient,Urosepsis,Urinary Tract Infection,Mixed flora,38.5,120,75,50,85,18,77.9,,Moderate impairment,Normal,Multiple antibiotics,Mild/rash,0,None in prior 90 days,0,None known,0.383,0.437,43.7,Medium,0.437,0.237,0.318,0.217,-0.02,-0.02,0.033,0.06,-0.02,0.05,"Clinical explanation: AMR risk is medium with prior antibiotic exposure=0, prior resistant organism=None known, and ward resistance rate=38.3%. Review feature attributions before making a clinical decision.",Piperacillin-Tazobactam,Cefepime + Vancomycin,84.3,Renal adjustment review required,Documented Multiple antibiotics allergy | Renal adjustment review required,Accept,Clinician accepted the displayed first-line option,Piperacillin-Tazobactam,Positive,2025-08-19 23:55:25,Enterococcus faecalis,None detected,Concordant,Improved,No,Renal impairment,"Admitted to ICU with Urosepsis from Urinary Tract Infection. Initial vitals: T 38.5 C, HR 120, BP 75/50, SpO2 85%. History: None; kidney function Moderate impairment; allergy Multiple antibiotics; prior antibiotic exposure in 90d 0; previous resistant organism None known. Culture status Positive.",0,0.45123246,0,True Negative
PX-103074,ENC-20253074,True,2025-08-16 03:45:11,Clinical Patient 3075,57,Male,Not applicable,General Medicine,21,Active Inpatient,Severe HAP,Hospital-Acquired Pneumonia,Enterococcus faecalis,38.4,103,115,65,83,21,52.6,COPD; Hypertension,Moderate impairment,Moderate impairment,None known,,0,None in prior 90 days,0,MRSA,0.263,0.621,62.1,High,0.649,0.28,0.428,0.303,-0.02,0.08,0.003,-0.02,0.04,-0.02,"Clinical explanation: AMR risk is high with prior antibiotic exposure=0, prior resistant organism=MRSA, and ward resistance rate=26.3%. Review feature attributions before making a clinical decision.",Meropenem + Vancomycin,Ceftazidime-Avibactam,75.1,Renal adjustment review required,Renal adjustment review required,Modify,Dose/frequency adjusted after clinical review,Ceftazidime-Avibactam,Positive,2025-08-17 03:45:11,Enterococcus faecalis,None detected,Discordant,Recovered,No,Renal impairment,"Admitted to General Medicine with Severe HAP from Hospital-Acquired Pneumonia. Initial vitals: T 38.4 C, HR 103, BP 115/65, SpO2 83%. History: COPD; Hypertension; kidney function Moderate impairment; allergy None known; prior antibiotic exposure in 90d 0; previous resistant organism MRSA. Culture status Positive.",0,0.71872914,1,False Positive (Type I Error)
PX-103086,ENC-20253086,True,2025-08-17 00:00:05,Clinical Patient 3087,39,Female,Unknown,General Medicine,24,Discharged,Primary bacteremia,Bloodstream Infection,E. coli,37.6,84,66,35,97,20,63.1,Hypertension,Normal,Normal,Sulfonamide,Mild/rash,0,None in prior 90 days,0,MRSA,0.228,0.288,28.8,Low,0.244,0.24,0.213,0.128,-0.02,0.08,-0.005,-0.02,0.04,-0.02,"Clinical explanation: AMR risk is low with prior antibiotic exposure=0, prior resistant organism=MRSA, and ward resistance rate=22.8%. Review feature attributions before making a clinical decision.",Ceftriaxone,Cefepime,89.0,No renal adjustment flag,Documented Sulfonamide allergy,Accept,Clinician accepted the displayed first-line option,Ceftriaxone,Positive,2025-08-19 00:00:05,E. coli,CRE,Discordant,Recovered,No,Allergy/safety edge case,"Admitted to General Medicine with Primary bacteremia from Bloodstream Infection. Initial vitals: T 37.6 C, HR 84, BP 66/35, SpO2 97%. History: Hypertension; kidney function Normal; allergy Sulfonamide; prior antibiotic exposure in 90d 0; previous resistant organism MRSA. Culture status Positive.",1,0.60610586,1,True Positive
PX-103096,ENC-20253096,True,2025-08-17 10:24:46,Clinical Patient 3097,38,Male,Not applicable,ICU,38,Active Inpatient,Complicated intra-abdominal infection,Intra-abdominal Infection,E. coli,37.1,130,86,43,81,19,90.0,,Normal,Normal,None known,,0,None prior,0,None known,0.557,0.391,39.1,Medium,0.279,0.273,0.349,0.09,-0.02,-0.02,0.077,0.06,-0.02,0.05,"Clinical explanation: AMR risk is medium with prior antibiotic exposure=0, prior resistant organism=None known, and ward resistance rate=55.7%. Review feature attributions before making a clinical decision.",Piperacillin-Tazobactam,Cefepime + Vancomycin,95.2,No renal adjustment flag,No renal adjustment flag,Modify,Dose/frequency adjusted after clinical review,Cefepime + Vancomycin,Positive,2025-08-20 10:24:46,E. coli,None detected,Concordant,Recovered,No,Missing/unknown clinical field,"Admitted to ICU with Complicated intra-abdominal infection from Intra-abdominal Infection. Initial vitals: T 37.1 C, HR 130, BP 86/43, SpO2 81%. History: None; kidney function Normal; allergy None known; prior antibiotic exposure in 90d 0; previous resistant organism None known. Culture status Positive.",0,0.567976,1,False Positive (Type I Error)
PX-103109,ENC-20253109,True,2025-08-18 00:56:42,Clinical Patient 3110,56,Female,Not applicable,General Medicine,7,Active Inpatient,Late-onset VAP,Ventilator-Associated Pneumonia,S. pneumoniae,35.7,120,65,40,92,26,25.3,,Mild impairment,Normal,None known,,0,None in prior 90 days,0,None known,0.239,0.109,10.9,Low,0.089,0.088,0.049,0.045,-0.02,-0.02,-0.003,-0.02,-0.02,0.05,"Clinical explanation: AMR risk is low with prior antibiotic exposure=0, prior resistant organism=None known, and ward resistance rate=23.9%. Review feature attributions before making a clinical decision.",Ceftriaxone,Cefepime,75.9,Renal adjustment review required,Renal adjustment review required,Accept,Clinician accepted the displayed first-line option,Ceftriaxone,Positive,2025-08-22 00:56:42,S. pneumoniae,None detected,Concordant,Improved,No,Renal impairment,"Admitted to General Medicine with Late-onset VAP from Ventilator-Associated Pneumonia. Initial vitals: T 35.7 C, HR 120, BP 65/40, SpO2 92%. History: None; kidney function Mild impairment; allergy None known; prior antibiotic exposure in 90d 0; previous resistant organism None known. Culture status Positive.",0,0.33330002,0,True Negative
PX-103122,ENC-20253122,True,2025-08-19 01:35:14,Clinical Patient 3123,72,Male,Not applicable,Surgical Ward,30,Active Inpatient,Pyelonephritis,Urinary Tract Infection,Enterococcus faecalis,36.9,85,118,63,95,13,21.8,,Mild impairment,Normal,None known,,1,Cefepime,5,None known,0.322,0.598,59.8,Medium,0.632,0.22,0.516,0.261,0.02,-0.02,0.018,-0.02,-0.02,-0.02,"Clinical explanation: AMR risk is medium with prior antibiotic exposure=1, prior resistant organism=None known, and ward resistance rate=32.2%. Review feature attributions before making a clinical decision.",Piperacillin-Tazobactam,Cefepime + Vancomycin,91.1,Renal adjustment review required,Renal adjustment review required,Accept,Clinician accepted the displayed first-line option,Piperacillin-Tazobactam,Positive,2025-08-23 01:35:14,Enterococcus faecalis,None detected,Discordant,Recovered,No,Renal impairment,"Admitted to Surgical Ward with Pyelonephritis from Urinary Tract Infection. Initial vitals: T 36.9 C, HR 85, BP 118/63, SpO2 95%. History: None; kidney function Mild impairment; allergy None known; prior antibiotic exposure in 90d 1; previous resistant organism None known. Culture status Positive.",0,0.4072957,0,True Negative
PX-103142,ENC-20253142,True,2025-08-20 18:07:13,Clinical Patient 3143,51,Female,Not applicable,General Medicine,18,Active Inpatient,Pyelonephritis,Urinary Tract Infection,Enterobacter cloacae complex,38.9,61,98,61,94,17,17.2,CKD,Normal,Normal,None known,,0,None prior,0,None known,0.268,0.439,43.9,Medium,0.354,0.167,0.434,0.22,-0.02,-0.02,0.005,-0.02,0.04,0.05,"Clinical explanation: AMR risk is medium with prior antibiotic exposure=0, prior resistant organism=None known, and ward resistance rate=26.8%. Review feature attributions before making a clinical decision.",Piperacillin-Tazobactam,Cefepime + Vancomycin,72.4,No renal adjustment flag,No renal adjustment flag,Accept,Clinician accepted the displayed first-line option,Piperacillin-Tazobactam,Positive,2025-08-22 18:07:13,Enterobacter cloacae complex,Other MDR,Discordant,Improved,No,Standard scenario,"Admitted to General Medicine with Pyelonephritis from Urinary Tract Infection. Initial vitals: T 38.9 C, HR 61, BP 98/61, SpO2 94%. History: CKD; kidney function Normal; allergy None known; prior antibiotic exposure in 90d 0; previous resistant organism None known. Culture status Positive.",1,0.21473251,0,False Negative (Type II Error - Critical Missed Resistance)
PX-103160,ENC-20253160,True,2025-08-21 21:30:42,Clinical Patient 3161,45,Male,Not applicable,General Medicine,7,Active Inpatient,Pyelonephritis,Urinary Tract Infection,S. aureus,37.0,64,122,72,93,20,26.4,CKD; Cancer,Mild impairment,Normal,None known,,1,Ceftriaxone,3,None known,0.282,0.226,22.6,Low,0.216,0.084,0.11,0.052,0.02,-0.02,0.008,-0.02,0.04,-0.02,"Clinical explanation: AMR risk is low with prior antibiotic exposure=1, prior resistant organism=None known, and ward resistance rate=28.2%. Review feature attributions before making a clinical decision.",Ceftriaxone,Cefepime,68.8,Renal adjustment review required,Renal adjustment review required,Accept,Clinician accepted the displayed first-line option,Ceftriaxone,Positive,2025-08-23 21:30:42,S. aureus,None detected,Concordant,Improved,No,Renal impairment,"Admitted to General Medicine with Pyelonephritis from Urinary Tract Infection. Initial vitals: T 37.0 C, HR 64, BP 122/72, SpO2 93%. History: CKD; Cancer; kidney function Mild impairment; allergy None known; prior antibiotic exposure in 90d 1; previous resistant organism None known. Culture status Positive.",0,0.2391578,0,True Negative
PX-103164,ENC-20253164,True,2025-08-22 05:02:01,Clinical Patient 3165,86,Male,Not applicable,Emergency Department,4,Active Inpatient,CAP,Community-Acquired Pneumonia,S. aureus,39.2,55,127,85,89,20,26.8,Hypertension; Immunosuppression,Normal,Normal,None known,,1,Azithromycin,3,None known,0.231,0.429,42.9,Medium,0.463,0.173,0.179,0.341,0.02,-0.02,-0.005,-0.02,0.04,0.05,"Clinical explanation: AMR risk is medium with prior antibiotic exposure=1, prior resistant organism=None known, and ward resistance rate=23.1%. Review feature attributions before making a clinical decision.",Piperacillin-Tazobactam,Cefepime + Vancomycin,75.3,No renal adjustment flag,No renal adjustment flag,Accept,Clinician accepted the displayed first-line option,Piperacillin-Tazobactam,Positive,2025-08-25 05:02:01,S. aureus,MRSA,Discordant,Recovered,No,Standard scenario,"Admitted to Emergency Department with CAP from Community-Acquired Pneumonia. Initial vitals: T 39.2 C, HR 55, BP 127/85, SpO2 89%. History: Hypertension; Immunosuppression; kidney function Normal; allergy None known; prior antibiotic exposure in 90d 1; previous resistant organism None known. Culture status Positive.",1,0.32112512,0,False Negative (Type II Error - Critical Missed Resistance)
PX-103191,ENC-20253191,True,2025-08-25 04:46:56,Clinical Patient 3192,29,Female,No,ICU,1,Active Inpatient,Pyelonephritis,Urinary Tract Infection,K. pneumoniae,37.9,117,65,43,78,27,119.3,Cancer,Normal,Severe impairment,None known,,0,None in prior 90 days,0,None known,0.441,0.391,39.1,Medium,0.387,0.301,0.34,0.258,-0.02,-0.02,0.048,0.06,0.04,0.05,"Clinical explanation: AMR risk is medium with prior antibiotic exposure=0, prior resistant organism=None known, and ward resistance rate=44.1%. Review feature attributions before making a clinical decision.",Piperacillin-Tazobactam,Cefepime + Vancomycin,85.9,No renal adjustment flag,No renal adjustment flag,Accept,Clinician accepted the displayed first-line option,Piperacillin-Tazobactam,Positive,2025-08-28 04:46:56,K. pneumoniae,None detected,Concordant,Improved,No,Boundary vitals,"Admitted to ICU with Pyelonephritis from Urinary Tract Infection. Initial vitals: T 37.9 C, HR 117, BP 65/43, SpO2 78%. History: Cancer; kidney function Normal; allergy None known; prior antibiotic exposure in 90d 0; previous resistant organism None known. Culture status Positive.",0,0.5594953,1,False Positive (Type I Error)
PX-103201,ENC-20253201,True,2025-08-26 00:47:14,Clinical Patient 3202,78,Female,Not applicable,Surgical Ward,17,Active Inpatient,Suspected bacteremia,Bloodstream Infection,Enterobacter cloacae complex,38.8,121,111,66,92,15,22.5,Diabetes; Hypertension,Normal,Mild impairment,None known,,0,None in prior 90 days,0,None known,0.393,0.167,16.7,Low,0.125,0.069,0.137,0.038,-0.02,-0.02,0.036,-0.02,0.04,0.05,"Clinical explanation: AMR risk is low with prior antibiotic exposure=0, prior resistant organism=None known, and ward resistance rate=39.3%. Review feature attributions before making a clinical decision.",Ceftriaxone,Cefepime,80.7,No renal adjustment flag,No renal adjustment flag,Override,Alternative source-control plan,Clinician-selected regimen,Positive,2025-08-28 00:47:14,Enterobacter cloacae complex,None detected,Concordant,Improved,No,Standard scenario,"Admitted to Surgical Ward with Suspected bacteremia from Bloodstream Infection. Initial vitals: T 38.8 C, HR 121, BP 111/66, SpO2 92%. History: Diabetes; Hypertension; kidney function Normal; allergy None known; prior antibiotic exposure in 90d 0; previous resistant organism None known. Culture status Positive.",0,0.36833236,0,True Negative
PX-103209,ENC-20253209,True,2025-08-26 19:16:06,Clinical Patient 3210,69,Female,Not applicable,General Medicine,26,Active Inpatient,Catheter-associated UTI,Urinary Tract Infection,S. pneumoniae,36.7,94,109,53,96,15,19.2,Immunosuppression,Normal,Normal,Penicillin,Mild/rash,0,None in prior 90 days,0,None known,0.168,0.294,29.4,Low,0.207,0.151,0.234,0.19,-0.02,-0.02,-0.02,-0.02,0.04,-0.02,"Clinical explanation: AMR risk is low with prior antibiotic exposure=0, prior resistant organism=None known, and ward resistance rate=16.8%. Review feature attributions before making a clinical decision.",Ceftriaxone,Cefepime,95.4,No renal adjustment flag,Documented Penicillin allergy,Accept,Clinician accepted the displayed first-line option,Ceftriaxone,Positive,2025-08-28 19:16:06,S. pneumoniae,None detected,Concordant,Improved,No,Allergy/safety edge case,"Admitted to General Medicine with Catheter-associated UTI from Urinary Tract Infection. Initial vitals: T 36.7 C, HR 94, BP 109/53, SpO2 96%. History: Immunosuppression; kidney function Normal; allergy Penicillin; prior antibiotic exposure in 90d 0; previous resistant organism None known. Culture status Positive.",0,0.24022052,0,True Negative
PX-103257,ENC-20253257,True,2025-08-29 14:15:02,Clinical Patient 3258,54,Male,Not applicable,General Medicine,34,Active Inpatient,Cellulitis,Skin/Soft Tissue Infection,P. aeruginosa,37.4,99,121,64,95,17,15.4,COPD; Immunosuppression,Normal,Mild impairment,None known,,0,None in prior 90 days,0,None known,0.29,0.485,48.5,Medium,0.341,0.378,0.438,0.383,-0.02,-0.02,0.01,-0.02,0.04,-0.02,"Clinical explanation: AMR risk is medium with prior antibiotic exposure=0, prior resistant organism=None known, and ward resistance rate=29.0%. Review feature attributions before making a clinical decision.",Piperacillin-Tazobactam,Cefepime + Vancomycin,84.5,No renal adjustment flag,No renal adjustment flag,Accept,Clinician accepted the displayed first-line option,Piperacillin-Tazobactam,Positive,2025-08-31 14:15:02,P. aeruginosa,None detected,Concordant,Recovered,No,Standard scenario,"Admitted to General Medicine with Cellulitis from Skin/Soft Tissue Infection. Initial vitals: T 37.4 C, HR 99, BP 121/64, SpO2 95%. History: COPD; Immunosuppression; kidney function Normal; allergy None known; prior antibiotic exposure in 90d 0; previous resistant organism None known. Culture status Positive.",0,0.2746647,0,True Negative
PX-103286,ENC-20253286,True,2025-08-31 10:49:31,Clinical Patient 3287,39,Female,No,ICU,24,Discharged,Severe HAP,Hospital-Acquired Pneumonia,Enterococcus faecalis,37.9,106,95,54,97,31,30.7,,Normal,Normal,Penicillin,IgE-mediated,3,Ertapenem,21,ESBL,0.354,0.953,95.3,High,0.946,0.61,0.686,0.336,0.1,0.08,0.026,0.06,-0.02,0.05,"Clinical explanation: AMR risk is high with prior antibiotic exposure=3, prior resistant organism=ESBL, and ward resistance rate=35.4%. Review feature attributions before making a clinical decision.",Meropenem + Vancomycin,Ceftazidime-Avibactam,91.5,No renal adjustment flag,Documented Penicillin allergy,Accept,Clinician accepted the displayed first-line option,Meropenem + Vancomycin,Positive,2025-09-04 10:49:31,Enterococcus faecalis,ESBL,Concordant,Recovered,No,Allergy/safety edge case,"Admitted to ICU with Severe HAP from Hospital-Acquired Pneumonia. Initial vitals: T 37.9 C, HR 106, BP 95/54, SpO2 97%. History: None; kidney function Normal; allergy Penicillin; prior antibiotic exposure in 90d 3; previous resistant organism ESBL. Culture status Positive.",1,0.84657216,1,True Positive
PX-103308,ENC-20253308,True,2025-09-02 02:18:53,Clinical Patient 3309,52,Male,Not applicable,ICU,19,Active Inpatient,Complicated skin infection,Skin/Soft Tissue Infection,S. aureus,39.2,131,93,59,85,21,75.4,Heart failure; Liver disease,Normal,Normal,None known,,1,Levofloxacin,21,None known,0.411,0.772,77.2,High,0.645,0.495,0.322,0.308,0.02,-0.02,0.04,0.06,0.04,0.05,"Clinical explanation: AMR risk is high with prior antibiotic exposure=1, prior resistant organism=None known, and ward resistance rate=41.1%. Review feature attributions before making a clinical decision.",Meropenem + Vancomycin,Ceftazidime-Avibactam,76.2,No renal adjustment flag,No renal adjustment flag,Accept,Clinician accepted the displayed first-line option,Meropenem + Vancomycin,Positive,2025-09-03 02:18:53,S. aureus,MRSA,Concordant,Improved,No,Standard scenario,"Admitted to ICU with Complicated skin infection from Skin/Soft Tissue Infection. Initial vitals: T 39.2 C, HR 131, BP 93/59, SpO2 85%. History: Heart failure; Liver disease; kidney function Normal; allergy None known; prior antibiotic exposure in 90d 1; previous resistant organism None known. Culture status Positive.",1,0.6256103,1,True Positive
PX-103310,ENC-20253310,True,2025-09-02 02:55:12,Clinical Patient 3311,46,Female,No,Surgical Ward,16,Discharged,Pyelonephritis,Urinary Tract Infection,P. aeruginosa,39.0,136,65,35,95,16,47.0,CKD,Normal,Mild impairment,None known,,2,Ertapenem,5,MDR Pseudomonas,0.326,0.942,94.2,High,0.894,0.677,0.459,0.421,0.06,0.08,0.019,-0.02,0.04,0.05,"Clinical explanation: AMR risk is high with prior antibiotic exposure=2, prior resistant organism=MDR Pseudomonas, and ward resistance rate=32.6%. Review feature attributions before making a clinical decision.",Meropenem + Vancomycin,Ceftazidime-Avibactam,85.0,No renal adjustment flag,No renal adjustment flag,Accept,Clinician accepted the displayed first-line option,Meropenem + Vancomycin,Positive,2025-09-04 02:55:12,P. aeruginosa,MDR Pseudomonas,Concordant,Improved,No,Prior resistant organism,"Admitted to Surgical Ward with Pyelonephritis from Urinary Tract Infection. Initial vitals: T 39.0 C, HR 136, BP 65/35, SpO2 95%. History: CKD; kidney function Normal; allergy None known; prior antibiotic exposure in 90d 2; previous resistant organism MDR Pseudomonas. Culture status Positive.",1,0.79846895,1,True Positive
PX-103327,ENC-20253327,True,2025-09-03 15:17:14,Clinical Patient 3328,37,Male,Not applicable,General Medicine,26,Transferred,Complicated skin infection,Skin/Soft Tissue Infection,E. coli,39.3,81,117,78,93,22,13.5,,Normal,Normal,None known,,0,None in prior 90 days,0,MDR Pseudomonas,0.191,0.532,53.2,Medium,0.529,0.358,0.472,0.112,-0.02,0.08,-0.015,-0.02,-0.02,0.05,"Clinical explanation: AMR risk is medium with prior antibiotic exposure=0, prior resistant organism=MDR Pseudomonas, and ward resistance rate=19.1%. Review feature attributions before making a clinical decision.",Piperacillin-Tazobactam,Cefepime + Vancomycin,80.1,No renal adjustment flag,No renal adjustment flag,Accept,Clinician accepted the displayed first-line option,Piperacillin-Tazobactam,Positive,2025-09-06 15:17:14,E. coli,ESBL,Concordant,Improved,No,Prior resistant organism,"Admitted to General Medicine with Complicated skin infection from Skin/Soft Tissue Infection. Initial vitals: T 39.3 C, HR 81, BP 117/78, SpO2 93%. History: None; kidney function Normal; allergy None known; prior antibiotic exposure in 90d 0; previous resistant organism MDR Pseudomonas. Culture status Positive.",1,0.4543827,0,False Negative (Type II Error - Critical Missed Resistance)
PX-103330,ENC-20253330,True,2025-09-03 16:50:57,Clinical Patient 3331,71,Female,Not applicable,General Medicine,2,Transferred,Biliary tract infection,Intra-abdominal Infection,S. pneumoniae,36.4,92,125,82,98,17,27.5,COPD; Heart failure,AKI,Normal,None known,,1,Piperacillin-Tazobactam,7,None known,0.254,0.31,31.0,Medium,0.233,0.235,0.303,0.094,0.02,-0.02,0.001,-0.02,0.04,-0.02,"Clinical explanation: AMR risk is medium with prior antibiotic exposure=1, prior resistant organism=None known, and ward resistance rate=25.4%. Review feature attributions before making a clinical decision.",Piperacillin-Tazobactam,Cefepime + Vancomycin,66.1,Renal adjustment review required,Renal adjustment review required,Accept,Clinician accepted the displayed first-line option,Piperacillin-Tazobactam,Positive,2025-09-06 16:50:57,S. pneumoniae,None detected,Concordant,Improved,No,Standard scenario,"Admitted to General Medicine with Biliary tract infection from Intra-abdominal Infection. Initial vitals: T 36.4 C, HR 92, BP 125/82, SpO2 98%. History: COPD; Heart failure; kidney function AKI; allergy None known; prior antibiotic exposure in 90d 1; previous resistant organism None known. Culture status Positive.",0,0.45808843,0,True Negative
PX-103338,ENC-20253338,True,2025-09-04 02:39:21,Clinical Patient 3339,35,Male,Not applicable,Surgical Ward,31,Active Inpatient,CAP,Community-Acquired Pneumonia,E. coli,38.8,104,98,67,83,20,72.8,Immunosuppression,Mild impairment,Mild impairment,None known,,2,Cefepime,3,MDR Pseudomonas,0.292,0.626,62.6,High,0.456,0.467,0.511,0.198,0.06,0.08,0.01,-0.02,0.04,0.05,"Clinical explanation: AMR risk is high with prior antibiotic exposure=2, prior resistant organism=MDR Pseudomonas, and ward resistance rate=29.2%. Review feature attributions before making a clinical decision.",Meropenem + Vancomycin,Ceftazidime-Avibactam,66.8,Renal adjustment review required,Renal adjustment review required,Modify,Dose/frequency adjusted after clinical review,Ceftazidime-Avibactam,Positive,2025-09-08 02:39:21,E. coli,Other MDR,Concordant,Recovered,No,Renal impairment,"Admitted to Surgical Ward with CAP from Community-Acquired Pneumonia. Initial vitals: T 38.8 C, HR 104, BP 98/67, SpO2 83%. History: Immunosuppression; kidney function Mild impairment; allergy None known; prior antibiotic exposure in 90d 2; previous resistant organism MDR Pseudomonas. Culture status Positive.",1,0.75079393,1,True Positive
PX-103341,ENC-20253341,True,2025-09-04 10:16:09,Clinical Patient 3342,80,Female,Not applicable,General Medicine,38,Discharged,Aspiration pneumonia,Community-Acquired Pneumonia,No organism identified,38.0,91,112,76,90,15,34.8,COPD,Moderate impairment,Normal,Sulfonamide,Mild/rash,0,None in prior 90 days,0,None known,0.237,0.449,44.9,Medium,0.317,0.339,0.21,0.201,-0.02,-0.02,-0.003,-0.02,0.04,-0.02,"Clinical explanation: AMR risk is medium with prior antibiotic exposure=0, prior resistant organism=None known, and ward resistance rate=23.7%. Review feature attributions before making a clinical decision.",Piperacillin-Tazobactam,Cefepime + Vancomycin,90.4,Renal adjustment review required,Documented Sulfonamide allergy | Renal adjustment review required,Accept,Clinician accepted the displayed first-line option,Piperacillin-Tazobactam,Positive,2025-09-07 10:16:09,Enterococcus faecalis,Other MDR,Discordant,Improved,No,Renal impairment,"Admitted to General Medicine with Aspiration pneumonia from Community-Acquired Pneumonia. Initial vitals: T 38.0 C, HR 91, BP 112/76, SpO2 90%. History: COPD; kidney function Moderate impairment; allergy Sulfonamide; prior antibiotic exposure in 90d 0; previous resistant organism None known. Culture status Positive.",1,0.25808546,0,False Negative (Type II Error - Critical Missed Resistance)
PX-103354,ENC-20253354,True,2025-09-06 04:40:21,Clinical Patient 3355,53,Male,Not applicable,Surgical Ward,30,Active Inpatient,Post-op wound infection,Surgical Site Infection,No organism identified,37.5,104,151,86,96,15,23.6,,Normal,Severe impairment,None known,,0,None prior,0,ESBL,0.392,0.39,39.0,Medium,0.319,0.33,0.162,0.176,-0.02,0.08,0.036,-0.02,-0.02,-0.02,"Clinical explanation: AMR risk is medium with prior antibiotic exposure=0, prior resistant organism=ESBL, and ward resistance rate=39.2%. Review feature attributions before making a clinical decision.",Piperacillin-Tazobactam,Cefepime + Vancomycin,75.3,No renal adjustment flag,No renal adjustment flag,Accept,Clinician accepted the displayed first-line option,Piperacillin-Tazobactam,Positive,2025-09-10 04:40:21,E. coli,ESBL,Discordant,Improved,No,Prior resistant organism,"Admitted to Surgical Ward with Post-op wound infection from Surgical Site Infection. Initial vitals: T 37.5 C, HR 104, BP 151/86, SpO2 96%. History: None; kidney function Normal; allergy None known; prior antibiotic exposure in 90d 0; previous resistant organism ESBL. Culture status Positive.",1,0.6376197,1,True Positive
PX-103356,ENC-20253356,True,2025-09-06 05:03:59,Clinical Patient 3357,61,Male,Not applicable,ICU,25,Transferred,Aspiration pneumonia,Community-Acquired Pneumonia,Enterobacter cloacae complex,38.3,105,107,60,98,20,48.3,Hypertension,Normal,Moderate impairment,Penicillin,IgE-mediated,0,None prior,0,None known,0.418,0.255,25.5,Low,0.205,0.1,0.18,0.171,-0.02,-0.02,0.042,0.06,0.04,-0.02,"Clinical explanation: AMR risk is low with prior antibiotic exposure=0, prior resistant organism=None known, and ward resistance rate=41.8%. Review feature attributions before making a clinical decision.",Ceftriaxone,Cefepime,82.2,No renal adjustment flag,Documented Penicillin allergy,Accept,Clinician accepted the displayed first-line option,Ceftriaxone,Positive,2025-09-09 05:03:59,Enterobacter cloacae complex,ESBL,Discordant,Improved,No,Allergy/safety edge case,"Admitted to ICU with Aspiration pneumonia from Community-Acquired Pneumonia. Initial vitals: T 38.3 C, HR 105, BP 107/60, SpO2 98%. History: Hypertension; kidney function Normal; allergy Penicillin; prior antibiotic exposure in 90d 0; previous resistant organism None known. Culture status Positive.",1,0.49242318,0,False Negative (Type II Error - Critical Missed Resistance)
PX-103369,ENC-20253369,True,2025-09-07 05:57:08,Clinical Patient 3370,70,Male,Not applicable,General Medicine,27,Discharged,Catheter-related bloodstream infection,Bloodstream Infection,Mixed flora,38.2,121,118,71,99,19,34.8,Hypertension,Normal,Normal,Penicillin,IgE-mediated,2,Ceftriaxone + Azithromycin,14,MRSA,0.315,0.89,89.0,High,0.721,0.617,0.428,0.249,0.06,0.08,0.016,-0.02,0.04,0.05,"Clinical explanation: AMR risk is high with prior antibiotic exposure=2, prior resistant organism=MRSA, and ward resistance rate=31.5%. Review feature attributions before making a clinical decision.",Meropenem + Vancomycin,Ceftazidime-Avibactam,90.3,No renal adjustment flag,Documented Penicillin allergy,Accept,Clinician accepted the displayed first-line option,Meropenem + Vancomycin,Positive,2025-09-10 05:57:08,K. pneumoniae,ESBL,Concordant,Escalated care,Yes,Allergy/safety edge case,"Admitted to General Medicine with Catheter-related bloodstream infection from Bloodstream Infection. Initial vitals: T 38.2 C, HR 121, BP 118/71, SpO2 99%. History: Hypertension; kidney function Normal; allergy Penicillin; prior antibiotic exposure in 90d 2; previous resistant organism MRSA. Culture status Positive.",1,0.8300388,1,True Positive
PX-103418,ENC-20253418,True,2025-09-10 09:30:08,Clinical Patient 3419,66,Female,Not applicable,ICU,6,Discharged,Superficial SSI,Surgical Site Infection,Enterococcus faecalis,38.1,122,111,54,94,17,44.0,CKD; COPD,Normal,Normal,Cephalosporin,Mild/rash,3,Amoxicillin-Clavulanate,7,MDR Pseudomonas,0.456,0.942,94.2,High,0.805,0.736,0.93,0.579,0.1,0.08,0.052,0.06,0.04,0.05,"Clinical explanation: AMR risk is high with prior antibiotic exposure=3, prior resistant organism=MDR Pseudomonas, and ward resistance rate=45.6%. Review feature attributions before making a clinical decision.",Meropenem + Vancomycin,Ceftazidime-Avibactam,79.0,No renal adjustment flag,Documented Cephalosporin allergy,Modify,Dose/frequency adjusted after clinical review,Ceftazidime-Avibactam,Positive,2025-09-11 09:30:08,Enterococcus faecalis,Other MDR,Concordant,Improved,No,Allergy/safety edge case,"Admitted to ICU with Superficial SSI from Surgical Site Infection. Initial vitals: T 38.1 C, HR 122, BP 111/54, SpO2 94%. History: CKD; COPD; kidney function Normal; allergy Cephalosporin; prior antibiotic exposure in 90d 3; previous resistant organism MDR Pseudomonas. Culture status Positive.",1,0.8522249,1,True Positive
PX-103436,ENC-20253436,True,2025-09-11 05:39:43,Clinical Patient 3437,90,Female,Not applicable,Surgical Ward,26,Discharged,Complicated intra-abdominal infection,Intra-abdominal Infection,Enterococcus faecalis,37.6,81,126,65,99,16,15.7,COPD,Normal,Normal,None known,,1,Ciprofloxacin,5,None known,0.349,0.358,35.8,Medium,0.308,0.322,0.168,0.169,0.02,-0.02,0.025,-0.02,0.04,-0.02,"Clinical explanation: AMR risk is medium with prior antibiotic exposure=1, prior resistant organism=None known, and ward resistance rate=34.9%. Review feature attributions before making a clinical decision.",Piperacillin-Tazobactam,Cefepime + Vancomycin,77.0,No renal adjustment flag,No renal adjustment flag,Modify,Dose/frequency adjusted after clinical review,Cefepime + Vancomycin,Positive,2025-09-14 05:39:43,Enterococcus faecalis,ESBL,Discordant,Improved,No,Standard scenario,"Admitted to Surgical Ward with Complicated intra-abdominal infection from Intra-abdominal Infection. Initial vitals: T 37.6 C, HR 81, BP 126/65, SpO2 99%. History: COPD; kidney function Normal; allergy None known; prior antibiotic exposure in 90d 1; previous resistant organism None known. Culture status Positive.",1,0.5085585,1,True Positive
PX-103441,ENC-20253441,True,2025-09-11 14:36:00,Clinical Patient 3442,52,Female,Not applicable,ICU,21,Discharged,Peritonitis,Intra-abdominal Infection,Mixed flora,38.4,116,118,56,91,24,18.6,Diabetes,Normal,Normal,None known,,0,None prior,0,None known,0.344,0.349,34.9,Medium,0.335,0.227,0.321,0.175,-0.02,-0.02,0.023,0.06,0.04,0.05,"Clinical explanation: AMR risk is medium with prior antibiotic exposure=0, prior resistant organism=None known, and ward resistance rate=34.4%. Review feature attributions before making a clinical decision.",Piperacillin-Tazobactam,Cefepime + Vancomycin,77.2,No renal adjustment flag,No renal adjustment flag,Modify,Dose/frequency adjusted after clinical review,Cefepime + Vancomycin,Positive,2025-09-15 14:36:00,Enterococcus faecalis,MRSA,Discordant,Recovered,No,Standard scenario,"Admitted to ICU with Peritonitis from Intra-abdominal Infection. Initial vitals: T 38.4 C, HR 116, BP 118/56, SpO2 91%. History: Diabetes; kidney function Normal; allergy None known; prior antibiotic exposure in 90d 0; previous resistant organism None known. Culture status Positive.",1,0.39989367,0,False Negative (Type II Error - Critical Missed Resistance)
PX-103448,ENC-20253448,True,2025-09-12 03:48:37,Clinical Patient 3449,66,Male,Not applicable,ICU,40,Active Inpatient,Severe HAP,Hospital-Acquired Pneumonia,E. coli,39.7,97,89,39,84,20,91.2,COPD; Diabetes,Moderate impairment,Normal,None known,,3,Cefepime,10,None known,0.386,0.925,92.5,High,0.721,0.655,0.788,0.387,0.1,-0.02,0.034,0.06,0.04,0.05,"Clinical explanation: AMR risk is high with prior antibiotic exposure=3, prior resistant organism=None known, and ward resistance rate=38.6%. Review feature attributions before making a clinical decision.",Meropenem + Vancomycin,Ceftazidime-Avibactam,88.7,Renal adjustment review required,Renal adjustment review required,Accept,Clinician accepted the displayed first-line option,Meropenem + Vancomycin,Positive,2025-09-14 03:48:37,E. coli,ESBL,Concordant,Improved,No,Renal impairment,"Admitted to ICU with Severe HAP from Hospital-Acquired Pneumonia. Initial vitals: T 39.7 C, HR 97, BP 89/39, SpO2 84%. History: COPD; Diabetes; kidney function Moderate impairment; allergy None known; prior antibiotic exposure in 90d 3; previous resistant organism None known. Culture status Positive.",1,0.7674436,1,True Positive
PX-103468,ENC-20253468,True,2025-09-13 04:38:49,Clinical Patient 3469,67,Male,Not applicable,General Medicine,9,Active Inpatient,Complicated UTI,Urinary Tract Infection,S. aureus,38.5,91,131,83,97,23,13.5,COPD; Cancer; Immunosuppression,Normal,Normal,None known,,1,Amoxicillin-Clavulanate,5,None known,0.283,0.528,52.8,Medium,0.428,0.388,0.266,0.319,0.02,-0.02,0.008,-0.02,0.04,-0.02,"Clinical explanation: AMR risk is medium with prior antibiotic exposure=1, prior resistant organism=None known, and ward resistance rate=28.3%. Review feature attributions before making a clinical decision.",Piperacillin-Tazobactam,Cefepime + Vancomycin,74.7,No renal adjustment flag,No renal adjustment flag,Modify,Dose/frequency adjusted after clinical review,Cefepime + Vancomycin,Positive,2025-09-15 04:38:49,S. aureus,MRSA,Concordant,Recovered,No,Standard scenario,"Admitted to General Medicine with Complicated UTI from Urinary Tract Infection. Initial vitals: T 38.5 C, HR 91, BP 131/83, SpO2 97%. History: COPD; Cancer; Immunosuppression; kidney function Normal; allergy None known; prior antibiotic exposure in 90d 1; previous resistant organism None known. Culture status Positive.",1,0.41919407,0,False Negative (Type II Error - Critical Missed Resistance)
PX-103474,ENC-20253474,True,2025-09-13 22:42:26,Clinical Patient 3475,46,Male,Not applicable,Emergency Department,25,Discharged,Biliary tract infection,Intra-abdominal Infection,S. aureus,37.9,85,124,74,98,18,46.6,Cancer,Mild impairment,Normal,None known,,1,Ceftriaxone + Azithromycin,14,None known,0.212,0.561,56.1,Medium,0.58,0.339,0.521,0.166,0.02,-0.02,-0.01,-0.02,0.04,-0.02,"Clinical explanation: AMR risk is medium with prior antibiotic exposure=1, prior resistant organism=None known, and ward resistance rate=21.2%. Review feature attributions before making a clinical decision.",Piperacillin-Tazobactam,Cefepime + Vancomycin,92.1,Renal adjustment review required,Renal adjustment review required,Override,Alternative source-control plan,Clinician-selected regimen,Positive,2025-09-15 22:42:26,S. aureus,MRSA,Concordant,Improved,No,Renal impairment,"Admitted to Emergency Department with Biliary tract infection from Intra-abdominal Infection. Initial vitals: T 37.9 C, HR 85, BP 124/74, SpO2 98%. History: Cancer; kidney function Mild impairment; allergy None known; prior antibiotic exposure in 90d 1; previous resistant organism None known. Culture status Positive.",1,0.39327985,0,False Negative (Type II Error - Critical Missed Resistance)
PX-103493,ENC-20253493,True,2025-09-15 07:41:05,Clinical Patient 3494,86,Male,Not applicable,General Medicine,38,Active Inpatient,Complicated intra-abdominal infection,Intra-abdominal Infection,P. aeruginosa,37.0,66,135,87,97,17,55.9,Heart failure,Normal,Normal,None known,,1,Ertapenem,5,None known,0.248,0.323,32.3,Medium,0.283,0.247,0.243,0.25,0.02,-0.02,-0.001,-0.02,0.04,-0.02,"Clinical explanation: AMR risk is medium with prior antibiotic exposure=1, prior resistant organism=None known, and ward resistance rate=24.8%. Review feature attributions before making a clinical decision.",Piperacillin-Tazobactam,Cefepime + Vancomycin,93.6,No renal adjustment flag,No renal adjustment flag,Modify,Dose/frequency adjusted after clinical review,Cefepime + Vancomycin,Positive,2025-09-16 07:41:05,P. aeruginosa,MDR Pseudomonas,Discordant,Recovered,No,Standard scenario,"Admitted to General Medicine with Complicated intra-abdominal infection from Intra-abdominal Infection. Initial vitals: T 37.0 C, HR 66, BP 135/87, SpO2 97%. History: Heart failure; kidney function Normal; allergy None known; prior antibiotic exposure in 90d 1; previous resistant organism None known. Culture status Positive.",1,0.37547982,0,False Negative (Type II Error - Critical Missed Resistance)
PX-103495,ENC-20253495,True,2025-09-15 14:39:30,Clinical Patient 3496,50,Female,No,Emergency Department,16,Discharged,Cellulitis,Skin/Soft Tissue Infection,Enterobacter cloacae complex,37.0,85,122,68,96,21,13.4,,AKI,Mild impairment,None known,,1,Cefepime,10,None known,0.144,0.293,29.3,Low,0.309,0.233,0.202,0.211,0.02,-0.02,-0.027,-0.02,-0.02,-0.02,"Clinical explanation: AMR risk is low with prior antibiotic exposure=1, prior resistant organism=None known, and ward resistance rate=14.4%. Review feature attributions before making a clinical decision.",Ceftriaxone,Cefepime,78.6,Renal adjustment review required,Renal adjustment review required,Pending,Decision not yet recorded,Clinician-selected regimen,Positive,2025-09-18 14:39:30,Enterobacter cloacae complex,None detected,Concordant,No documented outcome,No,Missing/unknown clinical field,"Admitted to Emergency Department with Cellulitis from Skin/Soft Tissue Infection. Initial vitals: T 37.0 C, HR 85, BP 122/68, SpO2 96%. History: None; kidney function AKI; allergy None known; prior antibiotic exposure in 90d 1; previous resistant organism None known. Culture status Positive.",0,0.3944228,0,True Negative
PX-103497,ENC-20253497,True,2025-09-15 18:54:47,Clinical Patient 3498,64,Female,Not applicable,ICU,16,Active Inpatient,Aspiration pneumonia,Community-Acquired Pneumonia,Mixed flora,38.8,139,83,61,90,26,27.7,CKD; Liver disease,Normal,Normal,None known,,2,Ertapenem,14,MRSA,0.423,0.931,93.1,High,0.95,0.75,0.74,0.206,0.06,0.08,0.043,0.06,0.04,0.05,"Clinical explanation: AMR risk is high with prior antibiotic exposure=2, prior resistant organism=MRSA, and ward resistance rate=42.3%. Review feature attributions before making a clinical decision.",Meropenem + Vancomycin,Ceftazidime-Avibactam,83.6,No renal adjustment flag,No renal adjustment flag,Accept,Clinician accepted the displayed first-line option,Meropenem + Vancomycin,Positive,2025-09-16 18:54:47,S. aureus,MRSA,Concordant,Treatment modified after deterioration,Yes,Prior resistant organism,"Admitted to ICU with Aspiration pneumonia from Community-Acquired Pneumonia. Initial vitals: T 38.8 C, HR 139, BP 83/61, SpO2 90%. History: CKD; Liver disease; kidney function Normal; allergy None known; prior antibiotic exposure in 90d 2; previous resistant organism MRSA. Culture status Positive.",1,0.84918684,1,True Positive
PX-103530,ENC-20253530,True,2025-09-18 02:40:06,Clinical Patient 3531,92,Male,Not applicable,General Medicine,21,Active Inpatient,Early-onset VAP,Ventilator-Associated Pneumonia,S. aureus,38.0,104,67,35,85,24,47.8,Hypertension,Normal,Normal,None known,,0,None prior,0,CRE,0.27,0.717,71.7,High,0.575,0.336,0.449,0.24,-0.02,0.08,0.005,-0.02,0.04,-0.02,"Clinical explanation: AMR risk is high with prior antibiotic exposure=0, prior resistant organism=CRE, and ward resistance rate=27.0%. Review feature attributions before making a clinical decision.",Meropenem + Vancomycin,Ceftazidime-Avibactam,69.8,No renal adjustment flag,No renal adjustment flag,Modify,Dose/frequency adjusted after clinical review,Ceftazidime-Avibactam,Positive,2025-09-21 02:40:06,S. aureus,MRSA,Concordant,Improved,No,Prior resistant organism,"Admitted to General Medicine with Early-onset VAP from Ventilator-Associated Pneumonia. Initial vitals: T 38.0 C, HR 104, BP 67/35, SpO2 85%. History: Hypertension; kidney function Normal; allergy None known; prior antibiotic exposure in 90d 0; previous resistant organism CRE. Culture status Positive.",1,0.61972815,1,True Positive
PX-103531,ENC-20253531,True,2025-09-18 04:12:30,Clinical Patient 3532,77,Male,Not applicable,ICU,39,Active Inpatient,Diverticulitis with perforation,Intra-abdominal Infection,No organism identified,39.0,136,127,78,88,24,99.1,CKD,Normal,Severe impairment,Cephalosporin,Mild/rash,3,Amoxicillin-Clavulanate,14,MDR Pseudomonas,0.368,0.844,84.4,High,0.828,0.334,0.592,0.436,0.1,0.08,0.029,0.06,0.04,0.05,"Clinical explanation: AMR risk is high with prior antibiotic exposure=3, prior resistant organism=MDR Pseudomonas, and ward resistance rate=36.8%. Review feature attributions before making a clinical decision.",Meropenem + Vancomycin,Ceftazidime-Avibactam,73.2,No renal adjustment flag,Documented Cephalosporin allergy,Accept,Clinician accepted the displayed first-line option,Meropenem + Vancomycin,Positive,2025-09-22 04:12:30,E. coli,None detected,Discordant,Recovered,No,Allergy/safety edge case,"Admitted to ICU with Diverticulitis with perforation from Intra-abdominal Infection. Initial vitals: T 39.0 C, HR 136, BP 127/78, SpO2 88%. History: CKD; kidney function Normal; allergy Cephalosporin; prior antibiotic exposure in 90d 3; previous resistant organism MDR Pseudomonas. Culture status Positive.",0,0.8467206,1,False Positive (Type I Error)
PX-103542,ENC-20253542,True,2025-09-19 06:58:09,Clinical Patient 3543,37,Female,No,ICU,13,Discharged,Aspiration pneumonia,Community-Acquired Pneumonia,Mixed flora,37.9,89,72,35,94,23,43.5,,Normal,Normal,Cephalosporin,,0,None prior,0,CRE,0.487,0.917,91.7,High,0.875,0.615,0.907,0.523,-0.02,0.08,0.059,0.06,-0.02,-0.02,"Clinical explanation: AMR risk is high with prior antibiotic exposure=0, prior resistant organism=CRE, and ward resistance rate=48.7%. Review feature attributions before making a clinical decision.",Meropenem + Vancomycin,Ceftazidime-Avibactam,66.4,No renal adjustment flag,Documented Cephalosporin allergy,Accept,Clinician accepted the displayed first-line option,Meropenem + Vancomycin,Positive,2025-09-21 06:58:09,Enterococcus faecalis,MRSA,Concordant,Recovered,No,Allergy/safety edge case,"Admitted to ICU with Aspiration pneumonia from Community-Acquired Pneumonia. Initial vitals: T 37.9 C, HR 89, BP 72/35, SpO2 94%. History: None; kidney function Normal; allergy Cephalosporin; prior antibiotic exposure in 90d 0; previous resistant organism CRE. Culture status Positive.",1,0.6183469,1,True Positive
PX-103544,ENC-20253544,True,2025-09-19 08:03:35,Clinical Patient 3545,61,Male,Not applicable,General Medicine,17,Transferred,CAP,Community-Acquired Pneumonia,S. pneumoniae,38.5,92,109,57,84,24,17.5,COPD; Cancer,Normal,Normal,None known,,0,None prior,0,MRSA,0.294,0.8,80.0,High,0.605,0.305,0.421,0.353,-0.02,0.08,0.011,-0.02,0.04,-0.02,"Clinical explanation: AMR risk is high with prior antibiotic exposure=0, prior resistant organism=MRSA, and ward resistance rate=29.4%. Review feature attributions before making a clinical decision.",Meropenem + Vancomycin,Ceftazidime-Avibactam,65.2,No renal adjustment flag,No renal adjustment flag,Accept,Clinician accepted the displayed first-line option,Meropenem + Vancomycin,Positive,2025-09-23 08:03:35,S. pneumoniae,Other MDR,Concordant,Improved,No,Prior resistant organism,"Admitted to General Medicine with CAP from Community-Acquired Pneumonia. Initial vitals: T 38.5 C, HR 92, BP 109/57, SpO2 84%. History: COPD; Cancer; kidney function Normal; allergy None known; prior antibiotic exposure in 90d 0; previous resistant organism MRSA. Culture status Positive.",1,0.691624,1,True Positive
PX-103579,ENC-20253579,True,2025-09-21 20:33:46,Clinical Patient 3580,44,Female,No,General Medicine,26,Active Inpatient,CAP,Community-Acquired Pneumonia,S. aureus,38.7,65,137,82,87,28,14.6,CKD; Hypertension,AKI,Normal,None known,,0,None in prior 90 days,0,None known,0.301,0.315,31.5,Medium,0.228,0.214,0.204,0.222,-0.02,-0.02,0.013,-0.02,0.04,0.05,"Clinical explanation: AMR risk is medium with prior antibiotic exposure=0, prior resistant organism=None known, and ward resistance rate=30.1%. Review feature attributions before making a clinical decision.",Piperacillin-Tazobactam,Cefepime + Vancomycin,80.0,Renal adjustment review required,Renal adjustment review required,Pending,Decision not yet recorded,Clinician-selected regimen,Positive,2025-09-22 20:33:46,S. aureus,MRSA,Discordant,Treatment modified after deterioration,Yes,Standard scenario,"Admitted to General Medicine with CAP from Community-Acquired Pneumonia. Initial vitals: T 38.7 C, HR 65, BP 137/82, SpO2 87%. History: CKD; Hypertension; kidney function AKI; allergy None known; prior antibiotic exposure in 90d 0; previous resistant organism None known. Culture status Positive.",1,0.26358786,0,False Negative (Type II Error - Critical Missed Resistance)
PX-103588,ENC-20253588,True,2025-09-22 08:36:45,Clinical Patient 3589,67,Female,Not applicable,General Medicine,5,Discharged,Catheter-related bloodstream infection,Bloodstream Infection,E. coli,39.4,89,80,50,94,12,124.3,Heart failure; Immunosuppression,Moderate impairment,Normal,None known,,2,Cefepime,3,None known,0.346,0.495,49.5,Medium,0.51,0.445,0.319,0.288,0.06,-0.02,0.024,-0.02,0.04,0.05,"Clinical explanation: AMR risk is medium with prior antibiotic exposure=2, prior resistant organism=None known, and ward resistance rate=34.6%. Review feature attributions before making a clinical decision.",Piperacillin-Tazobactam,Cefepime + Vancomycin,79.3,Renal adjustment review required,Renal adjustment review required,Accept,Clinician accepted the displayed first-line option,Piperacillin-Tazobactam,Positive,2025-09-24 08:36:45,E. coli,None detected,Concordant,Recovered,No,Renal impairment,"Admitted to General Medicine with Catheter-related bloodstream infection from Bloodstream Infection. Initial vitals: T 39.4 C, HR 89, BP 80/50, SpO2 94%. History: Heart failure; Immunosuppression; kidney function Moderate impairment; allergy None known; prior antibiotic exposure in 90d 2; previous resistant organism None known. Culture status Positive.",0,0.5853309,1,False Positive (Type I Error)
PX-103596,ENC-20253596,True,2025-09-23 02:29:40,Clinical Patient 3597,49,Male,Not applicable,General Medicine,20,Active Inpatient,Catheter-associated UTI,Urinary Tract Infection,S. aureus,36.8,73,117,64,94,17,24.9,,Normal,Normal,None known,,1,Vancomycin,3,None known,0.238,0.107,10.7,Low,0.096,0.051,0.071,0.022,0.02,-0.02,-0.003,-0.02,-0.02,-0.02,"Clinical explanation: AMR risk is low with prior antibiotic exposure=1, prior resistant organism=None known, and ward resistance rate=23.8%. Review feature attributions before making a clinical decision.",Ceftriaxone,Cefepime,92.0,No renal adjustment flag,No renal adjustment flag,Accept,Clinician accepted the displayed first-line option,Ceftriaxone,Positive,2025-09-26 02:29:40,S. aureus,None detected,Concordant,Treatment modified after deterioration,Yes,Missing/unknown clinical field,"Admitted to General Medicine with Catheter-associated UTI from Urinary Tract Infection. Initial vitals: T 36.8 C, HR 73, BP 117/64, SpO2 94%. History: None; kidney function Normal; allergy None known; prior antibiotic exposure in 90d 1; previous resistant organism None known. Culture status Positive.",0,0.28953224,0,True Negative
PX-103598,ENC-20253598,True,2025-09-23 03:58:02,Clinical Patient 3599,46,Male,Not applicable,General Medicine,35,Active Inpatient,Deep incisional SSI,Surgical Site Infection,S. aureus,37.2,78,111,68,92,18,31.9,,Mild impairment,Normal,None known,,0,None prior,0,ESBL,0.209,0.236,23.6,Low,0.25,0.185,0.209,0.161,-0.02,0.08,-0.01,-0.02,-0.02,-0.02,"Clinical explanation: AMR risk is low with prior antibiotic exposure=0, prior resistant organism=ESBL, and ward resistance rate=20.9%. Review feature attributions before making a clinical decision.",Ceftriaxone,Cefepime,67.3,Renal adjustment review required,Renal adjustment review required,Accept,Clinician accepted the displayed first-line option,Ceftriaxone,Positive,2025-09-25 03:58:02,S. aureus,None detected,Concordant,Improved,No,Renal impairment,"Admitted to General Medicine with Deep incisional SSI from Surgical Site Infection. Initial vitals: T 37.2 C, HR 78, BP 111/68, SpO2 92%. History: None; kidney function Mild impairment; allergy None known; prior antibiotic exposure in 90d 0; previous resistant organism ESBL. Culture status Positive.",0,0.48920995,0,True Negative
PX-103603,ENC-20253603,True,2025-09-23 10:56:13,Clinical Patient 3604,54,Male,Not applicable,General Medicine,27,Discharged,Suspected bacteremia,Bloodstream Infection,Enterobacter cloacae complex,38.2,141,89,62,95,16,131.2,,Mild impairment,Normal,None known,,1,Ceftriaxone,21,None known,0.237,0.659,65.9,High,0.624,0.462,0.595,0.282,0.02,-0.02,-0.003,-0.02,-0.02,0.05,"Clinical explanation: AMR risk is high with prior antibiotic exposure=1, prior resistant organism=None known, and ward resistance rate=23.7%. Review feature attributions before making a clinical decision.",Meropenem + Vancomycin,Ceftazidime-Avibactam,80.9,Renal adjustment review required,Renal adjustment review required,Override,Alternative source-control plan,Clinician-selected regimen,Positive,2025-09-24 10:56:13,Enterobacter cloacae complex,CRE,Concordant,Improved,No,Renal impairment,"Admitted to General Medicine with Suspected bacteremia from Bloodstream Infection. Initial vitals: T 38.2 C, HR 141, BP 89/62, SpO2 95%. History: None; kidney function Mild impairment; allergy None known; prior antibiotic exposure in 90d 1; previous resistant organism None known. Culture status Positive.",1,0.46699017,0,False Negative (Type II Error - Critical Missed Resistance)
PX-103620,ENC-20253620,True,2025-09-25 02:02:37,Clinical Patient 3621,84,Male,Not applicable,Surgical Ward,9,Discharged,Late-onset VAP,Ventilator-Associated Pneumonia,No organism identified,36.0,136,93,57,96,28,19.3,Hypertension,Normal,Normal,None known,,0,None in prior 90 days,0,None known,0.465,0.415,41.5,Medium,0.321,0.349,0.326,0.118,-0.02,-0.02,0.054,-0.02,0.04,0.05,"Clinical explanation: AMR risk is medium with prior antibiotic exposure=0, prior resistant organism=None known, and ward resistance rate=46.5%. Review feature attributions before making a clinical decision.",Piperacillin-Tazobactam,Cefepime + Vancomycin,91.6,No renal adjustment flag,No renal adjustment flag,Accept,Clinician accepted the displayed first-line option,Piperacillin-Tazobactam,Positive,2025-09-28 02:02:37,E. coli,None detected,Concordant,Recovered,No,Standard scenario,"Admitted to Surgical Ward with Late-onset VAP from Ventilator-Associated Pneumonia. Initial vitals: T 36.0 C, HR 136, BP 93/57, SpO2 96%. History: Hypertension; kidney function Normal; allergy None known; prior antibiotic exposure in 90d 0; previous resistant organism None known. Culture status Positive.",0,0.44995213,0,True Negative
PX-103622,ENC-20253622,True,2025-09-25 05:46:35,Clinical Patient 3623,36,Male,Not applicable,General Medicine,19,Active Inpatient,Pyelonephritis,Urinary Tract Infection,K. pneumoniae,38.2,81,143,83,97,15,35.8,Hypertension,Severe impairment,Normal,Penicillin,Mild/rash,0,None in prior 90 days,0,ESBL,0.329,0.452,45.2,Medium,0.41,0.355,0.357,0.324,-0.02,0.08,0.02,-0.02,0.04,-0.02,"Clinical explanation: AMR risk is medium with prior antibiotic exposure=0, prior resistant organism=ESBL, and ward resistance rate=32.9%. Review feature attributions before making a clinical decision.",Piperacillin-Tazobactam,Cefepime + Vancomycin,72.8,Renal adjustment review required,Documented Penicillin allergy | Renal adjustment review required,Accept,Clinician accepted the displayed first-line option,Piperacillin-Tazobactam,Positive,2025-09-28 05:46:35,K. pneumoniae,None detected,Concordant,Treatment modified after deterioration,Yes,Renal impairment,"Admitted to General Medicine with Pyelonephritis from Urinary Tract Infection. Initial vitals: T 38.2 C, HR 81, BP 143/83, SpO2 97%. History: Hypertension; kidney function Severe impairment; allergy Penicillin; prior antibiotic exposure in 90d 0; previous resistant organism ESBL. Culture status Positive.",0,0.55824643,1,False Positive (Type I Error)
PX-103645,ENC-20253645,True,2025-09-26 21:04:35,Clinical Patient 3646,41,Female,No,Surgical Ward,21,Active Inpatient,Appendicitis with abscess,Intra-abdominal Infection,S. aureus,37.6,90,122,77,95,15,18.0,Hypertension,Normal,Normal,None known,,0,None prior,0,None known,0.368,0.394,39.4,Medium,0.332,0.285,0.196,0.22,-0.02,-0.02,0.029,-0.02,0.04,-0.02,"Clinical explanation: AMR risk is medium with prior antibiotic exposure=0, prior resistant organism=None known, and ward resistance rate=36.8%. Review feature attributions before making a clinical decision.",Piperacillin-Tazobactam,Cefepime + Vancomycin,88.4,No renal adjustment flag,No renal adjustment flag,Accept,Clinician accepted the displayed first-line option,Piperacillin-Tazobactam,Positive,2025-09-30 21:04:35,S. aureus,MRSA,Discordant,Treatment modified after deterioration,Yes,Standard scenario,"Admitted to Surgical Ward with Appendicitis with abscess from Intra-abdominal Infection. Initial vitals: T 37.6 C, HR 90, BP 122/77, SpO2 95%. History: Hypertension; kidney function Normal; allergy None known; prior antibiotic exposure in 90d 0; previous resistant organism None known. Culture status Positive.",1,0.24397063,0,False Negative (Type II Error - Critical Missed Resistance)
PX-103655,ENC-20253655,True,2025-09-27 10:34:59,Clinical Patient 3656,56,Male,Not applicable,General Medicine,24,Active Inpatient,Deep incisional SSI,Surgical Site Infection,Enterobacter cloacae complex,35.9,101,103,55,93,14,57.6,CKD,Normal,Mild impairment,None known,,2,Ceftriaxone + Azithromycin,14,None known,0.253,0.475,47.5,Medium,0.341,0.154,0.435,0.232,0.06,-0.02,0.001,-0.02,0.04,-0.02,"Clinical explanation: AMR risk is medium with prior antibiotic exposure=2, prior resistant organism=None known, and ward resistance rate=25.3%. Review feature attributions before making a clinical decision.",Piperacillin-Tazobactam,Cefepime + Vancomycin,90.6,No renal adjustment flag,No renal adjustment flag,Accept,Clinician accepted the displayed first-line option,Piperacillin-Tazobactam,Positive,2025-09-30 10:34:59,Enterobacter cloacae complex,None detected,Concordant,Improved,No,Standard scenario,"Admitted to General Medicine with Deep incisional SSI from Surgical Site Infection. Initial vitals: T 35.9 C, HR 101, BP 103/55, SpO2 93%. History: CKD; kidney function Normal; allergy None known; prior antibiotic exposure in 90d 2; previous resistant organism None known. Culture status Positive.",0,0.54931265,1,False Positive (Type I Error)
PX-103679,ENC-20253679,True,2025-09-29 08:03:35,Clinical Patient 3680,57,Female,Not applicable,General Medicine,35,Discharged,Pyelonephritis,Urinary Tract Infection,E. coli,37.0,89,140,76,97,15,17.9,Liver disease,Mild impairment,Normal,None known,,1,Ceftriaxone + Azithromycin,5,None known,0.233,0.119,11.9,Low,0.109,0.089,0.058,0.091,0.02,-0.02,-0.004,-0.02,0.04,-0.02,"Clinical explanation: AMR risk is low with prior antibiotic exposure=1, prior resistant organism=None known, and ward resistance rate=23.3%. Review feature attributions before making a clinical decision.",Ceftriaxone,Cefepime,77.2,Renal adjustment review required,Renal adjustment review required,Accept,Clinician accepted the displayed first-line option,Ceftriaxone,Positive,2025-10-03 08:03:35,E. coli,None detected,Concordant,Recovered,No,Renal impairment,"Admitted to General Medicine with Pyelonephritis from Urinary Tract Infection. Initial vitals: T 37.0 C, HR 89, BP 140/76, SpO2 97%. History: Liver disease; kidney function Mild impairment; allergy None known; prior antibiotic exposure in 90d 1; previous resistant organism None known. Culture status Positive.",0,0.2986195,0,True Negative
PX-103718,ENC-20253718,True,2025-10-01 11:15:45,Clinical Patient 3719,65,Female,Not applicable,ICU,38,Active Inpatient,Severe HAP,Hospital-Acquired Pneumonia,E. coli,38.5,124,81,47,92,21,110.5,,AKI,Normal,Multiple antibiotics,Mild/rash,1,Ceftriaxone + Azithromycin,7,None known,0.47,0.84,84.0,High,0.677,0.55,0.53,0.254,0.02,-0.02,0.055,0.06,-0.02,0.05,"Clinical explanation: AMR risk is high with prior antibiotic exposure=1, prior resistant organism=None known, and ward resistance rate=47.0%. Review feature attributions before making a clinical decision.",Meropenem + Vancomycin,Ceftazidime-Avibactam,80.0,Renal adjustment review required,Documented Multiple antibiotics allergy | Renal adjustment review required,Accept,Clinician accepted the displayed first-line option,Meropenem + Vancomycin,Positive,2025-10-02 11:15:45,E. coli,None detected,Discordant,Treatment modified after deterioration,Yes,Allergy/safety edge case,"Admitted to ICU with Severe HAP from Hospital-Acquired Pneumonia. Initial vitals: T 38.5 C, HR 124, BP 81/47, SpO2 92%. History: None; kidney function AKI; allergy Multiple antibiotics; prior antibiotic exposure in 90d 1; previous resistant organism None known. Culture status Positive.",0,0.73826087,1,False Positive (Type I Error)
PX-103726,ENC-20253726,True,2025-10-02 02:42:13,Clinical Patient 3727,83,Male,Not applicable,General Medicine,34,Active Inpatient,Pyelonephritis,Urinary Tract Infection,Enterobacter cloacae complex,37.5,76,133,76,97,20,45.1,Cancer; Diabetes,Normal,Normal,Cephalosporin,Mild/rash,1,Meropenem,3,MRSA,0.328,0.973,97.3,High,0.95,0.784,0.774,0.21,0.02,0.08,0.02,-0.02,0.04,-0.02,"Clinical explanation: AMR risk is high with prior antibiotic exposure=1, prior resistant organism=MRSA, and ward resistance rate=32.8%. Review feature attributions before making a clinical decision.",Meropenem + Vancomycin,Ceftazidime-Avibactam,76.3,No renal adjustment flag,Documented Cephalosporin allergy,Accept,Clinician accepted the displayed first-line option,Meropenem + Vancomycin,Positive,2025-10-04 02:42:13,Enterobacter cloacae complex,CRE,Concordant,Escalated care,Yes,Allergy/safety edge case,"Admitted to General Medicine with Pyelonephritis from Urinary Tract Infection. Initial vitals: T 37.5 C, HR 76, BP 133/76, SpO2 97%. History: Cancer; Diabetes; kidney function Normal; allergy Cephalosporin; prior antibiotic exposure in 90d 1; previous resistant organism MRSA. Culture status Positive.",1,0.7696734,1,True Positive
PX-103772,ENC-20253772,True,2025-10-04 19:37:41,Clinical Patient 3773,64,Female,Not applicable,ICU,5,Discharged,CAP,Community-Acquired Pneumonia,Mixed flora,39.5,96,115,66,89,19,108.2,Diabetes; Heart failure,Moderate impairment,Moderate impairment,Vancomycin,Mild/rash,3,Meropenem,10,None known,0.474,0.786,78.6,High,0.57,0.366,0.403,0.449,0.1,-0.02,0.056,0.06,0.04,0.05,"Clinical explanation: AMR risk is high with prior antibiotic exposure=3, prior resistant organism=None known, and ward resistance rate=47.4%. Review feature attributions before making a clinical decision.",Meropenem + Vancomycin,Ceftazidime-Avibactam,74.2,Renal adjustment review required,Documented Vancomycin allergy | Renal adjustment review required,Accept,Clinician accepted the displayed first-line option,Meropenem + Vancomycin,Positive,2025-10-05 19:37:41,K. pneumoniae,ESBL,Concordant,Improved,No,Renal impairment,"Admitted to ICU with CAP from Community-Acquired Pneumonia. Initial vitals: T 39.5 C, HR 96, BP 115/66, SpO2 89%. History: Diabetes; Heart failure; kidney function Moderate impairment; allergy Vancomycin; prior antibiotic exposure in 90d 3; previous resistant organism None known. Culture status Positive.",1,0.7137517,1,True Positive
PX-103780,ENC-20253780,True,2025-10-05 19:10:05,Clinical Patient 3781,77,Female,Not applicable,General Medicine,19,Active Inpatient,Severe HAP,Hospital-Acquired Pneumonia,E. coli,39.2,108,116,77,94,24,37.8,,Normal,Normal,None known,,0,None in prior 90 days,0,None known,0.189,0.297,29.7,Low,0.272,0.264,0.236,0.215,-0.02,-0.02,-0.015,-0.02,-0.02,0.05,"Clinical explanation: AMR risk is low with prior antibiotic exposure=0, prior resistant organism=None known, and ward resistance rate=18.9%. Review feature attributions before making a clinical decision.",Ceftriaxone,Cefepime,87.6,No renal adjustment flag,No renal adjustment flag,Accept,Clinician accepted the displayed first-line option,Ceftriaxone,Positive,2025-10-09 19:10:05,E. coli,None detected,Concordant,Recovered,No,Missing/unknown clinical field,"Admitted to General Medicine with Severe HAP from Hospital-Acquired Pneumonia. Initial vitals: T 39.2 C, HR 108, BP 116/77, SpO2 94%. History: None; kidney function Normal; allergy None known; prior antibiotic exposure in 90d 0; previous resistant organism None known. Culture status Positive.",0,0.30355996,0,True Negative
PX-103782,ENC-20253782,True,2025-10-05 19:43:21,Clinical Patient 3783,56,Female,Not applicable,General Medicine,19,Discharged,Complicated UTI,Urinary Tract Infection,P. aeruginosa,37.1,89,108,61,95,14,2.0,CKD,Mild impairment,Moderate impairment,None known,,0,None in prior 90 days,0,None known,0.343,0.366,36.6,Medium,0.351,0.209,0.359,0.27,-0.02,-0.02,0.023,-0.02,0.04,-0.02,"Clinical explanation: AMR risk is medium with prior antibiotic exposure=0, prior resistant organism=None known, and ward resistance rate=34.3%. Review feature attributions before making a clinical decision.",Piperacillin-Tazobactam,Cefepime + Vancomycin,68.6,Renal adjustment review required,Renal adjustment review required,Pending,Decision not yet recorded,Clinician-selected regimen,Positive,2025-10-09 19:43:21,P. aeruginosa,MDR Pseudomonas,Discordant,Improved,No,Renal impairment,"Admitted to General Medicine with Complicated UTI from Urinary Tract Infection. Initial vitals: T 37.1 C, HR 89, BP 108/61, SpO2 95%. History: CKD; kidney function Mild impairment; allergy None known; prior antibiotic exposure in 90d 0; previous resistant organism None known. Culture status Positive.",1,0.2751023,0,False Negative (Type II Error - Critical Missed Resistance)
PX-103856,ENC-20253856,True,2025-10-10 20:03:27,Clinical Patient 3857,55,Male,Not applicable,General Medicine,33,Transferred,Catheter-associated UTI,Urinary Tract Infection,Enterobacter cloacae complex,38.7,122,96,64,92,23,84.0,Immunosuppression,Mild impairment,Normal,Penicillin,Anaphylaxis,3,Ceftriaxone + Azithromycin,28,None known,0.272,0.762,76.2,High,0.645,0.343,0.438,0.287,0.1,-0.02,0.006,-0.02,0.04,0.05,"Clinical explanation: AMR risk is high with prior antibiotic exposure=3, prior resistant organism=None known, and ward resistance rate=27.2%. Review feature attributions before making a clinical decision.",Meropenem + Vancomycin,Ceftazidime-Avibactam,85.5,Renal adjustment review required,Documented Penicillin allergy | Renal adjustment review required,Accept,Clinician accepted the displayed first-line option,Meropenem + Vancomycin,Positive,2025-10-14 20:03:27,Enterobacter cloacae complex,None detected,Discordant,Recovered,No,Renal impairment,"Admitted to General Medicine with Catheter-associated UTI from Urinary Tract Infection. Initial vitals: T 38.7 C, HR 122, BP 96/64, SpO2 92%. History: Immunosuppression; kidney function Mild impairment; allergy Penicillin; prior antibiotic exposure in 90d 3; previous resistant organism None known. Culture status Positive.",0,0.57108283,1,False Positive (Type I Error)
PX-103859,ENC-20253859,True,2025-10-11 03:42:27,Clinical Patient 3860,77,Female,Not applicable,Surgical Ward,5,Active Inpatient,Catheter-associated UTI,Urinary Tract Infection,K. pneumoniae,39.1,124,103,67,96,19,41.5,Diabetes,Normal,Mild impairment,None known,,4,Piperacillin-Tazobactam,7,None known,0.34,0.497,49.7,Medium,0.353,0.421,0.248,0.192,0.14,-0.02,0.023,-0.02,0.04,0.05,"Clinical explanation: AMR risk is medium with prior antibiotic exposure=4, prior resistant organism=None known, and ward resistance rate=34.0%. Review feature attributions before making a clinical decision.",Piperacillin-Tazobactam,Cefepime + Vancomycin,79.8,No renal adjustment flag,No renal adjustment flag,Accept,Clinician accepted the displayed first-line option,Piperacillin-Tazobactam,Positive,2025-10-13 03:42:27,K. pneumoniae,ESBL,Discordant,Improved,No,Standard scenario,"Admitted to Surgical Ward with Catheter-associated UTI from Urinary Tract Infection. Initial vitals: T 39.1 C, HR 124, BP 103/67, SpO2 96%. History: Diabetes; kidney function Normal; allergy None known; prior antibiotic exposure in 90d 4; previous resistant organism None known. Culture status Positive.",1,0.5831912,1,True Positive
PX-103862,ENC-20253862,True,2025-10-11 07:38:52,Clinical Patient 3863,68,Female,Not applicable,General Medicine,27,Active Inpatient,Appendicitis with abscess,Intra-abdominal Infection,Mixed flora,38.6,78,122,62,95,23,12.4,Liver disease,AKI,Normal,None known,,0,None prior,0,None known,0.196,0.254,25.4,Low,0.208,0.103,0.139,0.148,-0.02,-0.02,-0.013,-0.02,0.04,0.05,"Clinical explanation: AMR risk is low with prior antibiotic exposure=0, prior resistant organism=None known, and ward resistance rate=19.6%. Review feature attributions before making a clinical decision.",Ceftriaxone,Cefepime,75.3,Renal adjustment review required,Renal adjustment review required,Override,Alternative source-control plan,Clinician-selected regimen,Positive,2025-10-14 07:38:52,E. coli,None detected,Concordant,Recovered,No,Standard scenario,"Admitted to General Medicine with Appendicitis with abscess from Intra-abdominal Infection. Initial vitals: T 38.6 C, HR 78, BP 122/62, SpO2 95%. History: Liver disease; kidney function AKI; allergy None known; prior antibiotic exposure in 90d 0; previous resistant organism None known. Culture status Positive.",0,0.30180863,0,True Negative
PX-103893,ENC-20253893,True,2025-10-14 00:57:23,Clinical Patient 3894,24,Female,No,General Medicine,40,Active Inpatient,Complicated intra-abdominal infection,Intra-abdominal Infection,S. pneumoniae,39.0,83,141,86,96,20,19.4,,Normal,Normal,None known,,1,Meropenem,3,None known,0.341,0.163,16.3,Low,0.149,0.087,0.152,0.055,0.02,-0.02,0.023,-0.02,-0.02,0.05,"Clinical explanation: AMR risk is low with prior antibiotic exposure=1, prior resistant organism=None known, and ward resistance rate=34.1%. Review feature attributions before making a clinical decision.",Ceftriaxone,Cefepime,76.4,No renal adjustment flag,No renal adjustment flag,Modify,Dose/frequency adjusted after clinical review,Cefepime,Positive,2025-10-18 00:57:23,S. pneumoniae,Other MDR,Discordant,Improved,No,Missing/unknown clinical field,"Admitted to General Medicine with Complicated intra-abdominal infection from Intra-abdominal Infection. Initial vitals: T 39.0 C, HR 83, BP 141/86, SpO2 96%. History: None; kidney function Normal; allergy None known; prior antibiotic exposure in 90d 1; previous resistant organism None known. Culture status Positive.",1,0.33662948,0,False Negative (Type II Error - Critical Missed Resistance)
PX-103916,ENC-20253916,True,2025-10-15 13:02:09,Clinical Patient 3917,37,Female,No,General Medicine,6,Active Inpatient,Biliary tract infection,Intra-abdominal Infection,Enterobacter cloacae complex,37.1,121,147,91,94,20,6.6,CKD; Diabetes,Moderate impairment,Normal,None known,,1,Ertapenem,21,None known,0.149,0.17,17.0,Low,0.163,0.107,0.162,0.048,0.02,-0.02,-0.025,-0.02,0.04,0.05,"Clinical explanation: AMR risk is low with prior antibiotic exposure=1, prior resistant organism=None known, and ward resistance rate=14.9%. Review feature attributions before making a clinical decision.",Ceftriaxone,Cefepime,78.5,Renal adjustment review required,Renal adjustment review required,Accept,Clinician accepted the displayed first-line option,Ceftriaxone,Positive,2025-10-19 13:02:09,Enterobacter cloacae complex,None detected,Concordant,Improved,No,Renal impairment,"Admitted to General Medicine with Biliary tract infection from Intra-abdominal Infection. Initial vitals: T 37.1 C, HR 121, BP 147/91, SpO2 94%. History: CKD; Diabetes; kidney function Moderate impairment; allergy None known; prior antibiotic exposure in 90d 1; previous resistant organism None known. Culture status Positive.",0,0.3782975,0,True Negative
PX-103954,ENC-20253954,True,2025-10-18 08:30:27,Clinical Patient 3955,78,Male,Not applicable,Surgical Ward,7,Active Inpatient,HAP,Hospital-Acquired Pneumonia,S. aureus,39.0,96,90,46,92,20,45.8,,Normal,Mild impairment,Sulfonamide,IgE-mediated,2,Amoxicillin-Clavulanate,10,MDR Pseudomonas,0.281,0.882,88.2,High,0.714,0.387,0.821,0.517,0.06,0.08,0.008,-0.02,-0.02,0.05,"Clinical explanation: AMR risk is high with prior antibiotic exposure=2, prior resistant organism=MDR Pseudomonas, and ward resistance rate=28.1%. Review feature attributions before making a clinical decision.",Meropenem + Vancomycin,Ceftazidime-Avibactam,77.0,No renal adjustment flag,Documented Sulfonamide allergy,Accept,Clinician accepted the displayed first-line option,Meropenem + Vancomycin,Positive,2025-10-21 08:30:27,S. aureus,MRSA,Concordant,Recovered,No,Allergy/safety edge case,"Admitted to Surgical Ward with HAP from Hospital-Acquired Pneumonia. Initial vitals: T 39.0 C, HR 96, BP 90/46, SpO2 92%. History: None; kidney function Normal; allergy Sulfonamide; prior antibiotic exposure in 90d 2; previous resistant organism MDR Pseudomonas. Culture status Positive.",1,0.7775917,1,True Positive
PX-103974,ENC-20253974,True,2025-10-19 18:39:48,Clinical Patient 3975,36,Female,No,ICU,36,Active Inpatient,Severe HAP,Hospital-Acquired Pneumonia,K. pneumoniae,36.1,153,92,54,89,22,39.7,COPD,Mild impairment,Normal,None known,,0,None in prior 90 days,0,None known,0.361,0.341,34.1,Medium,0.272,0.12,0.316,0.243,-0.02,-0.02,0.028,0.06,0.04,0.05,"Clinical explanation: AMR risk is medium with prior antibiotic exposure=0, prior resistant organism=None known, and ward resistance rate=36.1%. Review feature attributions before making a clinical decision.",Piperacillin-Tazobactam,Cefepime + Vancomycin,80.1,Renal adjustment review required,Renal adjustment review required,Accept,Clinician accepted the displayed first-line option,Piperacillin-Tazobactam,Positive,2025-10-23 18:39:48,K. pneumoniae,None detected,Concordant,Recovered,No,Renal impairment,"Admitted to ICU with Severe HAP from Hospital-Acquired Pneumonia. Initial vitals: T 36.1 C, HR 153, BP 92/54, SpO2 89%. History: COPD; kidney function Mild impairment; allergy None known; prior antibiotic exposure in 90d 0; previous resistant organism None known. Culture status Positive.",0,0.44606274,0,True Negative
PX-104004,ENC-20254004,True,2025-10-22 07:29:23,Clinical Patient 4005,49,Male,Not applicable,ICU,27,Discharged,CAP,Community-Acquired Pneumonia,Enterobacter cloacae complex,38.1,120,85,40,92,22,112.2,Hypertension,Severe impairment,Mild impairment,Sulfonamide,IgE-mediated,3,Piperacillin-Tazobactam,21,None known,0.386,0.836,83.6,High,0.867,0.608,0.468,0.454,0.1,-0.02,0.034,0.06,0.04,0.05,"Clinical explanation: AMR risk is high with prior antibiotic exposure=3, prior resistant organism=None known, and ward resistance rate=38.6%. Review feature attributions before making a clinical decision.",Meropenem + Vancomycin,Ceftazidime-Avibactam,79.5,Renal adjustment review required,Documented Sulfonamide allergy | Renal adjustment review required,Accept,Clinician accepted the displayed first-line option,Meropenem + Vancomycin,Positive,2025-10-26 07:29:23,Enterobacter cloacae complex,Other MDR,Concordant,Improved,No,Renal impairment,"Admitted to ICU with CAP from Community-Acquired Pneumonia. Initial vitals: T 38.1 C, HR 120, BP 85/40, SpO2 92%. History: Hypertension; kidney function Severe impairment; allergy Sulfonamide; prior antibiotic exposure in 90d 3; previous resistant organism None known. Culture status Positive.",1,0.704678,1,True Positive
PX-104012,ENC-20254012,True,2025-10-22 12:45:20,Clinical Patient 4013,64,Male,Not applicable,General Medicine,6,Active Inpatient,Complicated skin infection,Skin/Soft Tissue Infection,Enterobacter cloacae complex,39.5,98,141,74,97,23,6.6,CKD; Cancer,Normal,Mild impairment,None known,,1,Ertapenem,7,None known,0.31,0.383,38.3,Medium,0.413,0.327,0.317,0.235,0.02,-0.02,0.015,-0.02,0.04,0.05,"Clinical explanation: AMR risk is medium with prior antibiotic exposure=1, prior resistant organism=None known, and ward resistance rate=31.0%. Review feature attributions before making a clinical decision.",Piperacillin-Tazobactam,Cefepime + Vancomycin,89.0,No renal adjustment flag,No renal adjustment flag,Accept,Clinician accepted the displayed first-line option,Piperacillin-Tazobactam,Positive,2025-10-24 12:45:20,Enterobacter cloacae complex,None detected,Concordant,Recovered,No,Standard scenario,"Admitted to General Medicine with Complicated skin infection from Skin/Soft Tissue Infection. Initial vitals: T 39.5 C, HR 98, BP 141/74, SpO2 97%. History: CKD; Cancer; kidney function Normal; allergy None known; prior antibiotic exposure in 90d 1; previous resistant organism None known. Culture status Positive.",0,0.53533065,1,False Positive (Type I Error)
PX-104022,ENC-20254022,True,2025-10-23 01:08:28,Clinical Patient 4023,58,Male,Not applicable,Surgical Ward,22,Active Inpatient,Complicated skin infection,Skin/Soft Tissue Infection,Enterococcus faecalis,38.9,97,134,85,95,17,7.7,Liver disease,Normal,Normal,None known,,1,Piperacillin-Tazobactam,14,None known,0.317,0.678,67.8,High,0.704,0.522,0.445,0.419,0.02,-0.02,0.017,-0.02,0.04,0.05,"Clinical explanation: AMR risk is high with prior antibiotic exposure=1, prior resistant organism=None known, and ward resistance rate=31.7%. Review feature attributions before making a clinical decision.",Meropenem + Vancomycin,Ceftazidime-Avibactam,84.6,No renal adjustment flag,No renal adjustment flag,Pending,Decision not yet recorded,Clinician-selected regimen,Positive,2025-10-25 01:08:28,Enterococcus faecalis,None detected,Discordant,Improved,No,Standard scenario,"Admitted to Surgical Ward with Complicated skin infection from Skin/Soft Tissue Infection. Initial vitals: T 38.9 C, HR 97, BP 134/85, SpO2 95%. History: Liver disease; kidney function Normal; allergy None known; prior antibiotic exposure in 90d 1; previous resistant organism None known. Culture status Positive.",0,0.44176573,0,True Negative
PX-104063,ENC-20254063,True,2025-10-25 14:30:43,Clinical Patient 4064,58,Male,Not applicable,General Medicine,17,Active Inpatient,Complicated skin infection,Skin/Soft Tissue Infection,S. aureus,37.0,63,99,56,96,10,12.9,COPD; Liver disease,Normal,Normal,None known,,0,None prior,0,None known,0.226,0.217,21.7,Low,0.229,0.131,0.146,0.052,-0.02,-0.02,-0.006,-0.02,0.04,-0.02,"Clinical explanation: AMR risk is low with prior antibiotic exposure=0, prior resistant organism=None known, and ward resistance rate=22.6%. Review feature attributions before making a clinical decision.",Ceftriaxone,Cefepime,71.2,No renal adjustment flag,No renal adjustment flag,Accept,Clinician accepted the displayed first-line option,Ceftriaxone,Positive,2025-10-29 14:30:43,S. aureus,None detected,Concordant,Improved,No,Standard scenario,"Admitted to General Medicine with Complicated skin infection from Skin/Soft Tissue Infection. Initial vitals: T 37.0 C, HR 63, BP 99/56, SpO2 96%. History: COPD; Liver disease; kidney function Normal; allergy None known; prior antibiotic exposure in 90d 0; previous resistant organism None known. Culture status Positive.",0,0.23122151,0,True Negative
PX-104068,ENC-20254068,True,2025-10-26 05:06:56,Clinical Patient 4069,65,Male,Not applicable,ICU,33,Active Inpatient,Peritonitis,Intra-abdominal Infection,E. coli,39.7,106,75,52,89,22,48.3,Diabetes,Moderate impairment,Normal,Penicillin,IgE-mediated,3,Cefepime,28,MDR Pseudomonas,0.495,0.929,92.9,High,0.736,0.491,0.73,0.206,0.1,0.08,0.061,0.06,0.04,0.05,"Clinical explanation: AMR risk is high with prior antibiotic exposure=3, prior resistant organism=MDR Pseudomonas, and ward resistance rate=49.5%. Review feature attributions before making a clinical decision.",Meropenem + Vancomycin,Ceftazidime-Avibactam,71.8,Renal adjustment review required,Documented Penicillin allergy | Renal adjustment review required,Accept,Clinician accepted the displayed first-line option,Meropenem + Vancomycin,Positive,2025-10-29 05:06:56,E. coli,Other MDR,Concordant,Improved,No,Renal impairment,"Admitted to ICU with Peritonitis from Intra-abdominal Infection. Initial vitals: T 39.7 C, HR 106, BP 75/52, SpO2 89%. History: Diabetes; kidney function Moderate impairment; allergy Penicillin; prior antibiotic exposure in 90d 3; previous resistant organism MDR Pseudomonas. Culture status Positive.",1,0.81714106,1,True Positive
PX-104088,ENC-20254088,True,2025-10-27 20:58:08,Clinical Patient 4089,40,Male,Not applicable,General Medicine,35,Transferred,Early-onset VAP,Ventilator-Associated Pneumonia,K. pneumoniae,39.2,112,90,49,90,29,58.2,,Moderate impairment,Normal,None known,,0,None in prior 90 days,0,None known,0.179,0.219,21.9,Low,0.198,0.076,0.107,0.155,-0.02,-0.02,-0.018,-0.02,-0.02,0.05,"Clinical explanation: AMR risk is low with prior antibiotic exposure=0, prior resistant organism=None known, and ward resistance rate=17.9%. Review feature attributions before making a clinical decision.",Ceftriaxone,Cefepime,93.9,Renal adjustment review required,Renal adjustment review required,Accept,Clinician accepted the displayed first-line option,Ceftriaxone,Positive,2025-10-30 20:58:08,K. pneumoniae,ESBL,Discordant,Treatment modified after deterioration,Yes,Renal impairment,"Admitted to General Medicine with Early-onset VAP from Ventilator-Associated Pneumonia. Initial vitals: T 39.2 C, HR 112, BP 90/49, SpO2 90%. History: None; kidney function Moderate impairment; allergy None known; prior antibiotic exposure in 90d 0; previous resistant organism None known. Culture status Positive.",1,0.2656077,0,False Negative (Type II Error - Critical Missed Resistance)
PX-104096,ENC-20254096,True,2025-10-28 13:14:02,Clinical Patient 4097,59,Male,Not applicable,General Medicine,7,Transferred,Deep incisional SSI,Surgical Site Infection,S. pneumoniae,38.3,92,131,78,95,16,17.7,Immunosuppression,Normal,Normal,None known,,1,Ertapenem,10,None known,0.338,0.573,57.3,Medium,0.437,0.334,0.547,0.207,0.02,-0.02,0.022,-0.02,0.04,-0.02,"Clinical explanation: AMR risk is medium with prior antibiotic exposure=1, prior resistant organism=None known, and ward resistance rate=33.8%. Review feature attributions before making a clinical decision.",Piperacillin-Tazobactam,Cefepime + Vancomycin,80.9,No renal adjustment flag,No renal adjustment flag,Accept,Clinician accepted the displayed first-line option,Piperacillin-Tazobactam,Positive,2025-10-29 13:14:02,S. pneumoniae,ESBL,Concordant,Improved,No,Standard scenario,"Admitted to General Medicine with Deep incisional SSI from Surgical Site Infection. Initial vitals: T 38.3 C, HR 92, BP 131/78, SpO2 95%. History: Immunosuppression; kidney function Normal; allergy None known; prior antibiotic exposure in 90d 1; previous resistant organism None known. Culture status Positive.",1,0.44075215,0,False Negative (Type II Error - Critical Missed Resistance)
PX-104097,ENC-20254097,True,2025-10-28 14:24:01,Clinical Patient 4098,56,Male,Not applicable,General Medicine,25,Active Inpatient,Early-onset VAP,Ventilator-Associated Pneumonia,E. coli,38.9,144,74,49,96,23,24.3,Hypertension,Moderate impairment,Mild impairment,None known,,0,None in prior 90 days,0,ESBL,0.233,0.795,79.5,High,0.695,0.3,0.725,0.623,-0.02,0.08,-0.004,-0.02,0.04,0.05,"Clinical explanation: AMR risk is high with prior antibiotic exposure=0, prior resistant organism=ESBL, and ward resistance rate=23.3%. Review feature attributions before making a clinical decision.",Meropenem + Vancomycin,Ceftazidime-Avibactam,83.9,Renal adjustment review required,Renal adjustment review required,Accept,Clinician accepted the displayed first-line option,Meropenem + Vancomycin,Positive,2025-11-01 14:24:01,E. coli,ESBL,Concordant,Recovered,No,Renal impairment,"Admitted to General Medicine with Early-onset VAP from Ventilator-Associated Pneumonia. Initial vitals: T 38.9 C, HR 144, BP 74/49, SpO2 96%. History: Hypertension; kidney function Moderate impairment; allergy None known; prior antibiotic exposure in 90d 0; previous resistant organism ESBL. Culture status Positive.",1,0.6600475,1,True Positive
PX-104101,ENC-20254101,True,2025-10-28 22:36:08,Clinical Patient 4102,69,Male,Not applicable,General Medicine,3,Discharged,Complicated UTI,Urinary Tract Infection,Enterococcus faecalis,38.5,71,111,67,96,21,34.8,,Moderate impairment,Normal,None known,,1,Cefepime,7,MRSA,0.263,0.902,90.2,High,0.904,0.726,0.704,0.396,0.02,0.08,0.003,-0.02,-0.02,-0.02,"Clinical explanation: AMR risk is high with prior antibiotic exposure=1, prior resistant organism=MRSA, and ward resistance rate=26.3%. Review feature attributions before making a clinical decision.",Meropenem + Vancomycin,Ceftazidime-Avibactam,87.2,Renal adjustment review required,Renal adjustment review required,Accept,Clinician accepted the displayed first-line option,Meropenem + Vancomycin,Positive,2025-10-30 22:36:08,Enterococcus faecalis,Other MDR,Concordant,Treatment modified after deterioration,Yes,Renal impairment,"Admitted to General Medicine with Complicated UTI from Urinary Tract Infection. Initial vitals: T 38.5 C, HR 71, BP 111/67, SpO2 96%. History: None; kidney function Moderate impairment; allergy None known; prior antibiotic exposure in 90d 1; previous resistant organism MRSA. Culture status Positive.",1,0.7391597,1,True Positive
PX-104109,ENC-20254109,True,2025-10-29 15:03:45,Clinical Patient 4110,55,Female,Not applicable,General Medicine,26,Active Inpatient,Wound infection,Skin/Soft Tissue Infection,No organism identified,37.6,100,138,84,94,18,33.2,,AKI,Mild impairment,None known,,1,Levofloxacin,14,None known,0.235,0.525,52.5,Medium,0.426,0.37,0.399,0.108,0.02,-0.02,-0.004,-0.02,-0.02,-0.02,"Clinical explanation: AMR risk is medium with prior antibiotic exposure=1, prior resistant organism=None known, and ward resistance rate=23.5%. Review feature attributions before making a clinical decision.",Piperacillin-Tazobactam,Cefepime + Vancomycin,65.4,Renal adjustment review required,Renal adjustment review required,Accept,Clinician accepted the displayed first-line option,Piperacillin-Tazobactam,Positive,2025-11-01 15:03:45,S. aureus,None detected,Discordant,Improved,No,Missing/unknown clinical field,"Admitted to General Medicine with Wound infection from Skin/Soft Tissue Infection. Initial vitals: T 37.6 C, HR 100, BP 138/84, SpO2 94%. History: None; kidney function AKI; allergy None known; prior antibiotic exposure in 90d 1; previous resistant organism None known. Culture status Positive.",0,0.44680688,0,True Negative
PX-104113,ENC-20254113,True,2025-10-29 22:44:10,Clinical Patient 4114,71,Male,Not applicable,ICU,27,Active Inpatient,Urosepsis,Urinary Tract Infection,Enterobacter cloacae complex,39.1,139,68,43,92,23,21.4,Immunosuppression,Normal,Normal,None known,,0,None in prior 90 days,0,ESBL,0.326,0.678,67.8,High,0.734,0.48,0.314,0.171,-0.02,0.08,0.019,0.06,0.04,0.05,"Clinical explanation: AMR risk is high with prior antibiotic exposure=0, prior resistant organism=ESBL, and ward resistance rate=32.6%. Review feature attributions before making a clinical decision.",Meropenem + Vancomycin,Ceftazidime-Avibactam,77.9,No renal adjustment flag,No renal adjustment flag,Accept,Clinician accepted the displayed first-line option,Meropenem + Vancomycin,Positive,2025-11-02 22:44:10,Enterobacter cloacae complex,None detected,Discordant,Recovered,No,Prior resistant organism,"Admitted to ICU with Urosepsis from Urinary Tract Infection. Initial vitals: T 39.1 C, HR 139, BP 68/43, SpO2 92%. History: Immunosuppression; kidney function Normal; allergy None known; prior antibiotic exposure in 90d 0; previous resistant organism ESBL. Culture status Positive.",0,0.6707669,1,False Positive (Type I Error)
PX-104133,ENC-20254133,True,2025-10-31 21:28:12,Clinical Patient 4134,25,Male,Not applicable,Surgical Ward,5,Active Inpatient,Peritonitis,Intra-abdominal Infection,S. pneumoniae,36.0,120,78,51,95,18,18.1,Diabetes; Immunosuppression,Normal,Normal,Sulfonamide,Mild/rash,2,Azithromycin,28,None known,0.277,0.739,73.9,High,0.632,0.542,0.424,0.297,0.06,-0.02,0.007,-0.02,0.04,0.05,"Clinical explanation: AMR risk is high with prior antibiotic exposure=2, prior resistant organism=None known, and ward resistance rate=27.7%. Review feature attributions before making a clinical decision.",Meropenem + Vancomycin,Ceftazidime-Avibactam,77.8,No renal adjustment flag,Documented Sulfonamide allergy,Accept,Clinician accepted the displayed first-line option,Meropenem + Vancomycin,Positive,2025-11-03 21:28:12,S. pneumoniae,None detected,Discordant,Recovered,No,Allergy/safety edge case,"Admitted to Surgical Ward with Peritonitis from Intra-abdominal Infection. Initial vitals: T 36.0 C, HR 120, BP 78/51, SpO2 95%. History: Diabetes; Immunosuppression; kidney function Normal; allergy Sulfonamide; prior antibiotic exposure in 90d 2; previous resistant organism None known. Culture status Positive.",0,0.48943245,0,True Negative
PX-104161,ENC-20254161,True,2025-11-02 20:53:12,Clinical Patient 4162,60,Female,Not applicable,General Medicine,33,Discharged,Severe HAP,Hospital-Acquired Pneumonia,K. pneumoniae,39.0,126,103,52,92,27,32.8,,Normal,Normal,Cephalosporin,Mild/rash,0,None in prior 90 days,0,None known,0.322,0.112,11.2,Low,0.109,0.082,0.084,0.025,-0.02,-0.02,0.018,-0.02,-0.02,0.05,"Clinical explanation: AMR risk is low with prior antibiotic exposure=0, prior resistant organism=None known, and ward resistance rate=32.2%. Review feature attributions before making a clinical decision.",Ceftriaxone,Cefepime,87.7,No renal adjustment flag,Documented Cephalosporin allergy,Pending,Decision not yet recorded,Clinician-selected regimen,Positive,2025-11-03 20:53:12,K. pneumoniae,None detected,Concordant,Treatment modified after deterioration,Yes,Allergy/safety edge case,"Admitted to General Medicine with Severe HAP from Hospital-Acquired Pneumonia. Initial vitals: T 39.0 C, HR 126, BP 103/52, SpO2 92%. History: None; kidney function Normal; allergy Cephalosporin; prior antibiotic exposure in 90d 0; previous resistant organism None known. Culture status Positive.",0,0.37777293,0,True Negative
PX-104165,ENC-20254165,True,2025-11-03 06:58:26,Clinical Patient 4166,62,Female,Not applicable,Emergency Department,22,Discharged,VAP,Ventilator-Associated Pneumonia,Enterococcus faecalis,38.5,111,111,64,91,19,72.8,COPD; Hypertension,Mild impairment,Normal,Penicillin,Mild/rash,0,None in prior 90 days,0,ESBL,0.12,0.578,57.8,Medium,0.582,0.208,0.386,0.382,-0.02,0.08,-0.033,-0.02,0.04,0.05,"Clinical explanation: AMR risk is medium with prior antibiotic exposure=0, prior resistant organism=ESBL, and ward resistance rate=12.0%. Review feature attributions before making a clinical decision.",Piperacillin-Tazobactam,Cefepime + Vancomycin,81.3,Renal adjustment review required,Documented Penicillin allergy | Renal adjustment review required,Accept,Clinician accepted the displayed first-line option,Piperacillin-Tazobactam,Positive,2025-11-07 06:58:26,Enterococcus faecalis,None detected,Discordant,Improved,No,Renal impairment,"Admitted to Emergency Department with VAP from Ventilator-Associated Pneumonia. Initial vitals: T 38.5 C, HR 111, BP 111/64, SpO2 91%. History: COPD; Hypertension; kidney function Mild impairment; allergy Penicillin; prior antibiotic exposure in 90d 0; previous resistant organism ESBL. Culture status Positive.",0,0.6459102,1,False Positive (Type I Error)
PX-104183,ENC-20254183,True,2025-11-04 14:39:30,Clinical Patient 4184,34,Male,Not applicable,ICU,27,Transferred,Aspiration pneumonia,Community-Acquired Pneumonia,No organism identified,38.2,108,98,59,91,23,17.3,Hypertension; Immunosuppression,Normal,Normal,None known,,1,Ceftriaxone + Azithromycin,28,None known,0.496,0.9,90.0,High,0.933,0.8,0.858,0.276,0.02,-0.02,0.061,0.06,0.04,0.05,"Clinical explanation: AMR risk is high with prior antibiotic exposure=1, prior resistant organism=None known, and ward resistance rate=49.6%. Review feature attributions before making a clinical decision.",Meropenem + Vancomycin,Ceftazidime-Avibactam,93.9,No renal adjustment flag,No renal adjustment flag,Pending,Decision not yet recorded,Clinician-selected regimen,Positive,2025-11-05 14:39:30,K. pneumoniae,None detected,Discordant,Improved,No,Standard scenario,"Admitted to ICU with Aspiration pneumonia from Community-Acquired Pneumonia. Initial vitals: T 38.2 C, HR 108, BP 98/59, SpO2 91%. History: Hypertension; Immunosuppression; kidney function Normal; allergy None known; prior antibiotic exposure in 90d 1; previous resistant organism None known. Culture status Positive.",0,0.6504775,1,False Positive (Type I Error)
PX-104185,ENC-20254185,True,2025-11-04 16:37:30,Clinical Patient 4186,79,Male,Not applicable,ICU,18,Active Inpatient,Complicated intra-abdominal infection,Intra-abdominal Infection,Enterobacter cloacae complex,39.0,105,97,57,88,25,38.2,,Moderate impairment,Normal,Penicillin,Anaphylaxis,0,None in prior 90 days,0,None known,0.438,0.29,29.0,Low,0.296,0.224,0.117,0.182,-0.02,-0.02,0.047,0.06,-0.02,0.05,"Clinical explanation: AMR risk is low with prior antibiotic exposure=0, prior resistant organism=None known, and ward resistance rate=43.8%. Review feature attributions before making a clinical decision.",Ceftriaxone,Cefepime,65.5,Renal adjustment review required,Documented Penicillin allergy | Renal adjustment review required,Override,Alternative source-control plan,Clinician-selected regimen,Positive,2025-11-07 16:37:30,Enterobacter cloacae complex,None detected,Concordant,Recovered,No,Renal impairment,"Admitted to ICU with Complicated intra-abdominal infection from Intra-abdominal Infection. Initial vitals: T 39.0 C, HR 105, BP 97/57, SpO2 88%. History: None; kidney function Moderate impairment; allergy Penicillin; prior antibiotic exposure in 90d 0; previous resistant organism None known. Culture status Positive.",0,0.5070871,1,False Positive (Type I Error)
PX-104205,ENC-20254205,True,2025-11-05 18:48:27,Clinical Patient 4206,58,Male,Not applicable,General Medicine,9,Discharged,Primary bacteremia,Bloodstream Infection,Enterococcus faecalis,38.0,115,95,63,95,21,34.2,Diabetes; Hypertension; Liver disease,Normal,Normal,Penicillin,IgE-mediated,0,None prior,0,None known,0.265,0.2,20.0,Low,0.199,0.154,0.091,0.074,-0.02,-0.02,0.004,-0.02,0.04,0.05,"Clinical explanation: AMR risk is low with prior antibiotic exposure=0, prior resistant organism=None known, and ward resistance rate=26.5%. Review feature attributions before making a clinical decision.",Ceftriaxone,Cefepime,95.4,No renal adjustment flag,Documented Penicillin allergy,Accept,Clinician accepted the displayed first-line option,Ceftriaxone,Positive,2025-11-08 18:48:27,Enterococcus faecalis,ESBL,Discordant,Recovered,No,Allergy/safety edge case,"Admitted to General Medicine with Primary bacteremia from Bloodstream Infection. Initial vitals: T 38.0 C, HR 115, BP 95/63, SpO2 95%. History: Diabetes; Hypertension; Liver disease; kidney function Normal; allergy Penicillin; prior antibiotic exposure in 90d 0; previous resistant organism None known. Culture status Positive.",1,0.2711166,0,False Negative (Type II Error - Critical Missed Resistance)
PX-104207,ENC-20254207,True,2025-11-05 20:11:51,Clinical Patient 4208,74,Female,Not applicable,Surgical Ward,11,Active Inpatient,Peritonitis,Intra-abdominal Infection,S. pneumoniae,37.1,95,165,92,93,17,62.7,CKD,AKI,Normal,Multiple antibiotics,IgE-mediated,0,None in prior 90 days,0,None known,0.356,0.437,43.7,Medium,0.479,0.336,0.203,0.124,-0.02,-0.02,0.026,-0.02,0.04,-0.02,"Clinical explanation: AMR risk is medium with prior antibiotic exposure=0, prior resistant organism=None known, and ward resistance rate=35.6%. Review feature attributions before making a clinical decision.",Piperacillin-Tazobactam,Cefepime + Vancomycin,71.6,Renal adjustment review required,Documented Multiple antibiotics allergy | Renal adjustment review required,Accept,Clinician accepted the displayed first-line option,Piperacillin-Tazobactam,Positive,2025-11-08 20:11:51,S. pneumoniae,None detected,Concordant,Recovered,No,Allergy/safety edge case,"Admitted to Surgical Ward with Peritonitis from Intra-abdominal Infection. Initial vitals: T 37.1 C, HR 95, BP 165/92, SpO2 93%. History: CKD; kidney function AKI; allergy Multiple antibiotics; prior antibiotic exposure in 90d 0; previous resistant organism None known. Culture status Positive.",0,0.5375504,1,False Positive (Type I Error)
PX-104222,ENC-20254222,True,2025-11-06 22:39:09,Clinical Patient 4223,79,Male,Not applicable,Surgical Ward,31,Transferred,HAP,Hospital-Acquired Pneumonia,No organism identified,37.8,102,100,62,95,22,34.5,Diabetes; Liver disease,Moderate impairment,Normal,None known,,0,None prior,0,None known,0.306,0.317,31.7,Medium,0.228,0.128,0.132,0.176,-0.02,-0.02,0.014,-0.02,0.04,-0.02,"Clinical explanation: AMR risk is medium with prior antibiotic exposure=0, prior resistant organism=None known, and ward resistance rate=30.6%. Review feature attributions before making a clinical decision.",Piperacillin-Tazobactam,Cefepime + Vancomycin,77.4,Renal adjustment review required,Renal adjustment review required,Accept,Clinician accepted the displayed first-line option,Piperacillin-Tazobactam,Positive,2025-11-08 22:39:09,Enterococcus faecalis,Other MDR,Discordant,Improved,No,Renal impairment,"Admitted to Surgical Ward with HAP from Hospital-Acquired Pneumonia. Initial vitals: T 37.8 C, HR 102, BP 100/62, SpO2 95%. History: Diabetes; Liver disease; kidney function Moderate impairment; allergy None known; prior antibiotic exposure in 90d 0; previous resistant organism None known. Culture status Positive.",1,0.37166524,0,False Negative (Type II Error - Critical Missed Resistance)
PX-104230,ENC-20254230,True,2025-11-07 17:55:02,Clinical Patient 4231,57,Female,Not applicable,General Medicine,32,Active Inpatient,Diverticulitis with perforation,Intra-abdominal Infection,K. pneumoniae,37.0,77,114,73,93,13,8.5,CKD; Immunosuppression,Normal,Mild impairment,None known,,0,None prior,0,MRSA,0.365,0.549,54.9,Medium,0.542,0.193,0.531,0.217,-0.02,0.08,0.029,-0.02,0.04,-0.02,"Clinical explanation: AMR risk is medium with prior antibiotic exposure=0, prior resistant organism=MRSA, and ward resistance rate=36.5%. Review feature attributions before making a clinical decision.",Piperacillin-Tazobactam,Cefepime + Vancomycin,83.3,No renal adjustment flag,No renal adjustment flag,Accept,Clinician accepted the displayed first-line option,Piperacillin-Tazobactam,Positive,2025-11-08 17:55:02,K. pneumoniae,ESBL,Concordant,Improved,No,Prior resistant organism,"Admitted to General Medicine with Diverticulitis with perforation from Intra-abdominal Infection. Initial vitals: T 37.0 C, HR 77, BP 114/73, SpO2 93%. History: CKD; Immunosuppression; kidney function Normal; allergy None known; prior antibiotic exposure in 90d 0; previous resistant organism MRSA. Culture status Positive.",1,0.6103941,1,True Positive
PX-104244,ENC-20254244,True,2025-11-08 11:41:52,Clinical Patient 4245,72,Female,Not applicable,Surgical Ward,12,Active Inpatient,Diverticulitis with perforation,Intra-abdominal Infection,E. coli,37.0,97,153,93,97,17,37.0,,Normal,Mild impairment,None known,,0,None in prior 90 days,0,None known,0.328,0.225,22.5,Low,0.215,0.093,0.213,0.129,-0.02,-0.02,0.02,-0.02,-0.02,-0.02,"Clinical explanation: AMR risk is low with prior antibiotic exposure=0, prior resistant organism=None known, and ward resistance rate=32.8%. Review feature attributions before making a clinical decision.",Ceftriaxone,Cefepime,79.5,No renal adjustment flag,No renal adjustment flag,Modify,Dose/frequency adjusted after clinical review,Cefepime,Positive,2025-11-10 11:41:52,E. coli,None detected,Concordant,Treatment modified after deterioration,Yes,Missing/unknown clinical field,"Admitted to Surgical Ward with Diverticulitis with perforation from Intra-abdominal Infection. Initial vitals: T 37.0 C, HR 97, BP 153/93, SpO2 97%. History: None; kidney function Normal; allergy None known; prior antibiotic exposure in 90d 0; previous resistant organism None known. Culture status Positive.",0,0.3333592,0,True Negative
PX-104259,ENC-20254259,True,2025-11-09 16:25:55,Clinical Patient 4260,49,Male,Not applicable,General Medicine,36,Active Inpatient,Early-onset VAP,Ventilator-Associated Pneumonia,Mixed flora,37.9,129,110,59,90,29,86.8,,Normal,Normal,None known,,0,None prior,0,None known,0.272,0.447,44.7,Medium,0.408,0.261,0.261,0.244,-0.02,-0.02,0.006,-0.02,-0.02,0.05,"Clinical explanation: AMR risk is medium with prior antibiotic exposure=0, prior resistant organism=None known, and ward resistance rate=27.2%. Review feature attributions before making a clinical decision.",Piperacillin-Tazobactam,Cefepime + Vancomycin,93.7,No renal adjustment flag,No renal adjustment flag,Accept,Clinician accepted the displayed first-line option,Piperacillin-Tazobactam,Positive,2025-11-12 16:25:55,S. aureus,None detected,Concordant,Recovered,No,Missing/unknown clinical field,"Admitted to General Medicine with Early-onset VAP from Ventilator-Associated Pneumonia. Initial vitals: T 37.9 C, HR 129, BP 110/59, SpO2 90%. History: None; kidney function Normal; allergy None known; prior antibiotic exposure in 90d 0; previous resistant organism None known. Culture status Positive.",0,0.28703547,0,True Negative
PX-104300,ENC-20254300,True,2025-11-12 00:29:17,Clinical Patient 4301,56,Female,Not applicable,General Medicine,12,Active Inpatient,Complicated intra-abdominal infection,Intra-abdominal Infection,S. aureus,38.6,99,83,52,96,19,8.2,Heart failure,Normal,Severe impairment,None known,,2,Cefepime,3,None known,0.327,0.463,46.3,Medium,0.453,0.139,0.24,0.321,0.06,-0.02,0.019,-0.02,0.04,0.05,"Clinical explanation: AMR risk is medium with prior antibiotic exposure=2, prior resistant organism=None known, and ward resistance rate=32.7%. Review feature attributions before making a clinical decision.",Piperacillin-Tazobactam,Cefepime + Vancomycin,89.8,No renal adjustment flag,No renal adjustment flag,Accept,Clinician accepted the displayed first-line option,Piperacillin-Tazobactam,Positive,2025-11-13 00:29:17,S. aureus,None detected,Concordant,Treatment modified after deterioration,Yes,Standard scenario,"Admitted to General Medicine with Complicated intra-abdominal infection from Intra-abdominal Infection. Initial vitals: T 38.6 C, HR 99, BP 83/52, SpO2 96%. History: Heart failure; kidney function Normal; allergy None known; prior antibiotic exposure in 90d 2; previous resistant organism None known. Culture status Positive.",0,0.433955,0,True Negative
PX-104325,ENC-20254325,True,2025-11-13 20:15:09,Clinical Patient 4326,79,Female,Not applicable,General Medicine,18,Active Inpatient,Diverticulitis with perforation,Intra-abdominal Infection,S. aureus,38.8,116,86,58,97,16,68.1,COPD; Cancer,Normal,Normal,None known,,2,Levofloxacin,7,ESBL,0.282,0.801,80.1,High,0.598,0.378,0.36,0.266,0.06,0.08,0.008,-0.02,0.04,0.05,"Clinical explanation: AMR risk is high with prior antibiotic exposure=2, prior resistant organism=ESBL, and ward resistance rate=28.2%. Review feature attributions before making a clinical decision.",Meropenem + Vancomycin,Ceftazidime-Avibactam,66.7,No renal adjustment flag,No renal adjustment flag,Accept,Clinician accepted the displayed first-line option,Meropenem + Vancomycin,Positive,2025-11-14 20:15:09,S. aureus,MRSA,Concordant,Recovered,No,Prior resistant organism,"Admitted to General Medicine with Diverticulitis with perforation from Intra-abdominal Infection. Initial vitals: T 38.8 C, HR 116, BP 86/58, SpO2 97%. History: COPD; Cancer; kidney function Normal; allergy None known; prior antibiotic exposure in 90d 2; previous resistant organism ESBL. Culture status Positive.",1,0.8023324,1,True Positive
PX-104351,ENC-20254351,True,2025-11-15 20:48:35,Clinical Patient 4352,76,Female,Not applicable,General Medicine,24,Active Inpatient,Catheter-associated UTI,Urinary Tract Infection,Enterococcus faecalis,37.9,95,87,51,97,18,71.6,CKD,Normal,Severe impairment,None known,,4,Piperacillin-Tazobactam,7,ESBL,0.275,0.88,88.0,High,0.802,0.739,0.696,0.645,0.14,0.08,0.006,-0.02,0.04,-0.02,"Clinical explanation: AMR risk is high with prior antibiotic exposure=4, prior resistant organism=ESBL, and ward resistance rate=27.5%. Review feature attributions before making a clinical decision.",Meropenem + Vancomycin,Ceftazidime-Avibactam,79.0,No renal adjustment flag,No renal adjustment flag,Accept,Clinician accepted the displayed first-line option,Meropenem + Vancomycin,Positive,2025-11-17 20:48:35,Enterococcus faecalis,MRSA,Concordant,Improved,No,Prior resistant organism,"Admitted to General Medicine with Catheter-associated UTI from Urinary Tract Infection. Initial vitals: T 37.9 C, HR 95, BP 87/51, SpO2 97%. History: CKD; kidney function Normal; allergy None known; prior antibiotic exposure in 90d 4; previous resistant organism ESBL. Culture status Positive.",1,0.7914012,1,True Positive
PX-104360,ENC-20254360,True,2025-11-16 13:14:29,Clinical Patient 4361,78,Male,Not applicable,Emergency Department,1,Active Inpatient,Complicated UTI,Urinary Tract Infection,Mixed flora,37.4,63,147,88,98,13,9.2,,Moderate impairment,Normal,None known,,1,Ciprofloxacin,14,None known,0.21,0.448,44.8,Medium,0.492,0.141,0.389,0.236,0.02,-0.02,-0.01,-0.02,-0.02,-0.02,"Clinical explanation: AMR risk is medium with prior antibiotic exposure=1, prior resistant organism=None known, and ward resistance rate=21.0%. Review feature attributions before making a clinical decision.",Piperacillin-Tazobactam,Cefepime + Vancomycin,93.7,Renal adjustment review required,Renal adjustment review required,Accept,Clinician accepted the displayed first-line option,Piperacillin-Tazobactam,Positive,2025-11-18 13:14:29,P. aeruginosa,None detected,Concordant,Improved,No,Renal impairment,"Admitted to Emergency Department with Complicated UTI from Urinary Tract Infection. Initial vitals: T 37.4 C, HR 63, BP 147/88, SpO2 98%. History: None; kidney function Moderate impairment; allergy None known; prior antibiotic exposure in 90d 1; previous resistant organism None known. Culture status Positive.",0,0.42025846,0,True Negative
PX-104376,ENC-20254376,True,2025-11-17 12:51:38,Clinical Patient 4377,66,Male,Not applicable,ICU,27,Active Inpatient,Diverticulitis with perforation,Intra-abdominal Infection,Enterobacter cloacae complex,39.3,93,78,49,91,19,56.2,COPD,Normal,Normal,None known,,0,None in prior 90 days,0,None known,0.479,0.267,26.7,Low,0.235,0.182,0.256,0.131,-0.02,-0.02,0.057,0.06,0.04,0.05,"Clinical explanation: AMR risk is low with prior antibiotic exposure=0, prior resistant organism=None known, and ward resistance rate=47.9%. Review feature attributions before making a clinical decision.",Ceftriaxone,Cefepime,94.2,No renal adjustment flag,No renal adjustment flag,Accept,Clinician accepted the displayed first-line option,Ceftriaxone,Positive,2025-11-19 12:51:38,Enterobacter cloacae complex,None detected,Concordant,Improved,No,Boundary vitals,"Admitted to ICU with Diverticulitis with perforation from Intra-abdominal Infection. Initial vitals: T 39.3 C, HR 93, BP 78/49, SpO2 91%. History: COPD; kidney function Normal; allergy None known; prior antibiotic exposure in 90d 0; previous resistant organism None known. Culture status Positive.",0,0.45551473,0,True Negative
PX-104397,ENC-20254397,True,2025-11-18 23:07:17,Clinical Patient 4398,34,Male,Not applicable,ICU,19,Active Inpatient,Complicated intra-abdominal infection,Intra-abdominal Infection,Enterobacter cloacae complex,39.4,113,100,54,93,22,108.0,Heart failure,Normal,Normal,None known,,0,None in prior 90 days,0,None known,0.427,0.44,44.0,Medium,0.458,0.323,0.217,0.258,-0.02,-0.02,0.044,0.06,0.04,0.05,"Clinical explanation: AMR risk is medium with prior antibiotic exposure=0, prior resistant organism=None known, and ward resistance rate=42.7%. Review feature attributions before making a clinical decision.",Piperacillin-Tazobactam,Cefepime + Vancomycin,74.3,No renal adjustment flag,No renal adjustment flag,Accept,Clinician accepted the displayed first-line option,Piperacillin-Tazobactam,Positive,2025-11-21 23:07:17,Enterobacter cloacae complex,None detected,Concordant,Treatment modified after deterioration,Yes,Standard scenario,"Admitted to ICU with Complicated intra-abdominal infection from Intra-abdominal Infection. Initial vitals: T 39.4 C, HR 113, BP 100/54, SpO2 93%. History: Heart failure; kidney function Normal; allergy None known; prior antibiotic exposure in 90d 0; previous resistant organism None known. Culture status Positive.",0,0.4322359,0,True Negative
PX-104417,ENC-20254417,True,2025-11-20 15:42:13,Clinical Patient 4418,46,Male,Not applicable,Emergency Department,28,Active Inpatient,Late-onset VAP,Ventilator-Associated Pneumonia,K. pneumoniae,39.8,133,114,63,94,20,31.8,Hypertension,Mild impairment,Normal,None known,,2,Piperacillin-Tazobactam,3,None known,0.204,0.335,33.5,Medium,0.363,0.263,0.227,0.241,0.06,-0.02,-0.012,-0.02,0.04,0.05,"Clinical explanation: AMR risk is medium with prior antibiotic exposure=2, prior resistant organism=None known, and ward resistance rate=20.4%. Review feature attributions before making a clinical decision.",Piperacillin-Tazobactam,Cefepime + Vancomycin,91.5,Renal adjustment review required,Renal adjustment review required,Accept,Clinician accepted the displayed first-line option,Piperacillin-Tazobactam,Positive,2025-11-23 15:42:13,K. pneumoniae,None detected,Concordant,Escalated care,Yes,Renal impairment,"Admitted to Emergency Department with Late-onset VAP from Ventilator-Associated Pneumonia. Initial vitals: T 39.8 C, HR 133, BP 114/63, SpO2 94%. History: Hypertension; kidney function Mild impairment; allergy None known; prior antibiotic exposure in 90d 2; previous resistant organism None known. Culture status Positive.",0,0.42019153,0,True Negative
PX-104422,ENC-20254422,True,2025-11-21 00:35:39,Clinical Patient 4423,61,Female,Not applicable,General Medicine,6,Active Inpatient,Late-onset VAP,Ventilator-Associated Pneumonia,S. pneumoniae,35.7,116,92,65,87,22,73.7,Diabetes; Heart failure,Normal,Normal,None known,,0,None in prior 90 days,0,None known,0.29,0.132,13.2,Low,0.126,0.101,0.082,0.086,-0.02,-0.02,0.01,-0.02,0.04,0.05,"Clinical explanation: AMR risk is low with prior antibiotic exposure=0, prior resistant organism=None known, and ward resistance rate=29.0%. Review feature attributions before making a clinical decision.",Ceftriaxone,Cefepime,82.5,No renal adjustment flag,No renal adjustment flag,Modify,Dose/frequency adjusted after clinical review,Cefepime,Positive,2025-11-23 00:35:39,S. pneumoniae,None detected,Concordant,Escalated care,Yes,Standard scenario,"Admitted to General Medicine with Late-onset VAP from Ventilator-Associated Pneumonia. Initial vitals: T 35.7 C, HR 116, BP 92/65, SpO2 87%. History: Diabetes; Heart failure; kidney function Normal; allergy None known; prior antibiotic exposure in 90d 0; previous resistant organism None known. Culture status Positive.",0,0.35739005,0,True Negative
PX-104427,ENC-20254427,True,2025-11-21 13:28:24,Clinical Patient 4428,30,Female,No,ICU,15,Active Inpatient,Severe HAP,Hospital-Acquired Pneumonia,Mixed flora,37.7,125,116,73,90,21,52.4,,Mild impairment,Normal,None known,,0,None in prior 90 days,0,None known,0.45,0.562,56.2,Medium,0.532,0.173,0.473,0.223,-0.02,-0.02,0.05,0.06,-0.02,0.05,"Clinical explanation: AMR risk is medium with prior antibiotic exposure=0, prior resistant organism=None known, and ward resistance rate=45.0%. Review feature attributions before making a clinical decision.",Piperacillin-Tazobactam,Cefepime + Vancomycin,77.6,Renal adjustment review required,Renal adjustment review required,Accept,Clinician accepted the displayed first-line option,Piperacillin-Tazobactam,Positive,2025-11-24 13:28:24,S. aureus,MRSA,Concordant,Improved,No,Renal impairment,"Admitted to ICU with Severe HAP from Hospital-Acquired Pneumonia. Initial vitals: T 37.7 C, HR 125, BP 116/73, SpO2 90%. History: None; kidney function Mild impairment; allergy None known; prior antibiotic exposure in 90d 0; previous resistant organism None known. Culture status Positive.",1,0.5365777,1,True Positive
PX-104444,ENC-20254444,True,2025-11-22 07:44:34,Clinical Patient 4445,56,Female,Not applicable,General Medicine,14,Active Inpatient,Catheter-related bloodstream infection,Bloodstream Infection,Enterococcus faecalis,39.0,115,129,77,97,19,14.7,,Normal,Normal,Sulfonamide,Mild/rash,1,Azithromycin,28,None known,0.169,0.515,51.5,Medium,0.557,0.2,0.246,0.255,0.02,-0.02,-0.02,-0.02,-0.02,0.05,"Clinical explanation: AMR risk is medium with prior antibiotic exposure=1, prior resistant organism=None known, and ward resistance rate=16.9%. Review feature attributions before making a clinical decision.",Piperacillin-Tazobactam,Cefepime + Vancomycin,85.9,No renal adjustment flag,Documented Sulfonamide allergy,Accept,Clinician accepted the displayed first-line option,Piperacillin-Tazobactam,Positive,2025-11-25 07:44:34,Enterococcus faecalis,Other MDR,Concordant,Treatment modified after deterioration,Yes,Allergy/safety edge case,"Admitted to General Medicine with Catheter-related bloodstream infection from Bloodstream Infection. Initial vitals: T 39.0 C, HR 115, BP 129/77, SpO2 97%. History: None; kidney function Normal; allergy Sulfonamide; prior antibiotic exposure in 90d 1; previous resistant organism None known. Culture status Positive.",1,0.51674646,1,True Positive
PX-104452,ENC-20254452,True,2025-11-23 03:59:22,Clinical Patient 4453,41,Male,Not applicable,General Medicine,9,Active Inpatient,Aspiration pneumonia,Community-Acquired Pneumonia,S. aureus,37.9,91,130,75,93,18,9.8,Cancer; Liver disease,Unknown,Mild impairment,None known,,0,None prior,0,None known,0.23,0.462,46.2,Medium,0.345,0.225,0.309,0.356,-0.02,-0.02,-0.005,-0.02,0.04,-0.02,"Clinical explanation: AMR risk is medium with prior antibiotic exposure=0, prior resistant organism=None known, and ward resistance rate=23.0%. Review feature attributions before making a clinical decision.",Piperacillin-Tazobactam,Cefepime + Vancomycin,86.0,No renal adjustment flag,No renal adjustment flag,Accept,Clinician accepted the displayed first-line option,Piperacillin-Tazobactam,Positive,2025-11-27 03:59:22,S. aureus,MRSA,Discordant,Recovered,No,Standard scenario,"Admitted to General Medicine with Aspiration pneumonia from Community-Acquired Pneumonia. Initial vitals: T 37.9 C, HR 91, BP 130/75, SpO2 93%. History: Cancer; Liver disease; kidney function Unknown; allergy None known; prior antibiotic exposure in 90d 0; previous resistant organism None known. Culture status Positive.",1,0.19999908,0,False Negative (Type II Error - Critical Missed Resistance)
PX-104487,ENC-20254487,True,2025-11-26 13:30:48,Clinical Patient 4488,45,Female,No,General Medicine,30,Active Inpatient,CAP,Community-Acquired Pneumonia,Enterococcus faecalis,38.3,77,118,70,87,18,26.3,Hypertension; Immunosuppression,Mild impairment,Normal,Cephalosporin,Mild/rash,1,Ertapenem,14,None known,0.221,0.553,55.3,Medium,0.499,0.435,0.236,0.18,0.02,-0.02,-0.007,-0.02,0.04,-0.02,"Clinical explanation: AMR risk is medium with prior antibiotic exposure=1, prior resistant organism=None known, and ward resistance rate=22.1%. Review feature attributions before making a clinical decision.",Piperacillin-Tazobactam,Cefepime + Vancomycin,66.3,Renal adjustment review required,Documented Cephalosporin allergy | Renal adjustment review required,Accept,Clinician accepted the displayed first-line option,Piperacillin-Tazobactam,Positive,2025-11-30 13:30:48,Enterococcus faecalis,None detected,Discordant,Recovered,No,Renal impairment,"Admitted to General Medicine with CAP from Community-Acquired Pneumonia. Initial vitals: T 38.3 C, HR 77, BP 118/70, SpO2 87%. History: Hypertension; Immunosuppression; kidney function Mild impairment; allergy Cephalosporin; prior antibiotic exposure in 90d 1; previous resistant organism None known. Culture status Positive.",0,0.32445186,0,True Negative
PX-104496,ENC-20254496,True,2025-11-27 05:31:49,Clinical Patient 4497,48,Male,Not applicable,General Medicine,22,Active Inpatient,Suspected bacteremia,Bloodstream Infection,Enterobacter cloacae complex,38.0,135,109,61,94,17,209.3,Liver disease,Moderate impairment,Normal,None known,,2,Meropenem,7,None known,0.255,0.463,46.3,Medium,0.35,0.141,0.308,0.101,0.06,-0.02,0.001,-0.02,0.04,0.05,"Clinical explanation: AMR risk is medium with prior antibiotic exposure=2, prior resistant organism=None known, and ward resistance rate=25.5%. Review feature attributions before making a clinical decision.",Piperacillin-Tazobactam,Cefepime + Vancomycin,73.8,Renal adjustment review required,Renal adjustment review required,Override,Alternative source-control plan,Clinician-selected regimen,Positive,2025-11-30 05:31:49,Enterobacter cloacae complex,CRE,Discordant,Recovered,No,Renal impairment,"Admitted to General Medicine with Suspected bacteremia from Bloodstream Infection. Initial vitals: T 38.0 C, HR 135, BP 109/61, SpO2 94%. History: Liver disease; kidney function Moderate impairment; allergy None known; prior antibiotic exposure in 90d 2; previous resistant organism None known. Culture status Positive.",1,0.4706165,0,False Negative (Type II Error - Critical Missed Resistance)
PX-104511,ENC-20254511,True,2025-11-28 00:14:52,Clinical Patient 4512,63,Male,Not applicable,General Medicine,14,Active Inpatient,CAP,Community-Acquired Pneumonia,S. aureus,38.3,124,92,53,96,29,26.0,Diabetes,Normal,Mild impairment,Penicillin,Mild/rash,2,Amoxicillin-Clavulanate,7,None known,0.211,0.362,36.2,Medium,0.273,0.196,0.257,0.275,0.06,-0.02,-0.01,-0.02,0.04,0.05,"Clinical explanation: AMR risk is medium with prior antibiotic exposure=2, prior resistant organism=None known, and ward resistance rate=21.1%. Review feature attributions before making a clinical decision.",Piperacillin-Tazobactam,Cefepime + Vancomycin,93.4,No renal adjustment flag,Documented Penicillin allergy,Accept,Clinician accepted the displayed first-line option,Piperacillin-Tazobactam,Positive,2025-12-01 00:14:52,S. aureus,None detected,Concordant,Recovered,No,Allergy/safety edge case,"Admitted to General Medicine with CAP from Community-Acquired Pneumonia. Initial vitals: T 38.3 C, HR 124, BP 92/53, SpO2 96%. History: Diabetes; kidney function Normal; allergy Penicillin; prior antibiotic exposure in 90d 2; previous resistant organism None known. Culture status Positive.",0,0.49555063,0,True Negative
PX-104513,ENC-20254513,True,2025-11-28 02:29:42,Clinical Patient 4514,61,Female,Not applicable,ICU,27,Active Inpatient,Complicated intra-abdominal infection,Intra-abdominal Infection,No organism identified,35.4,107,78,43,90,22,9.9,CKD; Hypertension; Liver disease,Mild impairment,Normal,Sulfonamide,Mild/rash,2,Ciprofloxacin,7,None known,0.362,0.416,41.6,Medium,0.308,0.209,0.331,0.102,0.06,-0.02,0.028,0.06,0.04,0.05,"Clinical explanation: AMR risk is medium with prior antibiotic exposure=2, prior resistant organism=None known, and ward resistance rate=36.2%. Review feature attributions before making a clinical decision.",Piperacillin-Tazobactam,Cefepime + Vancomycin,89.0,Renal adjustment review required,Documented Sulfonamide allergy | Renal adjustment review required,Accept,Clinician accepted the displayed first-line option,Piperacillin-Tazobactam,Positive,2025-11-30 02:29:42,Enterococcus faecalis,None detected,Concordant,Improved,No,Renal impairment,"Admitted to ICU with Complicated intra-abdominal infection from Intra-abdominal Infection. Initial vitals: T 35.4 C, HR 107, BP 78/43, SpO2 90%. History: CKD; Hypertension; Liver disease; kidney function Mild impairment; allergy Sulfonamide; prior antibiotic exposure in 90d 2; previous resistant organism None known. Culture status Positive.",0,0.6117074,1,False Positive (Type I Error)
PX-104541,ENC-20254541,True,2025-11-30 03:13:28,Clinical Patient 4542,46,Male,Not applicable,General Medicine,32,Active Inpatient,Severe HAP,Hospital-Acquired Pneumonia,E. coli,38.6,130,96,55,86,24,125.8,COPD; Cancer; Heart failure,Normal,Mild impairment,None known,,0,None prior,0,None known,0.133,0.268,26.8,Low,0.279,0.127,0.141,0.091,-0.02,-0.02,-0.029,-0.02,0.04,0.05,"Clinical explanation: AMR risk is low with prior antibiotic exposure=0, prior resistant organism=None known, and ward resistance rate=13.3%. Review feature attributions before making a clinical decision.",Ceftriaxone,Cefepime,92.6,No renal adjustment flag,No renal adjustment flag,Accept,Clinician accepted the displayed first-line option,Ceftriaxone,Positive,2025-12-04 03:13:28,E. coli,None detected,Concordant,Recovered,No,Standard scenario,"Admitted to General Medicine with Severe HAP from Hospital-Acquired Pneumonia. Initial vitals: T 38.6 C, HR 130, BP 96/55, SpO2 86%. History: COPD; Cancer; Heart failure; kidney function Normal; allergy None known; prior antibiotic exposure in 90d 0; previous resistant organism None known. Culture status Positive.",0,0.27690306,0,True Negative
PX-104551,ENC-20254551,True,2025-11-30 19:20:26,Clinical Patient 4552,39,Female,No,General Medicine,33,Active Inpatient,Severe CAP,Community-Acquired Pneumonia,K. pneumoniae,38.1,69,116,70,91,30,49.5,Heart failure,Normal,Normal,Penicillin,Anaphylaxis,0,None in prior 90 days,0,None known,0.315,0.136,13.6,Low,0.109,0.101,0.072,0.073,-0.02,-0.02,0.016,-0.02,0.04,-0.02,"Clinical explanation: AMR risk is low with prior antibiotic exposure=0, prior resistant organism=None known, and ward resistance rate=31.5%. Review feature attributions before making a clinical decision.",Ceftriaxone,Cefepime,84.6,No renal adjustment flag,Documented Penicillin allergy,Accept,Clinician accepted the displayed first-line option,Ceftriaxone,Positive,2025-12-02 19:20:26,K. pneumoniae,None detected,Concordant,Improved,No,Allergy/safety edge case,"Admitted to General Medicine with Severe CAP from Community-Acquired Pneumonia. Initial vitals: T 38.1 C, HR 69, BP 116/70, SpO2 91%. History: Heart failure; kidney function Normal; allergy Penicillin; prior antibiotic exposure in 90d 0; previous resistant organism None known. Culture status Positive.",0,0.23636103,0,True Negative
PX-104553,ENC-20254553,True,2025-11-30 21:50:56,Clinical Patient 4554,72,Male,Not applicable,General Medicine,27,Active Inpatient,CAP,Community-Acquired Pneumonia,Enterobacter cloacae complex,38.0,71,116,69,88,25,12.0,Cancer,Normal,Normal,None known,,0,None in prior 90 days,0,None known,0.286,0.45,45.0,Medium,0.37,0.294,0.349,0.176,-0.02,-0.02,0.009,-0.02,0.04,-0.02,"Clinical explanation: AMR risk is medium with prior antibiotic exposure=0, prior resistant organism=None known, and ward resistance rate=28.6%. Review feature attributions before making a clinical decision.",Piperacillin-Tazobactam,Cefepime + Vancomycin,88.4,No renal adjustment flag,No renal adjustment flag,Modify,Dose/frequency adjusted after clinical review,Cefepime + Vancomycin,Positive,2025-12-03 21:50:56,Enterobacter cloacae complex,None detected,Concordant,Recovered,No,Standard scenario,"Admitted to General Medicine with CAP from Community-Acquired Pneumonia. Initial vitals: T 38.0 C, HR 71, BP 116/69, SpO2 88%. History: Cancer; kidney function Normal; allergy None known; prior antibiotic exposure in 90d 0; previous resistant organism None known. Culture status Positive.",0,0.33249116,0,True Negative
PX-104563,ENC-20254563,True,2025-12-01 08:05:46,Clinical Patient 4564,57,Female,Not applicable,General Medicine,29,Discharged,Severe HAP,Hospital-Acquired Pneumonia,S. pneumoniae,39.1,92,99,65,87,22,35.9,,Mild impairment,Normal,Cephalosporin,Anaphylaxis,1,Ceftriaxone,21,ESBL,0.228,0.891,89.1,High,0.656,0.295,0.635,0.59,0.02,0.08,-0.005,-0.02,-0.02,0.05,"Clinical explanation: AMR risk is high with prior antibiotic exposure=1, prior resistant organism=ESBL, and ward resistance rate=22.8%. Review feature attributions before making a clinical decision.",Meropenem + Vancomycin,Ceftazidime-Avibactam,80.3,Renal adjustment review required,Documented Cephalosporin allergy | Renal adjustment review required,Accept,Clinician accepted the displayed first-line option,Meropenem + Vancomycin,Positive,2025-12-03 08:05:46,S. pneumoniae,Other MDR,Concordant,Recovered,No,Renal impairment,"Admitted to General Medicine with Severe HAP from Hospital-Acquired Pneumonia. Initial vitals: T 39.1 C, HR 92, BP 99/65, SpO2 87%. History: None; kidney function Mild impairment; allergy Cephalosporin; prior antibiotic exposure in 90d 1; previous resistant organism ESBL. Culture status Positive.",1,0.7879327,1,True Positive
PX-104565,ENC-20254565,True,2025-12-01 11:27:07,Clinical Patient 4566,73,Male,Not applicable,General Medicine,31,Active Inpatient,Appendicitis with abscess,Intra-abdominal Infection,S. pneumoniae,39.2,94,127,71,93,22,32.1,Hypertension,Mild impairment,Normal,None known,,0,None prior,0,None known,0.209,0.213,21.3,Low,0.16,0.099,0.119,0.12,-0.02,-0.02,-0.01,-0.02,0.04,0.05,"Clinical explanation: AMR risk is low with prior antibiotic exposure=0, prior resistant organism=None known, and ward resistance rate=20.9%. Review feature attributions before making a clinical decision.",Ceftriaxone,Cefepime,94.0,Renal adjustment review required,Renal adjustment review required,Accept,Clinician accepted the displayed first-line option,Ceftriaxone,Positive,2025-12-04 11:27:07,S. pneumoniae,None detected,Concordant,No documented outcome,No,Renal impairment,"Admitted to General Medicine with Appendicitis with abscess from Intra-abdominal Infection. Initial vitals: T 39.2 C, HR 94, BP 127/71, SpO2 93%. History: Hypertension; kidney function Mild impairment; allergy None known; prior antibiotic exposure in 90d 0; previous resistant organism None known. Culture status Positive.",0,0.22145413,0,True Negative
PX-104585,ENC-20254585,True,2025-12-02 19:41:55,Clinical Patient 4586,52,Female,Not applicable,General Medicine,19,Transferred,Appendicitis with abscess,Intra-abdominal Infection,P. aeruginosa,38.5,118,112,70,95,26,80.1,Cancer; Heart failure,Normal,Mild impairment,None known,,4,Amoxicillin-Clavulanate,7,ESBL,0.263,0.705,70.5,High,0.583,0.531,0.546,0.247,0.14,0.08,0.003,-0.02,0.04,0.05,"Clinical explanation: AMR risk is high with prior antibiotic exposure=4, prior resistant organism=ESBL, and ward resistance rate=26.3%. Review feature attributions before making a clinical decision.",Meropenem + Vancomycin,Ceftazidime-Avibactam,68.8,No renal adjustment flag,No renal adjustment flag,Accept,Clinician accepted the displayed first-line option,Meropenem + Vancomycin,Positive,2025-12-06 19:41:55,P. aeruginosa,MDR Pseudomonas,Concordant,Improved,No,Prior resistant organism,"Admitted to General Medicine with Appendicitis with abscess from Intra-abdominal Infection. Initial vitals: T 38.5 C, HR 118, BP 112/70, SpO2 95%. History: Cancer; Heart failure; kidney function Normal; allergy None known; prior antibiotic exposure in 90d 4; previous resistant organism ESBL. Culture status Positive.",1,0.85714173,1,True Positive
PX-104586,ENC-20254586,True,2025-12-02 20:41:30,Clinical Patient 4587,92,Female,Not applicable,ICU,26,Active Inpatient,HAP,Hospital-Acquired Pneumonia,No organism identified,38.5,116,72,42,91,24,12.1,Hypertension,Mild impairment,Moderate impairment,None known,,1,Ciprofloxacin,7,None known,0.394,0.699,69.9,High,0.689,0.221,0.637,0.236,0.02,-0.02,0.036,0.06,0.04,0.05,"Clinical explanation: AMR risk is high with prior antibiotic exposure=1, prior resistant organism=None known, and ward resistance rate=39.4%. Review feature attributions before making a clinical decision.",Meropenem + Vancomycin,Ceftazidime-Avibactam,83.5,Renal adjustment review required,Renal adjustment review required,Modify,Dose/frequency adjusted after clinical review,Ceftazidime-Avibactam,Positive,2025-12-06 20:41:30,Enterococcus faecalis,Other MDR,Concordant,Improved,No,Renal impairment,"Admitted to ICU with HAP from Hospital-Acquired Pneumonia. Initial vitals: T 38.5 C, HR 116, BP 72/42, SpO2 91%. History: Hypertension; kidney function Mild impairment; allergy None known; prior antibiotic exposure in 90d 1; previous resistant organism None known. Culture status Positive.",1,0.74721485,1,True Positive
PX-104598,ENC-20254598,True,2025-12-03 16:09:34,Clinical Patient 4599,47,Female,No,ICU,28,Active Inpatient,Deep incisional SSI,Surgical Site Infection,P. aeruginosa,39.9,101,94,61,90,22,46.7,,Normal,Normal,None known,,0,None in prior 90 days,0,None known,0.477,0.631,63.1,High,0.559,0.441,0.264,0.297,-0.02,-0.02,0.057,0.06,-0.02,0.05,"Clinical explanation: AMR risk is high with prior antibiotic exposure=0, prior resistant organism=None known, and ward resistance rate=47.7%. Review feature attributions before making a clinical decision.",Meropenem + Vancomycin,Ceftazidime-Avibactam,95.6,No renal adjustment flag,No renal adjustment flag,Accept,Clinician accepted the displayed first-line option,Meropenem + Vancomycin,Positive,2025-12-04 16:09:34,P. aeruginosa,None detected,Discordant,Treatment modified after deterioration,Yes,Boundary vitals,"Admitted to ICU with Deep incisional SSI from Surgical Site Infection. Initial vitals: T 39.9 C, HR 101, BP 94/61, SpO2 90%. History: None; kidney function Normal; allergy None known; prior antibiotic exposure in 90d 0; previous resistant organism None known. Culture status Positive.",0,0.4440885,0,True Negative
PX-104609,ENC-20254609,True,2025-12-04 14:32:18,Clinical Patient 4610,80,Female,Not applicable,General Medicine,29,Active Inpatient,HAP,Hospital-Acquired Pneumonia,K. pneumoniae,38.9,89,89,49,89,23,92.1,Diabetes; Immunosuppression,Normal,Normal,Penicillin,IgE-mediated,0,None prior,0,None known,0.272,0.72,72.0,High,0.529,0.546,0.419,0.151,-0.02,-0.02,0.006,-0.02,0.04,0.05,"Clinical explanation: AMR risk is high with prior antibiotic exposure=0, prior resistant organism=None known, and ward resistance rate=27.2%. Review feature attributions before making a clinical decision.",Meropenem + Vancomycin,Ceftazidime-Avibactam,89.6,No renal adjustment flag,Documented Penicillin allergy,Modify,Dose/frequency adjusted after clinical review,Ceftazidime-Avibactam,Positive,2025-12-08 14:32:18,K. pneumoniae,ESBL,Concordant,Improved,No,Allergy/safety edge case,"Admitted to General Medicine with HAP from Hospital-Acquired Pneumonia. Initial vitals: T 38.9 C, HR 89, BP 89/49, SpO2 89%. History: Diabetes; Immunosuppression; kidney function Normal; allergy Penicillin; prior antibiotic exposure in 90d 0; previous resistant organism None known. Culture status Positive.",1,0.33179247,0,False Negative (Type II Error - Critical Missed Resistance)
PX-104638,ENC-20254638,True,2025-12-06 09:33:23,Clinical Patient 4639,61,Male,Not applicable,General Medicine,37,Discharged,Biliary tract infection,Intra-abdominal Infection,No organism identified,38.3,84,121,80,96,16,9.0,Immunosuppression,Normal,Normal,Penicillin,,0,None in prior 90 days,0,None known,0.316,0.631,63.1,High,0.636,0.433,0.256,0.501,-0.02,-0.02,0.017,-0.02,0.04,-0.02,"Clinical explanation: AMR risk is high with prior antibiotic exposure=0, prior resistant organism=None known, and ward resistance rate=31.6%. Review feature attributions before making a clinical decision.",Meropenem + Vancomycin,Ceftazidime-Avibactam,65.4,No renal adjustment flag,Documented Penicillin allergy,Accept,Clinician accepted the displayed first-line option,Meropenem + Vancomycin,Positive,2025-12-08 09:33:23,Enterococcus faecalis,ESBL,Concordant,Escalated care,Yes,Allergy/safety edge case,"Admitted to General Medicine with Biliary tract infection from Intra-abdominal Infection. Initial vitals: T 38.3 C, HR 84, BP 121/80, SpO2 96%. History: Immunosuppression; kidney function Normal; allergy Penicillin; prior antibiotic exposure in 90d 0; previous resistant organism None known. Culture status Positive.",1,0.26998267,0,False Negative (Type II Error - Critical Missed Resistance)
PX-104679,ENC-20254679,True,2025-12-09 10:12:17,Clinical Patient 4680,61,Male,Not applicable,General Medicine,9,Active Inpatient,Catheter-associated UTI,Urinary Tract Infection,K. pneumoniae,38.8,93,83,46,97,20,29.0,COPD,AKI,Normal,None known,,2,Vancomycin,3,None known,0.265,0.658,65.8,High,0.685,0.467,0.333,0.155,0.06,-0.02,0.004,-0.02,0.04,0.05,"Clinical explanation: AMR risk is high with prior antibiotic exposure=2, prior resistant organism=None known, and ward resistance rate=26.5%. Review feature attributions before making a clinical decision.",Meropenem + Vancomycin,Ceftazidime-Avibactam,75.6,Renal adjustment review required,Renal adjustment review required,Modify,Dose/frequency adjusted after clinical review,Ceftazidime-Avibactam,Positive,2025-12-11 10:12:17,K. pneumoniae,None detected,Discordant,Treatment modified after deterioration,Yes,Standard scenario,"Admitted to General Medicine with Catheter-associated UTI from Urinary Tract Infection. Initial vitals: T 38.8 C, HR 93, BP 83/46, SpO2 97%. History: COPD; kidney function AKI; allergy None known; prior antibiotic exposure in 90d 2; previous resistant organism None known. Culture status Positive.",0,0.5086091,1,False Positive (Type I Error)
PX-104694,ENC-20254694,True,2025-12-10 17:03:45,Clinical Patient 4695,32,Female,No,General Medicine,25,Transferred,Appendicitis with abscess,Intra-abdominal Infection,S. pneumoniae,36.6,71,131,80,96,13,10.2,CKD; Immunosuppression,Normal,Mild impairment,None known,,0,None in prior 90 days,0,None known,0.323,0.172,17.2,Low,0.136,0.113,0.074,0.077,-0.02,-0.02,0.018,-0.02,0.04,-0.02,"Clinical explanation: AMR risk is low with prior antibiotic exposure=0, prior resistant organism=None known, and ward resistance rate=32.3%. Review feature attributions before making a clinical decision.",Ceftriaxone,Cefepime,89.5,No renal adjustment flag,No renal adjustment flag,Accept,Clinician accepted the displayed first-line option,Ceftriaxone,Positive,2025-12-11 17:03:45,S. pneumoniae,None detected,Concordant,Improved,No,Standard scenario,"Admitted to General Medicine with Appendicitis with abscess from Intra-abdominal Infection. Initial vitals: T 36.6 C, HR 71, BP 131/80, SpO2 96%. History: CKD; Immunosuppression; kidney function Normal; allergy None known; prior antibiotic exposure in 90d 0; previous resistant organism None known. Culture status Positive.",0,0.21252482,0,True Negative
PX-104703,ENC-20254703,True,2025-12-11 04:27:47,Clinical Patient 4704,55,Female,Not applicable,ICU,4,Active Inpatient,Catheter-associated UTI,Urinary Tract Infection,S. pneumoniae,38.1,114,92,48,92,23,95.1,COPD,Normal,Normal,None known,,0,None prior,0,None known,0.489,0.624,62.4,High,0.462,0.328,0.45,0.252,-0.02,-0.02,0.06,0.06,0.04,0.05,"Clinical explanation: AMR risk is high with prior antibiotic exposure=0, prior resistant organism=None known, and ward resistance rate=48.9%. Review feature attributions before making a clinical decision.",Meropenem + Vancomycin,Ceftazidime-Avibactam,95.0,No renal adjustment flag,No renal adjustment flag,Accept,Clinician accepted the displayed first-line option,Meropenem + Vancomycin,Positive,2025-12-14 04:27:47,S. pneumoniae,MRSA,Concordant,Improved,No,Standard scenario,"Admitted to ICU with Catheter-associated UTI from Urinary Tract Infection. Initial vitals: T 38.1 C, HR 114, BP 92/48, SpO2 92%. History: COPD; kidney function Normal; allergy None known; prior antibiotic exposure in 90d 0; previous resistant organism None known. Culture status Positive.",1,0.53007936,1,True Positive
PX-104712,ENC-20254712,True,2025-12-11 15:20:32,Clinical Patient 4713,52,Female,Not applicable,Emergency Department,33,Active Inpatient,Primary bacteremia,Bloodstream Infection,Enterococcus faecalis,39.0,95,83,46,95,23,26.6,,Normal,Normal,None known,,0,None in prior 90 days,0,ESBL,0.152,0.572,57.2,Medium,0.433,0.383,0.306,0.329,-0.02,0.08,-0.025,-0.02,-0.02,0.05,"Clinical explanation: AMR risk is medium with prior antibiotic exposure=0, prior resistant organism=ESBL, and ward resistance rate=15.2%. Review feature attributions before making a clinical decision.",Piperacillin-Tazobactam,Cefepime + Vancomycin,66.9,No renal adjustment flag,No renal adjustment flag,Override,Alternative source-control plan,Clinician-selected regimen,Positive,2025-12-12 15:20:32,Enterococcus faecalis,Other MDR,Concordant,Improved,No,Prior resistant organism,"Admitted to Emergency Department with Primary bacteremia from Bloodstream Infection. Initial vitals: T 39.0 C, HR 95, BP 83/46, SpO2 95%. History: None; kidney function Normal; allergy None known; prior antibiotic exposure in 90d 0; previous resistant organism ESBL. Culture status Positive.",1,0.59395576,1,True Positive
PX-104735,ENC-20254735,True,2025-12-13 04:00:22,Clinical Patient 4736,60,Female,Not applicable,ICU,27,Active Inpatient,Complicated intra-abdominal infection,Intra-abdominal Infection,K. pneumoniae,37.5,109,115,78,88,19,35.1,Heart failure,Mild impairment,Normal,None known,,0,None in prior 90 days,0,None known,0.338,0.697,69.7,High,0.515,0.336,0.547,0.295,-0.02,-0.02,0.022,0.06,0.04,0.05,"Clinical explanation: AMR risk is high with prior antibiotic exposure=0, prior resistant organism=None known, and ward resistance rate=33.8%. Review feature attributions before making a clinical decision.",Meropenem + Vancomycin,Ceftazidime-Avibactam,73.2,Renal adjustment review required,Renal adjustment review required,Modify,Dose/frequency adjusted after clinical review,Ceftazidime-Avibactam,Positive,2025-12-17 04:00:22,K. pneumoniae,None detected,Discordant,Escalated care,Yes,Renal impairment,"Admitted to ICU with Complicated intra-abdominal infection from Intra-abdominal Infection. Initial vitals: T 37.5 C, HR 109, BP 115/78, SpO2 88%. History: Heart failure; kidney function Mild impairment; allergy None known; prior antibiotic exposure in 90d 0; previous resistant organism None known. Culture status Positive.",0,0.45525366,0,True Negative
PX-104739,ENC-20254739,True,2025-12-13 18:09:37,Clinical Patient 4740,31,Male,Not applicable,General Medicine,27,Active Inpatient,Appendicitis with abscess,Intra-abdominal Infection,K. pneumoniae,38.3,105,85,50,95,20,22.9,,AKI,Normal,None known,,2,Cefepime,5,None known,0.38,0.653,65.3,High,0.488,0.425,0.385,0.413,0.06,-0.02,0.033,-0.02,-0.02,-0.02,"Clinical explanation: AMR risk is high with prior antibiotic exposure=2, prior resistant organism=None known, and ward resistance rate=38.0%. Review feature attributions before making a clinical decision.",Meropenem + Vancomycin,Ceftazidime-Avibactam,66.2,Renal adjustment review required,Renal adjustment review required,Accept,Clinician accepted the displayed first-line option,Meropenem + Vancomycin,Positive,2025-12-17 18:09:37,K. pneumoniae,ESBL,Concordant,Recovered,No,Missing/unknown clinical field,"Admitted to General Medicine with Appendicitis with abscess from Intra-abdominal Infection. Initial vitals: T 38.3 C, HR 105, BP 85/50, SpO2 95%. History: None; kidney function AKI; allergy None known; prior antibiotic exposure in 90d 2; previous resistant organism None known. Culture status Positive.",1,0.5035275,1,True Positive
PX-104740,ENC-20254740,True,2025-12-13 18:34:48,Clinical Patient 4741,58,Female,Not applicable,Emergency Department,39,Discharged,Biliary tract infection,Intra-abdominal Infection,Enterococcus faecalis,38.4,51,109,69,99,18,14.2,,Mild impairment,Normal,Cephalosporin,IgE-mediated,0,None prior,0,None known,0.282,0.243,24.3,Low,0.252,0.172,0.215,0.082,-0.02,-0.02,0.008,-0.02,-0.02,-0.02,"Clinical explanation: AMR risk is low with prior antibiotic exposure=0, prior resistant organism=None known, and ward resistance rate=28.2%. Review feature attributions before making a clinical decision.",Ceftriaxone,Cefepime,68.6,Renal adjustment review required,Documented Cephalosporin allergy | Renal adjustment review required,Modify,Dose/frequency adjusted after clinical review,Cefepime,Positive,2025-12-17 18:34:48,Enterococcus faecalis,None detected,Concordant,Recovered,No,Renal impairment,"Admitted to Emergency Department with Biliary tract infection from Intra-abdominal Infection. Initial vitals: T 38.4 C, HR 51, BP 109/69, SpO2 99%. History: None; kidney function Mild impairment; allergy Cephalosporin; prior antibiotic exposure in 90d 0; previous resistant organism None known. Culture status Positive.",0,0.24079867,0,True Negative
PX-104750,ENC-20254750,True,2025-12-14 04:53:21,Clinical Patient 4751,89,Male,Not applicable,General Medicine,15,Active Inpatient,Biliary tract infection,Intra-abdominal Infection,S. pneumoniae,38.8,95,128,84,97,14,10.0,,Moderate impairment,Normal,None known,,0,None prior,0,None known,0.21,0.369,36.9,Medium,0.301,0.304,0.332,0.103,-0.02,-0.02,-0.01,-0.02,-0.02,0.05,"Clinical explanation: AMR risk is medium with prior antibiotic exposure=0, prior resistant organism=None known, and ward resistance rate=21.0%. Review feature attributions before making a clinical decision.",Piperacillin-Tazobactam,Cefepime + Vancomycin,82.7,Renal adjustment review required,Renal adjustment review required,Accept,Clinician accepted the displayed first-line option,Piperacillin-Tazobactam,Positive,2025-12-16 04:53:21,S. pneumoniae,ESBL,Discordant,Improved,No,Renal impairment,"Admitted to General Medicine with Biliary tract infection from Intra-abdominal Infection. Initial vitals: T 38.8 C, HR 95, BP 128/84, SpO2 97%. History: None; kidney function Moderate impairment; allergy None known; prior antibiotic exposure in 90d 0; previous resistant organism None known. Culture status Positive.",1,0.25818178,0,False Negative (Type II Error - Critical Missed Resistance)
PX-104773,ENC-20254773,True,2025-12-15 21:33:29,Clinical Patient 4774,47,Female,No,Emergency Department,6,Active Inpatient,Complicated intra-abdominal infection,Intra-abdominal Infection,Mixed flora,38.7,95,160,93,95,13,8.2,,Normal,Normal,Penicillin,IgE-mediated,0,None in prior 90 days,0,None known,0.21,0.214,21.4,Low,0.176,0.148,0.155,0.135,-0.02,-0.02,-0.01,-0.02,-0.02,0.05,"Clinical explanation: AMR risk is low with prior antibiotic exposure=0, prior resistant organism=None known, and ward resistance rate=21.0%. Review feature attributions before making a clinical decision.",Ceftriaxone,Cefepime,68.8,No renal adjustment flag,Documented Penicillin allergy,Accept,Clinician accepted the displayed first-line option,Ceftriaxone,Positive,2025-12-16 21:33:29,Enterococcus faecalis,Other MDR,Discordant,Improved,No,Allergy/safety edge case,"Admitted to Emergency Department with Complicated intra-abdominal infection from Intra-abdominal Infection. Initial vitals: T 38.7 C, HR 95, BP 160/93, SpO2 95%. History: None; kidney function Normal; allergy Penicillin; prior antibiotic exposure in 90d 0; previous resistant organism None known. Culture status Positive.",1,0.29550534,0,False Negative (Type II Error - Critical Missed Resistance)
PX-104792,ENC-20254792,True,2025-12-17 06:11:21,Clinical Patient 4793,61,Male,Not applicable,Emergency Department,2,Transferred,Severe CAP,Community-Acquired Pneumonia,Enterobacter cloacae complex,38.5,79,148,85,92,15,20.5,Cancer; Diabetes; Heart failure,Normal,Normal,Cephalosporin,Mild/rash,1,Piperacillin-Tazobactam,14,None known,0.193,0.393,39.3,Medium,0.277,0.178,0.307,0.302,0.02,-0.02,-0.014,-0.02,0.04,-0.02,"Clinical explanation: AMR risk is medium with prior antibiotic exposure=1, prior resistant organism=None known, and ward resistance rate=19.3%. Review feature attributions before making a clinical decision.",Piperacillin-Tazobactam,Cefepime + Vancomycin,70.4,No renal adjustment flag,Documented Cephalosporin allergy,Accept,Clinician accepted the displayed first-line option,Piperacillin-Tazobactam,Positive,2025-12-19 06:11:21,Enterobacter cloacae complex,Other MDR,Discordant,No documented outcome,No,Allergy/safety edge case,"Admitted to Emergency Department with Severe CAP from Community-Acquired Pneumonia. Initial vitals: T 38.5 C, HR 79, BP 148/85, SpO2 92%. History: Cancer; Diabetes; Heart failure; kidney function Normal; allergy Cephalosporin; prior antibiotic exposure in 90d 1; previous resistant organism None known. Culture status Positive.",1,0.4441906,0,False Negative (Type II Error - Critical Missed Resistance)
PX-104796,ENC-20254796,True,2025-12-17 10:35:24,Clinical Patient 4797,75,Male,Not applicable,General Medicine,11,Active Inpatient,Primary bacteremia,Bloodstream Infection,S. aureus,39.9,113,87,52,95,22,27.4,,Moderate impairment,Normal,None known,,1,Cefepime,5,None known,0.269,0.551,55.1,Medium,0.509,0.208,0.538,0.316,0.02,-0.02,0.005,-0.02,-0.02,0.05,"Clinical explanation: AMR risk is medium with prior antibiotic exposure=1, prior resistant organism=None known, and ward resistance rate=26.9%. Review feature attributions before making a clinical decision.",Piperacillin-Tazobactam,Cefepime + Vancomycin,84.1,Renal adjustment review required,Renal adjustment review required,Modify,Dose/frequency adjusted after clinical review,Cefepime + Vancomycin,Positive,2025-12-20 10:35:24,S. aureus,MRSA,Concordant,Improved,No,Renal impairment,"Admitted to General Medicine with Primary bacteremia from Bloodstream Infection. Initial vitals: T 39.9 C, HR 113, BP 87/52, SpO2 95%. History: None; kidney function Moderate impairment; allergy None known; prior antibiotic exposure in 90d 1; previous resistant organism None known. Culture status Positive.",1,0.4113165,0,False Negative (Type II Error - Critical Missed Resistance)
PX-104799,ENC-20254799,True,2025-12-17 15:36:34,Clinical Patient 4800,64,Male,Not applicable,Emergency Department,13,Active Inpatient,Severe HAP,Hospital-Acquired Pneumonia,Enterococcus faecalis,39.0,136,118,73,93,25,17.6,Heart failure,AKI,Mild impairment,None known,,0,None in prior 90 days,0,None known,0.176,0.21,21.0,Low,0.195,0.157,0.194,0.062,-0.02,-0.02,-0.019,-0.02,0.04,0.05,"Clinical explanation: AMR risk is low with prior antibiotic exposure=0, prior resistant organism=None known, and ward resistance rate=17.6%. Review feature attributions before making a clinical decision.",Ceftriaxone,Cefepime,94.8,Renal adjustment review required,Renal adjustment review required,Accept,Clinician accepted the displayed first-line option,Ceftriaxone,Positive,2025-12-20 15:36:34,Enterococcus faecalis,Other MDR,Discordant,Recovered,No,Standard scenario,"Admitted to Emergency Department with Severe HAP from Hospital-Acquired Pneumonia. Initial vitals: T 39.0 C, HR 136, BP 118/73, SpO2 93%. History: Heart failure; kidney function AKI; allergy None known; prior antibiotic exposure in 90d 0; previous resistant organism None known. Culture status Positive.",1,0.38161984,0,False Negative (Type II Error - Critical Missed Resistance)
PX-104800,ENC-20254800,True,2025-12-17 20:54:42,Clinical Patient 4801,69,Female,Not applicable,Surgical Ward,10,Discharged,Aspiration pneumonia,Community-Acquired Pneumonia,No organism identified,37.5,116,131,74,90,26,25.6,,Mild impairment,Normal,Penicillin,Anaphylaxis,1,Levofloxacin,7,None known,0.342,0.442,44.2,Medium,0.451,0.332,0.263,0.157,0.02,-0.02,0.023,-0.02,-0.02,0.05,"Clinical explanation: AMR risk is medium with prior antibiotic exposure=1, prior resistant organism=None known, and ward resistance rate=34.2%. Review feature attributions before making a clinical decision.",Piperacillin-Tazobactam,Cefepime + Vancomycin,81.7,Renal adjustment review required,Documented Penicillin allergy | Renal adjustment review required,Accept,Clinician accepted the displayed first-line option,Piperacillin-Tazobactam,Positive,2025-12-21 20:54:42,S. aureus,MRSA,Discordant,Improved,No,Renal impairment,"Admitted to Surgical Ward with Aspiration pneumonia from Community-Acquired Pneumonia. Initial vitals: T 37.5 C, HR 116, BP 131/74, SpO2 90%. History: None; kidney function Mild impairment; allergy Penicillin; prior antibiotic exposure in 90d 1; previous resistant organism None known. Culture status Positive.",1,0.56047946,1,True Positive
PX-104801,ENC-20254801,True,2025-12-17 22:12:28,Clinical Patient 4802,49,Female,No,ICU,38,Active Inpatient,Aspiration pneumonia,Community-Acquired Pneumonia,P. aeruginosa,38.0,103,97,50,91,26,33.9,Cancer,Mild impairment,Normal,None known,,0,None prior,0,None known,0.424,0.592,59.2,Medium,0.651,0.422,0.336,0.41,-0.02,-0.02,0.043,0.06,0.04,-0.02,"Clinical explanation: AMR risk is medium with prior antibiotic exposure=0, prior resistant organism=None known, and ward resistance rate=42.4%. Review feature attributions before making a clinical decision.",Piperacillin-Tazobactam,Cefepime + Vancomycin,82.0,Renal adjustment review required,Renal adjustment review required,Modify,Dose/frequency adjusted after clinical review,Cefepime + Vancomycin,Positive,2025-12-21 22:12:28,P. aeruginosa,None detected,Discordant,Improved,No,Renal impairment,"Admitted to ICU with Aspiration pneumonia from Community-Acquired Pneumonia. Initial vitals: T 38.0 C, HR 103, BP 97/50, SpO2 91%. History: Cancer; kidney function Mild impairment; allergy None known; prior antibiotic exposure in 90d 0; previous resistant organism None known. Culture status Positive.",0,0.5299033,1,False Positive (Type I Error)
PX-104815,ENC-20254815,True,2025-12-19 01:39:32,Clinical Patient 4816,75,Female,Not applicable,ICU,20,Active Inpatient,Late-onset VAP,Ventilator-Associated Pneumonia,Mixed flora,38.6,104,80,45,89,25,23.6,CKD,Normal,Normal,None known,,2,Amoxicillin-Clavulanate,7,CRE,0.376,0.941,94.1,High,0.81,0.526,0.438,0.425,0.06,0.08,0.032,0.06,0.04,0.05,"Clinical explanation: AMR risk is high with prior antibiotic exposure=2, prior resistant organism=CRE, and ward resistance rate=37.6%. Review feature attributions before making a clinical decision.",Meropenem + Vancomycin,Ceftazidime-Avibactam,78.4,No renal adjustment flag,No renal adjustment flag,Modify,Dose/frequency adjusted after clinical review,Ceftazidime-Avibactam,Positive,2025-12-23 01:39:32,S. aureus,MRSA,Concordant,Recovered,No,Prior resistant organism,"Admitted to ICU with Late-onset VAP from Ventilator-Associated Pneumonia. Initial vitals: T 38.6 C, HR 104, BP 80/45, SpO2 89%. History: CKD; kidney function Normal; allergy None known; prior antibiotic exposure in 90d 2; previous resistant organism CRE. Culture status Positive.",1,0.8390423,1,True Positive
PX-104869,ENC-20254869,True,2025-12-22 13:05:18,Clinical Patient 4870,42,Female,Yes,Emergency Department,34,Discharged,Complicated intra-abdominal infection,Intra-abdominal Infection,No organism identified,37.3,72,111,74,95,20,21.1,Diabetes,Mild impairment,Normal,None known,,0,None in prior 90 days,0,MRSA,0.156,0.492,49.2,Medium,0.478,0.166,0.277,0.388,-0.02,0.08,-0.024,-0.02,0.04,-0.02,"Clinical explanation: AMR risk is medium with prior antibiotic exposure=0, prior resistant organism=MRSA, and ward resistance rate=15.6%. Review feature attributions before making a clinical decision.",Piperacillin-Tazobactam,Cefepime + Vancomycin,88.0,Renal adjustment review required,Renal adjustment review required,Modify,Dose/frequency adjusted after clinical review,Cefepime + Vancomycin,Positive,2025-12-26 13:05:18,K. pneumoniae,Other MDR,Discordant,Escalated care,Yes,Renal impairment,"Admitted to Emergency Department with Complicated intra-abdominal infection from Intra-abdominal Infection. Initial vitals: T 37.3 C, HR 72, BP 111/74, SpO2 95%. History: Diabetes; kidney function Mild impairment; allergy None known; prior antibiotic exposure in 90d 0; previous resistant organism MRSA. Culture status Positive.",1,0.50344706,1,True Positive
PX-104877,ENC-20254877,True,2025-12-23 00:24:45,Clinical Patient 4878,44,Male,Not applicable,General Medicine,3,Active Inpatient,VAP,Ventilator-Associated Pneumonia,Mixed flora,39.2,135,110,69,94,24,36.6,CKD; Immunosuppression; Liver disease,Moderate impairment,Normal,None known,,0,None prior,0,None known,0.248,0.444,44.4,Medium,0.389,0.148,0.209,0.17,-0.02,-0.02,-0.001,-0.02,0.04,0.05,"Clinical explanation: AMR risk is medium with prior antibiotic exposure=0, prior resistant organism=None known, and ward resistance rate=24.8%. Review feature attributions before making a clinical decision.",Piperacillin-Tazobactam,Cefepime + Vancomycin,72.6,Renal adjustment review required,Renal adjustment review required,Accept,Clinician accepted the displayed first-line option,Piperacillin-Tazobactam,Positive,2025-12-24 00:24:45,K. pneumoniae,CRE,Discordant,Improved,No,Renal impairment,"Admitted to General Medicine with VAP from Ventilator-Associated Pneumonia. Initial vitals: T 39.2 C, HR 135, BP 110/69, SpO2 94%. History: CKD; Immunosuppression; Liver disease; kidney function Moderate impairment; allergy None known; prior antibiotic exposure in 90d 0; previous resistant organism None known. Culture status Positive.",1,0.23670064,0,False Negative (Type II Error - Critical Missed Resistance)
PX-104879,ENC-20254879,True,2025-12-23 05:03:18,Clinical Patient 4880,76,Male,Not applicable,Surgical Ward,2,Active Inpatient,Urosepsis,Urinary Tract Infection,No organism identified,38.5,75,115,72,95,13,27.6,CKD; Cancer; Diabetes,Normal,Normal,None known,,1,Amoxicillin-Clavulanate,7,None known,0.326,0.56,56.0,Medium,0.574,0.261,0.42,0.417,0.02,-0.02,0.019,-0.02,0.04,-0.02,"Clinical explanation: AMR risk is medium with prior antibiotic exposure=1, prior resistant organism=None known, and ward resistance rate=32.6%. Review feature attributions before making a clinical decision.",Piperacillin-Tazobactam,Cefepime + Vancomycin,66.9,No renal adjustment flag,No renal adjustment flag,Accept,Clinician accepted the displayed first-line option,Piperacillin-Tazobactam,Positive,2025-12-27 05:03:18,E. coli,ESBL,Concordant,Treatment modified after deterioration,Yes,Standard scenario,"Admitted to Surgical Ward with Urosepsis from Urinary Tract Infection. Initial vitals: T 38.5 C, HR 75, BP 115/72, SpO2 95%. History: CKD; Cancer; Diabetes; kidney function Normal; allergy None known; prior antibiotic exposure in 90d 1; previous resistant organism None known. Culture status Positive.",1,0.50341403,1,True Positive
PX-104900,ENC-20254900,True,2025-12-25 02:46:09,Clinical Patient 4901,45,Male,Not applicable,ICU,7,Transferred,Severe CAP,Community-Acquired Pneumonia,K. pneumoniae,39.1,96,95,57,83,20,160.3,Liver disease,Moderate impairment,Normal,None known,,0,None prior,0,None known,0.407,0.227,22.7,Low,0.202,0.09,0.173,0.177,-0.02,-0.02,0.039,0.06,0.04,0.05,"Clinical explanation: AMR risk is low with prior antibiotic exposure=0, prior resistant organism=None known, and ward resistance rate=40.7%. Review feature attributions before making a clinical decision.",Ceftriaxone,Cefepime,65.9,Renal adjustment review required,Renal adjustment review required,Pending,Decision not yet recorded,Clinician-selected regimen,Positive,2025-12-28 02:46:09,K. pneumoniae,ESBL,Discordant,Recovered,No,Renal impairment,"Admitted to ICU with Severe CAP from Community-Acquired Pneumonia. Initial vitals: T 39.1 C, HR 96, BP 95/57, SpO2 83%. History: Liver disease; kidney function Moderate impairment; allergy None known; prior antibiotic exposure in 90d 0; previous resistant organism None known. Culture status Positive.",1,0.507596,1,True Positive
PX-104923,ENC-20254923,True,2025-12-26 10:10:17,Clinical Patient 4924,40,Male,Not applicable,General Medicine,38,Active Inpatient,Severe CAP,Community-Acquired Pneumonia,S. aureus,38.4,84,137,83,93,27,197.1,Cancer,Moderate impairment,Normal,None known,,1,Ertapenem,3,None known,0.194,0.483,48.3,Medium,0.474,0.411,0.273,0.272,0.02,-0.02,-0.014,-0.02,0.04,-0.02,"Clinical explanation: AMR risk is medium with prior antibiotic exposure=1, prior resistant organism=None known, and ward resistance rate=19.4%. Review feature attributions before making a clinical decision.",Piperacillin-Tazobactam,Cefepime + Vancomycin,70.5,Renal adjustment review required,Renal adjustment review required,Modify,Dose/frequency adjusted after clinical review,Cefepime + Vancomycin,Positive,2025-12-28 10:10:17,S. aureus,None detected,Concordant,Recovered,No,Renal impairment,"Admitted to General Medicine with Severe CAP from Community-Acquired Pneumonia. Initial vitals: T 38.4 C, HR 84, BP 137/83, SpO2 93%. History: Cancer; kidney function Moderate impairment; allergy None known; prior antibiotic exposure in 90d 1; previous resistant organism None known. Culture status Positive.",0,0.3614753,0,True Negative
PX-104928,ENC-20254928,True,2025-12-26 22:04:04,Clinical Patient 4929,92,Male,Not applicable,Surgical Ward,25,Discharged,Superficial SSI,Surgical Site Infection,S. pneumoniae,38.3,67,148,90,96,19,16.5,,Mild impairment,Normal,Sulfonamide,IgE-mediated,0,None in prior 90 days,0,None known,0.317,0.738,73.8,High,0.556,0.277,0.446,0.27,-0.02,-0.02,0.017,-0.02,-0.02,-0.02,"Clinical explanation: AMR risk is high with prior antibiotic exposure=0, prior resistant organism=None known, and ward resistance rate=31.7%. Review feature attributions before making a clinical decision.",Meropenem + Vancomycin,Ceftazidime-Avibactam,69.0,Renal adjustment review required,Documented Sulfonamide allergy | Renal adjustment review required,Accept,Clinician accepted the displayed first-line option,Meropenem + Vancomycin,Positive,2025-12-30 22:04:04,S. pneumoniae,Other MDR,Concordant,Improved,No,Renal impairment,"Admitted to Surgical Ward with Superficial SSI from Surgical Site Infection. Initial vitals: T 38.3 C, HR 67, BP 148/90, SpO2 96%. History: None; kidney function Mild impairment; allergy Sulfonamide; prior antibiotic exposure in 90d 0; previous resistant organism None known. Culture status Positive.",1,0.27607417,0,False Negative (Type II Error - Critical Missed Resistance)
PX-104945,ENC-20254945,True,2025-12-28 05:18:36,Clinical Patient 4946,69,Male,Not applicable,Emergency Department,18,Active Inpatient,Appendicitis with abscess,Intra-abdominal Infection,No organism identified,36.9,91,122,77,100,16,12.4,,Normal,Normal,None known,,0,None in prior 90 days,0,None known,0.229,0.147,14.7,Low,0.139,0.074,0.126,0.102,-0.02,-0.02,-0.005,-0.02,-0.02,-0.02,"Clinical explanation: AMR risk is low with prior antibiotic exposure=0, prior resistant organism=None known, and ward resistance rate=22.9%. Review feature attributions before making a clinical decision.",Ceftriaxone,Cefepime,79.3,No renal adjustment flag,No renal adjustment flag,Accept,Clinician accepted the displayed first-line option,Ceftriaxone,Positive,2025-12-31 05:18:36,E. coli,None detected,Concordant,Improved,No,Missing/unknown clinical field,"Admitted to Emergency Department with Appendicitis with abscess from Intra-abdominal Infection. Initial vitals: T 36.9 C, HR 91, BP 122/77, SpO2 100%. History: None; kidney function Normal; allergy None known; prior antibiotic exposure in 90d 0; previous resistant organism None known. Culture status Positive.",0,0.25656238,0,True Negative
PX-104984,ENC-20254984,True,2025-12-30 22:22:39,Clinical Patient 4985,36,Female,No,General Medicine,37,Active Inpatient,Aspiration pneumonia,Community-Acquired Pneumonia,P. aeruginosa,38.3,92,119,65,92,27,17.2,Immunosuppression,Normal,Normal,None known,,1,Ceftriaxone + Azithromycin,7,None known,0.346,0.433,43.3,Medium,0.418,0.256,0.28,0.135,0.02,-0.02,0.024,-0.02,0.04,-0.02,"Clinical explanation: AMR risk is medium with prior antibiotic exposure=1, prior resistant organism=None known, and ward resistance rate=34.6%. Review feature attributions before making a clinical decision.",Piperacillin-Tazobactam,Cefepime + Vancomycin,71.5,No renal adjustment flag,No renal adjustment flag,Accept,Clinician accepted the displayed first-line option,Piperacillin-Tazobactam,Positive,2025-12-31 22:22:39,P. aeruginosa,None detected,Concordant,Recovered,No,Standard scenario,"Admitted to General Medicine with Aspiration pneumonia from Community-Acquired Pneumonia. Initial vitals: T 38.3 C, HR 92, BP 119/65, SpO2 92%. History: Immunosuppression; kidney function Normal; allergy None known; prior antibiotic exposure in 90d 1; previous resistant organism None known. Culture status Positive.",0,0.3843661,0,True Negative
PX-104992,ENC-20254992,True,2025-12-31 13:59:14,Clinical Patient 4993,24,Female,No,General Medicine,5,Active Inpatient,Severe HAP,Hospital-Acquired Pneumonia,S. aureus,38.1,121,111,56,85,23,116.4,Immunosuppression,Normal,Normal,None known,,1,Vancomycin,28,ESBL,0.306,0.931,93.1,High,0.661,0.837,0.832,0.187,0.02,0.08,0.014,-0.02,0.04,0.05,"Clinical explanation: AMR risk is high with prior antibiotic exposure=1, prior resistant organism=ESBL, and ward resistance rate=30.6%. Review feature attributions before making a clinical decision.",Meropenem + Vancomycin,Ceftazidime-Avibactam,76.1,No renal adjustment flag,No renal adjustment flag,Accept,Clinician accepted the displayed first-line option,Meropenem + Vancomycin,Positive,2026-01-01 13:59:14,S. aureus,MRSA,Concordant,Improved,No,Prior resistant organism,"Admitted to General Medicine with Severe HAP from Hospital-Acquired Pneumonia. Initial vitals: T 38.1 C, HR 121, BP 111/56, SpO2 85%. History: Immunosuppression; kidney function Normal; allergy None known; prior antibiotic exposure in 90d 1; previous resistant organism ESBL. Culture status Positive.",1,0.7434004,1,True Positive
PX-105003,ENC-20255003,True,2026-01-01 05:12:29,Clinical Patient 5004,40,Female,Yes,General Medicine,23,Active Inpatient,Early-onset VAP,Ventilator-Associated Pneumonia,Enterococcus faecalis,37.2,115,77,42,96,24,43.8,,Normal,Normal,Penicillin,Mild/rash,1,Meropenem,7,MRSA,0.345,0.715,71.5,High,0.766,0.446,0.346,0.427,0.02,0.08,0.024,-0.02,-0.02,0.05,"Clinical explanation: AMR risk is high with prior antibiotic exposure=1, prior resistant organism=MRSA, and ward resistance rate=34.5%. Review feature attributions before making a clinical decision.",Meropenem + Vancomycin,Ceftazidime-Avibactam,84.3,No renal adjustment flag,Documented Penicillin allergy,Accept,Clinician accepted the displayed first-line option,Meropenem + Vancomycin,Positive,2026-01-04 05:12:29,Enterococcus faecalis,None detected,Discordant,Improved,No,Allergy/safety edge case,"Admitted to General Medicine with Early-onset VAP from Ventilator-Associated Pneumonia. Initial vitals: T 37.2 C, HR 115, BP 77/42, SpO2 96%. History: None; kidney function Normal; allergy Penicillin; prior antibiotic exposure in 90d 1; previous resistant organism MRSA. Culture status Positive.",0,0.74934334,1,False Positive (Type I Error)
PX-105021,ENC-20255021,True,2026-01-02 11:35:26,Clinical Patient 5022,92,Male,Not applicable,Surgical Ward,4,Active Inpatient,Peritonitis,Intra-abdominal Infection,S. pneumoniae,38.9,105,120,72,96,10,14.7,Cancer; Hypertension,Normal,Normal,None known,,1,Cefepime,10,None known,0.424,0.77,77.0,High,0.696,0.484,0.615,0.161,0.02,-0.02,0.043,-0.02,0.04,0.05,"Clinical explanation: AMR risk is high with prior antibiotic exposure=1, prior resistant organism=None known, and ward resistance rate=42.4%. Review feature attributions before making a clinical decision.",Meropenem + Vancomycin,Ceftazidime-Avibactam,67.3,No renal adjustment flag,No renal adjustment flag,Accept,Clinician accepted the displayed first-line option,Meropenem + Vancomycin,Positive,2026-01-03 11:35:26,S. pneumoniae,ESBL,Concordant,Escalated care,Yes,Standard scenario,"Admitted to Surgical Ward with Peritonitis from Intra-abdominal Infection. Initial vitals: T 38.9 C, HR 105, BP 120/72, SpO2 96%. History: Cancer; Hypertension; kidney function Normal; allergy None known; prior antibiotic exposure in 90d 1; previous resistant organism None known. Culture status Positive.",1,0.61562675,1,True Positive
PX-105037,ENC-20255037,True,2026-01-03 18:00:43,Clinical Patient 5038,47,Female,No,Emergency Department,19,Transferred,Pyelonephritis,Urinary Tract Infection,K. pneumoniae,38.4,76,135,77,97,16,19.0,Hypertension,Normal,Mild impairment,Cephalosporin,,1,Ceftriaxone,3,ESBL,0.231,0.524,52.4,Medium,0.422,0.34,0.454,0.317,0.02,0.08,-0.005,-0.02,0.04,-0.02,"Clinical explanation: AMR risk is medium with prior antibiotic exposure=1, prior resistant organism=ESBL, and ward resistance rate=23.1%. Review feature attributions before making a clinical decision.",Piperacillin-Tazobactam,Cefepime + Vancomycin,74.6,No renal adjustment flag,Documented Cephalosporin allergy,Accept,Clinician accepted the displayed first-line option,Piperacillin-Tazobactam,Positive,2026-01-04 18:00:43,K. pneumoniae,ESBL,Concordant,Treatment modified after deterioration,Yes,Allergy/safety edge case,"Admitted to Emergency Department with Pyelonephritis from Urinary Tract Infection. Initial vitals: T 38.4 C, HR 76, BP 135/77, SpO2 97%. History: Hypertension; kidney function Normal; allergy Cephalosporin; prior antibiotic exposure in 90d 1; previous resistant organism ESBL. Culture status Positive.",1,0.47219673,0,False Negative (Type II Error - Critical Missed Resistance)
PX-105043,ENC-20255043,True,2026-01-04 07:30:19,Clinical Patient 5044,68,Male,Not applicable,Surgical Ward,29,Active Inpatient,Suspected bacteremia,Bloodstream Infection,S. pneumoniae,38.2,107,110,58,94,21,59.7,Liver disease,Moderate impairment,Mild impairment,None known,,2,Vancomycin,28,None known,0.391,0.932,93.2,High,0.95,0.505,0.669,0.502,0.06,-0.02,0.035,-0.02,0.04,0.05,"Clinical explanation: AMR risk is high with prior antibiotic exposure=2, prior resistant organism=None known, and ward resistance rate=39.1%. Review feature attributions before making a clinical decision.",Meropenem + Vancomycin,Ceftazidime-Avibactam,65.1,Renal adjustment review required,Renal adjustment review required,Override,Alternative source-control plan,Clinician-selected regimen,Positive,2026-01-06 07:30:19,S. pneumoniae,MRSA,Concordant,Improved,No,Renal impairment,"Admitted to Surgical Ward with Suspected bacteremia from Bloodstream Infection. Initial vitals: T 38.2 C, HR 107, BP 110/58, SpO2 94%. History: Liver disease; kidney function Moderate impairment; allergy None known; prior antibiotic exposure in 90d 2; previous resistant organism None known. Culture status Positive.",1,0.72183144,1,True Positive
PX-105077,ENC-20255077,True,2026-01-06 19:27:40,Clinical Patient 5078,75,Male,Not applicable,Emergency Department,35,Active Inpatient,Primary bacteremia,Bloodstream Infection,E. coli,37.5,148,98,62,94,20,38.6,CKD; Immunosuppression,Moderate impairment,Mild impairment,None known,,0,None in prior 90 days,0,None known,0.193,0.289,28.9,Low,0.203,0.222,0.172,0.211,-0.02,-0.02,-0.014,-0.02,0.04,0.05,"Clinical explanation: AMR risk is low with prior antibiotic exposure=0, prior resistant organism=None known, and ward resistance rate=19.3%. Review feature attributions before making a clinical decision.",Ceftriaxone,Cefepime,92.1,Renal adjustment review required,Renal adjustment review required,Accept,Clinician accepted the displayed first-line option,Ceftriaxone,Positive,2026-01-08 19:27:40,E. coli,Other MDR,Discordant,Recovered,No,Renal impairment,"Admitted to Emergency Department with Primary bacteremia from Bloodstream Infection. Initial vitals: T 37.5 C, HR 148, BP 98/62, SpO2 94%. History: CKD; Immunosuppression; kidney function Moderate impairment; allergy None known; prior antibiotic exposure in 90d 0; previous resistant organism None known. Culture status Positive.",1,0.3220288,0,False Negative (Type II Error - Critical Missed Resistance)
PX-105088,ENC-20255088,True,2026-01-07 11:45:26,Clinical Patient 5089,51,Female,Not applicable,Surgical Ward,3,Active Inpatient,Wound infection,Skin/Soft Tissue Infection,Mixed flora,38.2,97,126,81,94,19,22.1,,Moderate impairment,Normal,None known,,1,Meropenem,3,ESBL,0.306,0.792,79.2,High,0.616,0.407,0.462,0.583,0.02,0.08,0.014,-0.02,-0.02,-0.02,"Clinical explanation: AMR risk is high with prior antibiotic exposure=1, prior resistant organism=ESBL, and ward resistance rate=30.6%. Review feature attributions before making a clinical decision.",Meropenem + Vancomycin,Ceftazidime-Avibactam,92.0,Renal adjustment review required,Renal adjustment review required,Accept,Clinician accepted the displayed first-line option,Meropenem + Vancomycin,Positive,2026-01-11 11:45:26,E. coli,ESBL,Concordant,Treatment modified after deterioration,Yes,Renal impairment,"Admitted to Surgical Ward with Wound infection from Skin/Soft Tissue Infection. Initial vitals: T 38.2 C, HR 97, BP 126/81, SpO2 94%. History: None; kidney function Moderate impairment; allergy None known; prior antibiotic exposure in 90d 1; previous resistant organism ESBL. Culture status Positive.",1,0.77707714,1,True Positive
PX-105094,ENC-20255094,True,2026-01-07 21:11:42,Clinical Patient 5095,79,Male,Not applicable,ICU,39,Active Inpatient,Appendicitis with abscess,Intra-abdominal Infection,Enterococcus faecalis,38.7,148,83,62,94,23,37.8,Heart failure; Hypertension,Normal,Severe impairment,None known,,2,Piperacillin-Tazobactam,3,None known,0.366,0.338,33.8,Medium,0.27,0.187,0.19,0.144,0.06,-0.02,0.029,0.06,0.04,0.05,"Clinical explanation: AMR risk is medium with prior antibiotic exposure=2, prior resistant organism=None known, and ward resistance rate=36.6%. Review feature attributions before making a clinical decision.",Piperacillin-Tazobactam,Cefepime + Vancomycin,71.1,No renal adjustment flag,No renal adjustment flag,Accept,Clinician accepted the displayed first-line option,Piperacillin-Tazobactam,Positive,2026-01-11 21:11:42,Enterococcus faecalis,None detected,Concordant,Recovered,No,Standard scenario,"Admitted to ICU with Appendicitis with abscess from Intra-abdominal Infection. Initial vitals: T 38.7 C, HR 148, BP 83/62, SpO2 94%. History: Heart failure; Hypertension; kidney function Normal; allergy None known; prior antibiotic exposure in 90d 2; previous resistant organism None known. Culture status Positive.",0,0.56872034,1,False Positive (Type I Error)
PX-105104,ENC-20255104,True,2026-01-08 22:12:21,Clinical Patient 5105,66,Male,Not applicable,Surgical Ward,38,Active Inpatient,Biliary tract infection,Intra-abdominal Infection,Enterococcus faecalis,38.5,82,94,55,93,21,6.4,Liver disease,Moderate impairment,Mild impairment,Penicillin,Anaphylaxis,0,None in prior 90 days,0,CRE,0.385,0.536,53.6,Medium,0.511,0.378,0.498,0.176,-0.02,0.08,0.034,-0.02,0.04,-0.02,"Clinical explanation: AMR risk is medium with prior antibiotic exposure=0, prior resistant organism=CRE, and ward resistance rate=38.5%. Review feature attributions before making a clinical decision.",Piperacillin-Tazobactam,Cefepime + Vancomycin,69.0,Renal adjustment review required,Documented Penicillin allergy | Renal adjustment review required,Accept,Clinician accepted the displayed first-line option,Piperacillin-Tazobactam,Positive,2026-01-11 22:12:21,Enterococcus faecalis,None detected,Discordant,Recovered,No,Renal impairment,"Admitted to Surgical Ward with Biliary tract infection from Intra-abdominal Infection. Initial vitals: T 38.5 C, HR 82, BP 94/55, SpO2 93%. History: Liver disease; kidney function Moderate impairment; allergy Penicillin; prior antibiotic exposure in 90d 0; previous resistant organism CRE. Culture status Positive.",0,0.7109006,1,False Positive (Type I Error)
PX-105121,ENC-20255121,True,2026-01-09 21:25:58,Clinical Patient 5122,81,Male,Not applicable,General Medicine,21,Active Inpatient,Severe CAP,Community-Acquired Pneumonia,Enterobacter cloacae complex,36.3,105,152,87,95,20,11.7,Cancer,Normal,Normal,None known,,1,Ceftriaxone + Azithromycin,10,None known,0.278,0.486,48.6,Medium,0.342,0.322,0.334,0.247,0.02,-0.02,0.007,-0.02,0.04,-0.02,"Clinical explanation: AMR risk is medium with prior antibiotic exposure=1, prior resistant organism=None known, and ward resistance rate=27.8%. Review feature attributions before making a clinical decision.",Piperacillin-Tazobactam,Cefepime + Vancomycin,69.8,No renal adjustment flag,No renal adjustment flag,Modify,Dose/frequency adjusted after clinical review,Cefepime + Vancomycin,Positive,2026-01-13 21:25:58,Enterobacter cloacae complex,None detected,Concordant,Improved,No,Standard scenario,"Admitted to General Medicine with Severe CAP from Community-Acquired Pneumonia. Initial vitals: T 36.3 C, HR 105, BP 152/87, SpO2 95%. History: Cancer; kidney function Normal; allergy None known; prior antibiotic exposure in 90d 1; previous resistant organism None known. Culture status Positive.",0,0.5615766,1,False Positive (Type I Error)
PX-105122,ENC-20255122,True,2026-01-09 22:36:44,Clinical Patient 5123,59,Female,Not applicable,General Medicine,8,Active Inpatient,Appendicitis with abscess,Intra-abdominal Infection,P. aeruginosa,38.9,101,125,77,96,15,11.9,,Normal,Normal,Penicillin,IgE-mediated,1,Meropenem,7,None known,0.274,0.34,34.0,Medium,0.249,0.215,0.272,0.166,0.02,-0.02,0.006,-0.02,-0.02,0.05,"Clinical explanation: AMR risk is medium with prior antibiotic exposure=1, prior resistant organism=None known, and ward resistance rate=27.4%. Review feature attributions before making a clinical decision.",Piperacillin-Tazobactam,Cefepime + Vancomycin,90.1,No renal adjustment flag,Documented Penicillin allergy,Accept,Clinician accepted the displayed first-line option,Piperacillin-Tazobactam,Positive,2026-01-11 22:36:44,P. aeruginosa,None detected,Concordant,Recovered,No,Allergy/safety edge case,"Admitted to General Medicine with Appendicitis with abscess from Intra-abdominal Infection. Initial vitals: T 38.9 C, HR 101, BP 125/77, SpO2 96%. History: None; kidney function Normal; allergy Penicillin; prior antibiotic exposure in 90d 1; previous resistant organism None known. Culture status Positive.",0,0.41652703,0,True Negative
PX-105123,ENC-20255123,True,2026-01-10 00:33:26,Clinical Patient 5124,43,Female,No,ICU,9,Active Inpatient,Early-onset VAP,Ventilator-Associated Pneumonia,Enterobacter cloacae complex,38.1,100,99,55,91,23,152.9,,Mild impairment,Normal,None known,,1,Vancomycin,14,None known,0.529,0.743,74.3,High,0.787,0.393,0.323,0.185,0.02,-0.02,0.07,0.06,-0.02,-0.02,"Clinical explanation: AMR risk is high with prior antibiotic exposure=1, prior resistant organism=None known, and ward resistance rate=52.9%. Review feature attributions before making a clinical decision.",Meropenem + Vancomycin,Ceftazidime-Avibactam,68.7,Renal adjustment review required,Renal adjustment review required,Accept,Clinician accepted the displayed first-line option,Meropenem + Vancomycin,Positive,2026-01-14 00:33:26,Enterobacter cloacae complex,CRE,Concordant,Improved,No,Renal impairment,"Admitted to ICU with Early-onset VAP from Ventilator-Associated Pneumonia. Initial vitals: T 38.1 C, HR 100, BP 99/55, SpO2 91%. History: None; kidney function Mild impairment; allergy None known; prior antibiotic exposure in 90d 1; previous resistant organism None known. Culture status Positive.",1,0.6928016,1,True Positive
PX-105127,ENC-20255127,True,2026-01-10 04:26:38,Clinical Patient 5128,77,Female,Not applicable,General Medicine,36,Active Inpatient,Aspiration pneumonia,Community-Acquired Pneumonia,E. coli,37.2,113,76,45,88,19,76.4,,AKI,Normal,None known,,4,Cefepime,3,None known,0.255,0.645,64.5,High,0.491,0.529,0.645,0.374,0.14,-0.02,0.001,-0.02,-0.02,0.05,"Clinical explanation: AMR risk is high with prior antibiotic exposure=4, prior resistant organism=None known, and ward resistance rate=25.5%. Review feature attributions before making a clinical decision.",Meropenem + Vancomycin,Ceftazidime-Avibactam,81.8,Renal adjustment review required,Renal adjustment review required,Accept,Clinician accepted the displayed first-line option,Meropenem + Vancomycin,Positive,2026-01-14 04:26:38,E. coli,ESBL,Concordant,Recovered,No,Boundary vitals,"Admitted to General Medicine with Aspiration pneumonia from Community-Acquired Pneumonia. Initial vitals: T 37.2 C, HR 113, BP 76/45, SpO2 88%. History: None; kidney function AKI; allergy None known; prior antibiotic exposure in 90d 4; previous resistant organism None known. Culture status Positive.",1,0.5849041,1,True Positive
PX-105162,ENC-20255162,True,2026-01-12 06:12:02,Clinical Patient 5163,70,Female,Not applicable,General Medicine,10,Active Inpatient,Complicated UTI,Urinary Tract Infection,S. pneumoniae,38.7,91,112,75,96,20,6.8,,Normal,Normal,None known,,0,None prior,0,None known,0.263,0.182,18.2,Low,0.155,0.145,0.11,0.07,-0.02,-0.02,0.003,-0.02,-0.02,0.05,"Clinical explanation: AMR risk is low with prior antibiotic exposure=0, prior resistant organism=None known, and ward resistance rate=26.3%. Review feature attributions before making a clinical decision.",Ceftriaxone,Cefepime,95.2,No renal adjustment flag,No renal adjustment flag,Accept,Clinician accepted the displayed first-line option,Ceftriaxone,Positive,2026-01-15 06:12:02,S. pneumoniae,None detected,Concordant,Improved,No,Missing/unknown clinical field,"Admitted to General Medicine with Complicated UTI from Urinary Tract Infection. Initial vitals: T 38.7 C, HR 91, BP 112/75, SpO2 96%. History: None; kidney function Normal; allergy None known; prior antibiotic exposure in 90d 0; previous resistant organism None known. Culture status Positive.",0,0.2587491,0,True Negative
PX-105196,ENC-20255196,True,2026-01-15 02:31:11,Clinical Patient 5197,74,Male,Not applicable,General Medicine,19,Active Inpatient,Complicated skin infection,Skin/Soft Tissue Infection,No organism identified,37.7,83,137,84,97,21,12.5,CKD; COPD; Heart failure,Normal,Normal,None known,,0,None in prior 90 days,0,MDR Pseudomonas,0.231,0.619,61.9,High,0.68,0.244,0.523,0.278,-0.02,0.08,-0.005,-0.02,0.04,-0.02,"Clinical explanation: AMR risk is high with prior antibiotic exposure=0, prior resistant organism=MDR Pseudomonas, and ward resistance rate=23.1%. Review feature attributions before making a clinical decision.",Meropenem + Vancomycin,Ceftazidime-Avibactam,91.0,No renal adjustment flag,No renal adjustment flag,Accept,Clinician accepted the displayed first-line option,Meropenem + Vancomycin,Positive,2026-01-16 02:31:11,K. pneumoniae,ESBL,Concordant,Escalated care,Yes,Prior resistant organism,"Admitted to General Medicine with Complicated skin infection from Skin/Soft Tissue Infection. Initial vitals: T 37.7 C, HR 83, BP 137/84, SpO2 97%. History: CKD; COPD; Heart failure; kidney function Normal; allergy None known; prior antibiotic exposure in 90d 0; previous resistant organism MDR Pseudomonas. Culture status Positive.",1,0.5151365,1,True Positive
PX-105200,ENC-20255200,True,2026-01-15 09:16:16,Clinical Patient 5201,39,Female,No,ICU,37,Active Inpatient,CAP,Community-Acquired Pneumonia,E. coli,39.0,97,121,67,91,19,10.6,CKD; COPD; Diabetes,Severe impairment,Normal,None known,,0,None prior,0,MDR Pseudomonas,0.376,0.836,83.6,High,0.641,0.46,0.745,0.255,-0.02,0.08,0.032,0.06,0.04,0.05,"Clinical explanation: AMR risk is high with prior antibiotic exposure=0, prior resistant organism=MDR Pseudomonas, and ward resistance rate=37.6%. Review feature attributions before making a clinical decision.",Meropenem + Vancomycin,Ceftazidime-Avibactam,95.2,Renal adjustment review required,Renal adjustment review required,Accept,Clinician accepted the displayed first-line option,Meropenem + Vancomycin,Positive,2026-01-19 09:16:16,E. coli,ESBL,Concordant,Recovered,No,Renal impairment,"Admitted to ICU with CAP from Community-Acquired Pneumonia. Initial vitals: T 39.0 C, HR 97, BP 121/67, SpO2 91%. History: CKD; COPD; Diabetes; kidney function Severe impairment; allergy None known; prior antibiotic exposure in 90d 0; previous resistant organism MDR Pseudomonas. Culture status Positive.",1,0.6164487,1,True Positive
PX-105209,ENC-20255209,True,2026-01-15 16:36:27,Clinical Patient 5210,55,Female,Not applicable,ICU,3,Active Inpatient,Biliary tract infection,Intra-abdominal Infection,Enterococcus faecalis,38.6,108,94,55,89,20,102.2,COPD,AKI,Moderate impairment,Sulfonamide,IgE-mediated,1,Azithromycin,5,None known,0.5,0.416,41.6,Medium,0.385,0.225,0.26,0.086,0.02,-0.02,0.062,0.06,0.04,0.05,"Clinical explanation: AMR risk is medium with prior antibiotic exposure=1, prior resistant organism=None known, and ward resistance rate=50.0%. Review feature attributions before making a clinical decision.",Piperacillin-Tazobactam,Cefepime + Vancomycin,88.8,Renal adjustment review required,Documented Sulfonamide allergy | Renal adjustment review required,Modify,Dose/frequency adjusted after clinical review,Cefepime + Vancomycin,Positive,2026-01-18 16:36:27,Enterococcus faecalis,MRSA,Discordant,Recovered,No,Allergy/safety edge case,"Admitted to ICU with Biliary tract infection from Intra-abdominal Infection. Initial vitals: T 38.6 C, HR 108, BP 94/55, SpO2 89%. History: COPD; kidney function AKI; allergy Sulfonamide; prior antibiotic exposure in 90d 1; previous resistant organism None known. Culture status Positive.",1,0.6910274,1,True Positive
PX-105279,ENC-20255279,True,2026-01-21 00:43:45,Clinical Patient 5280,51,Female,Not applicable,General Medicine,2,Active Inpatient,Suspected bacteremia,Bloodstream Infection,S. pneumoniae,39.0,96,87,60,96,16,38.6,,Mild impairment,Mild impairment,Penicillin,IgE-mediated,0,None in prior 90 days,0,None known,0.197,0.455,45.5,Medium,0.341,0.203,0.226,0.128,-0.02,-0.02,-0.013,-0.02,-0.02,0.05,"Clinical explanation: AMR risk is medium with prior antibiotic exposure=0, prior resistant organism=None known, and ward resistance rate=19.7%. Review feature attributions before making a clinical decision.",Piperacillin-Tazobactam,Cefepime + Vancomycin,90.2,Renal adjustment review required,Documented Penicillin allergy | Renal adjustment review required,Accept,Clinician accepted the displayed first-line option,Piperacillin-Tazobactam,Positive,2026-01-22 00:43:45,S. pneumoniae,ESBL,Discordant,Improved,No,Renal impairment,"Admitted to General Medicine with Suspected bacteremia from Bloodstream Infection. Initial vitals: T 39.0 C, HR 96, BP 87/60, SpO2 96%. History: None; kidney function Mild impairment; allergy Penicillin; prior antibiotic exposure in 90d 0; previous resistant organism None known. Culture status Positive.",1,0.21412721,0,False Negative (Type II Error - Critical Missed Resistance)
PX-105285,ENC-20255285,True,2026-01-21 13:19:40,Clinical Patient 5286,71,Male,Not applicable,General Medicine,25,Active Inpatient,Complicated UTI,Urinary Tract Infection,E. coli,38.5,108,97,46,95,19,44.7,,Normal,Normal,None known,,4,Levofloxacin,28,None known,0.288,0.758,75.8,High,0.602,0.286,0.312,0.238,0.14,-0.02,0.009,-0.02,-0.02,0.05,"Clinical explanation: AMR risk is high with prior antibiotic exposure=4, prior resistant organism=None known, and ward resistance rate=28.8%. Review feature attributions before making a clinical decision.",Meropenem + Vancomycin,Ceftazidime-Avibactam,78.8,No renal adjustment flag,No renal adjustment flag,Accept,Clinician accepted the displayed first-line option,Meropenem + Vancomycin,Positive,2026-01-22 13:19:40,E. coli,ESBL,Concordant,Improved,No,Missing/unknown clinical field,"Admitted to General Medicine with Complicated UTI from Urinary Tract Infection. Initial vitals: T 38.5 C, HR 108, BP 97/46, SpO2 95%. History: None; kidney function Normal; allergy None known; prior antibiotic exposure in 90d 4; previous resistant organism None known. Culture status Positive.",1,0.5821911,1,True Positive
PX-105343,ENC-20255343,True,2026-01-25 22:55:18,Clinical Patient 5344,57,Male,Not applicable,General Medicine,13,Active Inpatient,Appendicitis with abscess,Intra-abdominal Infection,Enterobacter cloacae complex,35.5,128,124,66,97,19,289.2,Cancer; Hypertension,Normal,Normal,None known,,2,Ertapenem,10,MRSA,0.327,0.892,89.2,High,0.859,0.435,0.84,0.265,0.06,0.08,0.019,-0.02,0.04,0.05,"Clinical explanation: AMR risk is high with prior antibiotic exposure=2, prior resistant organism=MRSA, and ward resistance rate=32.7%. Review feature attributions before making a clinical decision.",Meropenem + Vancomycin,Ceftazidime-Avibactam,87.0,No renal adjustment flag,No renal adjustment flag,Accept,Clinician accepted the displayed first-line option,Meropenem + Vancomycin,Positive,2026-01-27 22:55:18,Enterobacter cloacae complex,ESBL,Concordant,Treatment modified after deterioration,Yes,Prior resistant organism,"Admitted to General Medicine with Appendicitis with abscess from Intra-abdominal Infection. Initial vitals: T 35.5 C, HR 128, BP 124/66, SpO2 97%. History: Cancer; Hypertension; kidney function Normal; allergy None known; prior antibiotic exposure in 90d 2; previous resistant organism MRSA. Culture status Positive.",1,0.8238727,1,True Positive
PX-105349,ENC-20255349,True,2026-01-26 13:31:57,Clinical Patient 5350,76,Female,Not applicable,ICU,19,Active Inpatient,Pyelonephritis,Urinary Tract Infection,Enterococcus faecalis,36.3,134,113,60,88,26,11.4,Hypertension; Immunosuppression,Normal,Mild impairment,None known,,2,Azithromycin,28,None known,0.423,0.836,83.6,High,0.613,0.303,0.423,0.219,0.06,-0.02,0.043,0.06,0.04,0.05,"Clinical explanation: AMR risk is high with prior antibiotic exposure=2, prior resistant organism=None known, and ward resistance rate=42.3%. Review feature attributions before making a clinical decision.",Meropenem + Vancomycin,Ceftazidime-Avibactam,89.7,No renal adjustment flag,No renal adjustment flag,Modify,Dose/frequency adjusted after clinical review,Ceftazidime-Avibactam,Positive,2026-01-28 13:31:57,Enterococcus faecalis,ESBL,Concordant,Improved,No,Standard scenario,"Admitted to ICU with Pyelonephritis from Urinary Tract Infection. Initial vitals: T 36.3 C, HR 134, BP 113/60, SpO2 88%. History: Hypertension; Immunosuppression; kidney function Normal; allergy None known; prior antibiotic exposure in 90d 2; previous resistant organism None known. Culture status Positive.",1,0.70603675,1,True Positive
PX-105370,ENC-20255370,True,2026-01-28 00:59:34,Clinical Patient 5371,52,Female,Not applicable,ICU,8,Active Inpatient,Complicated UTI,Urinary Tract Infection,K. pneumoniae,40.0,124,102,59,87,23,65.6,Diabetes,Normal,Normal,None known,,0,None prior,0,None known,0.391,0.603,60.3,High,0.629,0.43,0.511,0.386,-0.02,-0.02,0.035,0.06,0.04,0.05,"Clinical explanation: AMR risk is high with prior antibiotic exposure=0, prior resistant organism=None known, and ward resistance rate=39.1%. Review feature attributions before making a clinical decision.",Meropenem + Vancomycin,Ceftazidime-Avibactam,69.3,No renal adjustment flag,No renal adjustment flag,Override,Alternative source-control plan,Clinician-selected regimen,Positive,2026-01-30 00:59:34,K. pneumoniae,CRE,Concordant,Improved,No,Boundary vitals,"Admitted to ICU with Complicated UTI from Urinary Tract Infection. Initial vitals: T 40.0 C, HR 124, BP 102/59, SpO2 87%. History: Diabetes; kidney function Normal; allergy None known; prior antibiotic exposure in 90d 0; previous resistant organism None known. Culture status Positive.",1,0.41634482,0,False Negative (Type II Error - Critical Missed Resistance)
PX-105377,ENC-20255377,True,2026-01-28 18:35:57,Clinical Patient 5378,71,Male,Not applicable,General Medicine,5,Active Inpatient,CAP,Community-Acquired Pneumonia,S. aureus,37.9,73,131,76,92,22,1.7,CKD; COPD,Normal,Normal,None known,,1,Ceftriaxone + Azithromycin,5,None known,0.133,0.338,33.8,Medium,0.268,0.193,0.3,0.19,0.02,-0.02,-0.029,-0.02,0.04,-0.02,"Clinical explanation: AMR risk is medium with prior antibiotic exposure=1, prior resistant organism=None known, and ward resistance rate=13.3%. Review feature attributions before making a clinical decision.",Piperacillin-Tazobactam,Cefepime + Vancomycin,69.7,No renal adjustment flag,No renal adjustment flag,Override,Alternative source-control plan,Clinician-selected regimen,Positive,2026-01-31 18:35:57,S. aureus,None detected,Concordant,Improved,No,Standard scenario,"Admitted to General Medicine with CAP from Community-Acquired Pneumonia. Initial vitals: T 37.9 C, HR 73, BP 131/76, SpO2 92%. History: CKD; COPD; kidney function Normal; allergy None known; prior antibiotic exposure in 90d 1; previous resistant organism None known. Culture status Positive.",0,0.38467,0,True Negative
PX-105413,ENC-20255413,True,2026-01-31 05:49:49,Clinical Patient 5414,63,Male,Not applicable,Surgical Ward,2,Discharged,Diverticulitis with perforation,Intra-abdominal Infection,Enterobacter cloacae complex,38.9,116,117,69,96,19,8.2,Diabetes,Normal,Normal,None known,,1,Ciprofloxacin,14,None known,0.267,0.515,51.5,Medium,0.51,0.191,0.401,0.389,0.02,-0.02,0.004,-0.02,0.04,0.05,"Clinical explanation: AMR risk is medium with prior antibiotic exposure=1, prior resistant organism=None known, and ward resistance rate=26.7%. Review feature attributions before making a clinical decision.",Piperacillin-Tazobactam,Cefepime + Vancomycin,69.8,No renal adjustment flag,No renal adjustment flag,Modify,Dose/frequency adjusted after clinical review,Cefepime + Vancomycin,Positive,2026-02-01 05:49:49,Enterobacter cloacae complex,Other MDR,Concordant,Recovered,No,Standard scenario,"Admitted to Surgical Ward with Diverticulitis with perforation from Intra-abdominal Infection. Initial vitals: T 38.9 C, HR 116, BP 117/69, SpO2 96%. History: Diabetes; kidney function Normal; allergy None known; prior antibiotic exposure in 90d 1; previous resistant organism None known. Culture status Positive.",1,0.4837789,0,False Negative (Type II Error - Critical Missed Resistance)
PX-105425,ENC-20255425,True,2026-02-01 04:10:57,Clinical Patient 5426,61,Female,Not applicable,General Medicine,40,Discharged,Peritonitis,Intra-abdominal Infection,P. aeruginosa,38.5,128,75,38,94,13,33.2,,Moderate impairment,Normal,Penicillin,IgE-mediated,2,Ciprofloxacin,5,MDR Pseudomonas,0.245,0.914,91.4,High,0.724,0.489,0.762,0.523,0.06,0.08,-0.001,-0.02,-0.02,0.05,"Clinical explanation: AMR risk is high with prior antibiotic exposure=2, prior resistant organism=MDR Pseudomonas, and ward resistance rate=24.5%. Review feature attributions before making a clinical decision.",Meropenem + Vancomycin,Ceftazidime-Avibactam,95.8,Renal adjustment review required,Documented Penicillin allergy | Renal adjustment review required,Accept,Clinician accepted the displayed first-line option,Meropenem + Vancomycin,Positive,2026-02-02 04:10:57,P. aeruginosa,MDR Pseudomonas,Concordant,Improved,No,Renal impairment,"Admitted to General Medicine with Peritonitis from Intra-abdominal Infection. Initial vitals: T 38.5 C, HR 128, BP 75/38, SpO2 94%. History: None; kidney function Moderate impairment; allergy Penicillin; prior antibiotic exposure in 90d 2; previous resistant organism MDR Pseudomonas. Culture status Positive.",1,0.7176525,1,True Positive
PX-105429,ENC-20255429,True,2026-02-01 08:13:08,Clinical Patient 5430,75,Male,Not applicable,Emergency Department,17,Active Inpatient,Urosepsis,Urinary Tract Infection,K. pneumoniae,38.8,92,103,50,96,18,43.0,Liver disease,Mild impairment,Normal,None known,,5,Ceftriaxone,5,ESBL,0.167,0.881,88.1,High,0.628,0.732,0.608,0.207,0.18,0.08,-0.021,-0.02,0.04,0.05,"Clinical explanation: AMR risk is high with prior antibiotic exposure=5, prior resistant organism=ESBL, and ward resistance rate=16.7%. Review feature attributions before making a clinical decision.",Meropenem + Vancomycin,Ceftazidime-Avibactam,95.1,Renal adjustment review required,Renal adjustment review required,Override,Alternative source-control plan,Clinician-selected regimen,Positive,2026-02-03 08:13:08,K. pneumoniae,None detected,Discordant,Recovered,No,Renal impairment,"Admitted to Emergency Department with Urosepsis from Urinary Tract Infection. Initial vitals: T 38.8 C, HR 92, BP 103/50, SpO2 96%. History: Liver disease; kidney function Mild impairment; allergy None known; prior antibiotic exposure in 90d 5; previous resistant organism ESBL. Culture status Positive.",0,0.6685624,1,False Positive (Type I Error)
PX-105431,ENC-20255431,True,2026-02-01 11:11:42,Clinical Patient 5432,56,Female,Not applicable,Emergency Department,17,Active Inpatient,Severe HAP,Hospital-Acquired Pneumonia,P. aeruginosa,35.9,117,74,54,93,28,43.1,CKD; Diabetes; Hypertension,Normal,Normal,None known,,0,None prior,0,None known,0.151,0.23,23.0,Low,0.215,0.154,0.095,0.053,-0.02,-0.02,-0.025,-0.02,0.04,0.05,"Clinical explanation: AMR risk is low with prior antibiotic exposure=0, prior resistant organism=None known, and ward resistance rate=15.1%. Review feature attributions before making a clinical decision.",Ceftriaxone,Cefepime,78.2,No renal adjustment flag,No renal adjustment flag,Accept,Clinician accepted the displayed first-line option,Ceftriaxone,Positive,2026-02-04 11:11:42,P. aeruginosa,MDR Pseudomonas,Discordant,Improved,No,Boundary vitals,"Admitted to Emergency Department with Severe HAP from Hospital-Acquired Pneumonia. Initial vitals: T 35.9 C, HR 117, BP 74/54, SpO2 93%. History: CKD; Diabetes; Hypertension; kidney function Normal; allergy None known; prior antibiotic exposure in 90d 0; previous resistant organism None known. Culture status Positive.",1,0.33951768,0,False Negative (Type II Error - Critical Missed Resistance)
PX-105461,ENC-20255461,True,2026-02-03 10:46:07,Clinical Patient 5462,44,Female,No,Emergency Department,32,Discharged,Complicated skin infection,Skin/Soft Tissue Infection,P. aeruginosa,37.3,87,135,77,98,19,50.9,Cancer,Unknown,Normal,Penicillin,IgE-mediated,0,None prior,0,None known,0.18,0.171,17.1,Low,0.149,0.086,0.171,0.112,-0.02,-0.02,-0.018,-0.02,0.04,-0.02,"Clinical explanation: AMR risk is low with prior antibiotic exposure=0, prior resistant organism=None known, and ward resistance rate=18.0%. Review feature attributions before making a clinical decision.",Ceftriaxone,Cefepime,66.4,No renal adjustment flag,Documented Penicillin allergy,Accept,Clinician accepted the displayed first-line option,Ceftriaxone,Positive,2026-02-04 10:46:07,P. aeruginosa,None detected,Concordant,Improved,No,Allergy/safety edge case,"Admitted to Emergency Department with Complicated skin infection from Skin/Soft Tissue Infection. Initial vitals: T 37.3 C, HR 87, BP 135/77, SpO2 98%. History: Cancer; kidney function Unknown; allergy Penicillin; prior antibiotic exposure in 90d 0; previous resistant organism None known. Culture status Positive.",0,0.22099179,0,True Negative
PX-105474,ENC-20255474,True,2026-02-04 12:19:36,Clinical Patient 5475,52,Male,Not applicable,Surgical Ward,28,Discharged,VAP,Ventilator-Associated Pneumonia,E. coli,39.1,106,65,35,92,23,300.9,,Normal,Mild impairment,None known,,1,Levofloxacin,21,None known,0.301,0.717,71.7,High,0.732,0.223,0.527,0.552,0.02,-0.02,0.013,-0.02,-0.02,0.05,"Clinical explanation: AMR risk is high with prior antibiotic exposure=1, prior resistant organism=None known, and ward resistance rate=30.1%. Review feature attributions before making a clinical decision.",Meropenem + Vancomycin,Ceftazidime-Avibactam,84.6,No renal adjustment flag,No renal adjustment flag,Modify,Dose/frequency adjusted after clinical review,Ceftazidime-Avibactam,Positive,2026-02-06 12:19:36,E. coli,ESBL,Concordant,Improved,No,Boundary vitals,"Admitted to Surgical Ward with VAP from Ventilator-Associated Pneumonia. Initial vitals: T 39.1 C, HR 106, BP 65/35, SpO2 92%. History: None; kidney function Normal; allergy None known; prior antibiotic exposure in 90d 1; previous resistant organism None known. Culture status Positive.",1,0.6575361,1,True Positive
PX-105486,ENC-20255486,True,2026-02-04 21:18:45,Clinical Patient 5487,28,Female,No,General Medicine,18,Active Inpatient,Suspected bacteremia,Bloodstream Infection,S. pneumoniae,35.5,128,97,60,98,20,45.4,,Normal,Normal,None known,,0,None prior,0,None known,0.162,0.152,15.2,Low,0.134,0.093,0.136,0.049,-0.02,-0.02,-0.022,-0.02,-0.02,0.05,"Clinical explanation: AMR risk is low with prior antibiotic exposure=0, prior resistant organism=None known, and ward resistance rate=16.2%. Review feature attributions before making a clinical decision.",Ceftriaxone,Cefepime,82.2,No renal adjustment flag,No renal adjustment flag,Accept,Clinician accepted the displayed first-line option,Ceftriaxone,Positive,2026-02-07 21:18:45,S. pneumoniae,None detected,Concordant,Recovered,No,Missing/unknown clinical field,"Admitted to General Medicine with Suspected bacteremia from Bloodstream Infection. Initial vitals: T 35.5 C, HR 128, BP 97/60, SpO2 98%. History: None; kidney function Normal; allergy None known; prior antibiotic exposure in 90d 0; previous resistant organism None known. Culture status Positive.",0,0.2135079,0,True Negative
PX-105503,ENC-20255503,True,2026-02-06 18:56:24,Clinical Patient 5504,62,Male,Not applicable,Emergency Department,26,Discharged,Severe HAP,Hospital-Acquired Pneumonia,Enterobacter cloacae complex,38.5,93,86,49,87,20,76.6,Liver disease,Severe impairment,Normal,Sulfonamide,IgE-mediated,2,Ceftriaxone + Azithromycin,3,None known,0.212,0.616,61.6,High,0.667,0.315,0.551,0.337,0.06,-0.02,-0.01,-0.02,0.04,-0.02,"Clinical explanation: AMR risk is high with prior antibiotic exposure=2, prior resistant organism=None known, and ward resistance rate=21.2%. Review feature attributions before making a clinical decision.",Meropenem + Vancomycin,Ceftazidime-Avibactam,82.0,Renal adjustment review required,Documented Sulfonamide allergy | Renal adjustment review required,Accept,Clinician accepted the displayed first-line option,Meropenem + Vancomycin,Positive,2026-02-10 18:56:24,Enterobacter cloacae complex,ESBL,Concordant,Recovered,No,Renal impairment,"Admitted to Emergency Department with Severe HAP from Hospital-Acquired Pneumonia. Initial vitals: T 38.5 C, HR 93, BP 86/49, SpO2 87%. History: Liver disease; kidney function Severe impairment; allergy Sulfonamide; prior antibiotic exposure in 90d 2; previous resistant organism None known. Culture status Positive.",1,0.53038365,1,True Positive
PX-105516,ENC-20255516,True,2026-02-07 10:49:01,Clinical Patient 5517,71,Male,Not applicable,General Medicine,26,Discharged,Complicated UTI,Urinary Tract Infection,No organism identified,37.0,93,121,78,99,20,18.1,Heart failure,Normal,Normal,None known,,0,None prior,0,None known,0.239,0.54,54.0,Medium,0.562,0.366,0.372,0.212,-0.02,-0.02,-0.003,-0.02,0.04,-0.02,"Clinical explanation: AMR risk is medium with prior antibiotic exposure=0, prior resistant organism=None known, and ward resistance rate=23.9%. Review feature attributions before making a clinical decision.",Piperacillin-Tazobactam,Cefepime + Vancomycin,71.4,No renal adjustment flag,No renal adjustment flag,Modify,Dose/frequency adjusted after clinical review,Cefepime + Vancomycin,Positive,2026-02-09 10:49:01,K. pneumoniae,None detected,Discordant,Recovered,No,Standard scenario,"Admitted to General Medicine with Complicated UTI from Urinary Tract Infection. Initial vitals: T 37.0 C, HR 93, BP 121/78, SpO2 99%. History: Heart failure; kidney function Normal; allergy None known; prior antibiotic exposure in 90d 0; previous resistant organism None known. Culture status Positive.",0,0.25407007,0,True Negative
PX-105528,ENC-20255528,True,2026-02-08 04:12:10,Clinical Patient 5529,62,Female,Not applicable,General Medicine,22,Active Inpatient,HAP,Hospital-Acquired Pneumonia,S. pneumoniae,35.1,119,89,54,93,27,118.1,Immunosuppression,Moderate impairment,Normal,None known,,1,Vancomycin,7,None known,0.26,0.708,70.8,High,0.61,0.258,0.299,0.511,0.02,-0.02,0.003,-0.02,0.04,0.05,"Clinical explanation: AMR risk is high with prior antibiotic exposure=1, prior resistant organism=None known, and ward resistance rate=26.0%. Review feature attributions before making a clinical decision.",Meropenem + Vancomycin,Ceftazidime-Avibactam,80.6,Renal adjustment review required,Renal adjustment review required,Accept,Clinician accepted the displayed first-line option,Meropenem + Vancomycin,Positive,2026-02-12 04:12:10,S. pneumoniae,Other MDR,Concordant,Recovered,No,Renal impairment,"Admitted to General Medicine with HAP from Hospital-Acquired Pneumonia. Initial vitals: T 35.1 C, HR 119, BP 89/54, SpO2 93%. History: Immunosuppression; kidney function Moderate impairment; allergy None known; prior antibiotic exposure in 90d 1; previous resistant organism None known. Culture status Positive.",1,0.5380308,1,True Positive
PX-105544,ENC-20255544,True,2026-02-09 17:29:11,Clinical Patient 5545,66,Female,Not applicable,Surgical Ward,13,Active Inpatient,Appendicitis with abscess,Intra-abdominal Infection,Mixed flora,37.1,77,128,77,95,19,17.7,Immunosuppression,Moderate impairment,Severe impairment,Sulfonamide,IgE-mediated,1,Ertapenem,14,None known,0.372,0.656,65.6,High,0.554,0.487,0.431,0.381,0.02,-0.02,0.03,-0.02,0.04,-0.02,"Clinical explanation: AMR risk is high with prior antibiotic exposure=1, prior resistant organism=None known, and ward resistance rate=37.2%. Review feature attributions before making a clinical decision.",Meropenem + Vancomycin,Ceftazidime-Avibactam,88.2,Renal adjustment review required,Documented Sulfonamide allergy | Renal adjustment review required,Pending,Decision not yet recorded,Clinician-selected regimen,Positive,2026-02-12 17:29:11,E. coli,None detected,Discordant,Recovered,No,Renal impairment,"Admitted to Surgical Ward with Appendicitis with abscess from Intra-abdominal Infection. Initial vitals: T 37.1 C, HR 77, BP 128/77, SpO2 95%. History: Immunosuppression; kidney function Moderate impairment; allergy Sulfonamide; prior antibiotic exposure in 90d 1; previous resistant organism None known. Culture status Positive.",0,0.5139059,1,False Positive (Type I Error)
PX-105561,ENC-20255561,True,2026-02-10 22:47:15,Clinical Patient 5562,59,Male,Not applicable,General Medicine,6,Discharged,Biliary tract infection,Intra-abdominal Infection,S. pneumoniae,39.1,113,107,63,92,14,44.8,,Normal,Mild impairment,Cephalosporin,IgE-mediated,4,Levofloxacin,5,None known,0.284,0.546,54.6,Medium,0.55,0.472,0.378,0.29,0.14,-0.02,0.008,-0.02,-0.02,0.05,"Clinical explanation: AMR risk is medium with prior antibiotic exposure=4, prior resistant organism=None known, and ward resistance rate=28.4%. Review feature attributions before making a clinical decision.",Piperacillin-Tazobactam,Cefepime + Vancomycin,74.8,No renal adjustment flag,Documented Cephalosporin allergy,Accept,Clinician accepted the displayed first-line option,Piperacillin-Tazobactam,Positive,2026-02-11 22:47:15,S. pneumoniae,None detected,Discordant,Improved,No,Allergy/safety edge case,"Admitted to General Medicine with Biliary tract infection from Intra-abdominal Infection. Initial vitals: T 39.1 C, HR 113, BP 107/63, SpO2 92%. History: None; kidney function Normal; allergy Cephalosporin; prior antibiotic exposure in 90d 4; previous resistant organism None known. Culture status Positive.",0,0.48108035,0,True Negative
PX-105586,ENC-20255586,True,2026-02-12 13:03:39,Clinical Patient 5587,58,Female,Not applicable,ICU,23,Active Inpatient,Cellulitis,Skin/Soft Tissue Infection,Mixed flora,39.3,89,69,37,88,25,121.7,,Mild impairment,Normal,Vancomycin,Mild/rash,2,Cefepime,10,None known,0.354,0.726,72.6,High,0.716,0.324,0.332,0.181,0.06,-0.02,0.026,0.06,-0.02,0.05,"Clinical explanation: AMR risk is high with prior antibiotic exposure=2, prior resistant organism=None known, and ward resistance rate=35.4%. Review feature attributions before making a clinical decision.",Meropenem + Vancomycin,Ceftazidime-Avibactam,88.5,Renal adjustment review required,Documented Vancomycin allergy | Renal adjustment review required,Modify,Dose/frequency adjusted after clinical review,Ceftazidime-Avibactam,Positive,2026-02-13 13:03:39,E. coli,ESBL,Concordant,Improved,No,Renal impairment,"Admitted to ICU with Cellulitis from Skin/Soft Tissue Infection. Initial vitals: T 39.3 C, HR 89, BP 69/37, SpO2 88%. History: None; kidney function Mild impairment; allergy Vancomycin; prior antibiotic exposure in 90d 2; previous resistant organism None known. Culture status Positive.",1,0.73573285,1,True Positive
PX-105587,ENC-20255587,True,2026-02-12 15:45:40,Clinical Patient 5588,69,Female,Not applicable,General Medicine,6,Active Inpatient,Severe HAP,Hospital-Acquired Pneumonia,E. coli,38.6,109,99,53,96,23,51.1,Immunosuppression,Normal,Mild impairment,Penicillin,IgE-mediated,0,None in prior 90 days,0,None known,0.237,0.5,50.0,Medium,0.409,0.321,0.37,0.282,-0.02,-0.02,-0.003,-0.02,0.04,0.05,"Clinical explanation: AMR risk is medium with prior antibiotic exposure=0, prior resistant organism=None known, and ward resistance rate=23.7%. Review feature attributions before making a clinical decision.",Piperacillin-Tazobactam,Cefepime + Vancomycin,84.8,No renal adjustment flag,Documented Penicillin allergy,Accept,Clinician accepted the displayed first-line option,Piperacillin-Tazobactam,Positive,2026-02-15 15:45:40,E. coli,None detected,Discordant,Improved,No,Allergy/safety edge case,"Admitted to General Medicine with Severe HAP from Hospital-Acquired Pneumonia. Initial vitals: T 38.6 C, HR 109, BP 99/53, SpO2 96%. History: Immunosuppression; kidney function Normal; allergy Penicillin; prior antibiotic exposure in 90d 0; previous resistant organism None known. Culture status Positive.",0,0.2962149,0,True Negative
PX-105592,ENC-20255592,True,2026-02-13 02:50:49,Clinical Patient 5593,63,Female,Not applicable,Surgical Ward,11,Active Inpatient,Severe CAP,Community-Acquired Pneumonia,K. pneumoniae,37.6,81,126,59,90,25,19.3,,Mild impairment,Normal,None known,,1,Cefepime,28,None known,0.238,0.461,46.1,Medium,0.432,0.337,0.199,0.322,0.02,-0.02,-0.003,-0.02,-0.02,-0.02,"Clinical explanation: AMR risk is medium with prior antibiotic exposure=1, prior resistant organism=None known, and ward resistance rate=23.8%. Review feature attributions before making a clinical decision.",Piperacillin-Tazobactam,Cefepime + Vancomycin,72.8,Renal adjustment review required,Renal adjustment review required,Override,Alternative source-control plan,Clinician-selected regimen,Positive,2026-02-15 02:50:49,K. pneumoniae,None detected,Concordant,Recovered,No,Renal impairment,"Admitted to Surgical Ward with Severe CAP from Community-Acquired Pneumonia. Initial vitals: T 37.6 C, HR 81, BP 126/59, SpO2 90%. History: None; kidney function Mild impairment; allergy None known; prior antibiotic exposure in 90d 1; previous resistant organism None known. Culture status Positive.",0,0.52865833,1,False Positive (Type I Error)
PX-105618,ENC-20255618,True,2026-02-14 17:26:36,Clinical Patient 5619,63,Male,Not applicable,General Medicine,32,Active Inpatient,CAP,Community-Acquired Pneumonia,K. pneumoniae,38.5,139,81,47,89,15,40.0,Heart failure,Normal,Normal,None known,,2,Azithromycin,14,None known,0.269,0.168,16.8,Low,0.182,0.072,0.123,0.05,0.06,-0.02,0.005,-0.02,0.04,0.05,"Clinical explanation: AMR risk is low with prior antibiotic exposure=2, prior resistant organism=None known, and ward resistance rate=26.9%. Review feature attributions before making a clinical decision.",Ceftriaxone,Cefepime,75.5,No renal adjustment flag,No renal adjustment flag,Accept,Clinician accepted the displayed first-line option,Ceftriaxone,Positive,2026-02-17 17:26:36,K. pneumoniae,None detected,Concordant,Treatment modified after deterioration,Yes,Standard scenario,"Admitted to General Medicine with CAP from Community-Acquired Pneumonia. Initial vitals: T 38.5 C, HR 139, BP 81/47, SpO2 89%. History: Heart failure; kidney function Normal; allergy None known; prior antibiotic exposure in 90d 2; previous resistant organism None known. Culture status Positive.",0,0.5222356,1,False Positive (Type I Error)
PX-105637,ENC-20255637,True,2026-02-16 01:16:56,Clinical Patient 5638,18,Male,Not applicable,ICU,23,Active Inpatient,Appendicitis with abscess,Intra-abdominal Infection,Enterobacter cloacae complex,38.1,128,87,44,87,28,29.9,Liver disease,Normal,Mild impairment,Penicillin,IgE-mediated,2,Ceftriaxone + Azithromycin,7,None known,0.459,0.673,67.3,High,0.561,0.281,0.642,0.184,0.06,-0.02,0.052,0.06,0.04,0.05,"Clinical explanation: AMR risk is high with prior antibiotic exposure=2, prior resistant organism=None known, and ward resistance rate=45.9%. Review feature attributions before making a clinical decision.",Meropenem + Vancomycin,Ceftazidime-Avibactam,66.8,No renal adjustment flag,Documented Penicillin allergy,Accept,Clinician accepted the displayed first-line option,Meropenem + Vancomycin,Positive,2026-02-17 01:16:56,Enterobacter cloacae complex,None detected,Discordant,Improved,No,Allergy/safety edge case,"Admitted to ICU with Appendicitis with abscess from Intra-abdominal Infection. Initial vitals: T 38.1 C, HR 128, BP 87/44, SpO2 87%. History: Liver disease; kidney function Normal; allergy Penicillin; prior antibiotic exposure in 90d 2; previous resistant organism None known. Culture status Positive.",0,0.5993636,1,False Positive (Type I Error)
PX-105649,ENC-20255649,True,2026-02-17 03:04:05,Clinical Patient 5650,63,Female,Not applicable,Surgical Ward,9,Discharged,Complicated skin infection,Skin/Soft Tissue Infection,No organism identified,38.0,88,147,92,93,19,27.4,Immunosuppression,Severe impairment,Normal,None known,,1,Ceftriaxone,7,ESBL,0.343,0.785,78.5,High,0.629,0.554,0.431,0.538,0.02,0.08,0.023,-0.02,0.04,-0.02,"Clinical explanation: AMR risk is high with prior antibiotic exposure=1, prior resistant organism=ESBL, and ward resistance rate=34.3%. Review feature attributions before making a clinical decision.",Meropenem + Vancomycin,Ceftazidime-Avibactam,73.4,Renal adjustment review required,Renal adjustment review required,Modify,Dose/frequency adjusted after clinical review,Ceftazidime-Avibactam,Positive,2026-02-19 03:04:05,S. aureus,MRSA,Concordant,Improved,No,Renal impairment,"Admitted to Surgical Ward with Complicated skin infection from Skin/Soft Tissue Infection. Initial vitals: T 38.0 C, HR 88, BP 147/92, SpO2 93%. History: Immunosuppression; kidney function Severe impairment; allergy None known; prior antibiotic exposure in 90d 1; previous resistant organism ESBL. Culture status Positive.",1,0.7405523,1,True Positive
PX-105668,ENC-20255668,True,2026-02-18 14:04:33,Clinical Patient 5669,56,Female,Not applicable,Emergency Department,12,Active Inpatient,Pyelonephritis,Urinary Tract Infection,P. aeruginosa,38.3,111,132,70,99,17,46.8,Hypertension,Normal,Normal,None known,,3,Piperacillin-Tazobactam,14,None known,0.171,0.309,30.9,Medium,0.277,0.15,0.159,0.106,0.1,-0.02,-0.02,-0.02,0.04,0.05,"Clinical explanation: AMR risk is medium with prior antibiotic exposure=3, prior resistant organism=None known, and ward resistance rate=17.1%. Review feature attributions before making a clinical decision.",Piperacillin-Tazobactam,Cefepime + Vancomycin,71.5,No renal adjustment flag,No renal adjustment flag,Override,Alternative source-control plan,Clinician-selected regimen,Positive,2026-02-21 14:04:33,P. aeruginosa,Other MDR,Discordant,Recovered,No,Standard scenario,"Admitted to Emergency Department with Pyelonephritis from Urinary Tract Infection. Initial vitals: T 38.3 C, HR 111, BP 132/70, SpO2 99%. History: Hypertension; kidney function Normal; allergy None known; prior antibiotic exposure in 90d 3; previous resistant organism None known. Culture status Positive.",1,0.50718886,1,True Positive
PX-105669,ENC-20255669,True,2026-02-18 14:45:38,Clinical Patient 5670,60,Female,Not applicable,General Medicine,9,Discharged,Aspiration pneumonia,Community-Acquired Pneumonia,K. pneumoniae,37.4,109,157,95,96,28,62.5,Hypertension,AKI,Normal,Penicillin,Mild/rash,1,Ceftriaxone,28,None known,0.289,0.771,77.1,High,0.603,0.314,0.367,0.164,0.02,-0.02,0.01,-0.02,0.04,0.05,"Clinical explanation: AMR risk is high with prior antibiotic exposure=1, prior resistant organism=None known, and ward resistance rate=28.9%. Review feature attributions before making a clinical decision.",Meropenem + Vancomycin,Ceftazidime-Avibactam,80.7,Renal adjustment review required,Documented Penicillin allergy | Renal adjustment review required,Accept,Clinician accepted the displayed first-line option,Meropenem + Vancomycin,Positive,2026-02-21 14:45:38,K. pneumoniae,ESBL,Concordant,Improved,No,Allergy/safety edge case,"Admitted to General Medicine with Aspiration pneumonia from Community-Acquired Pneumonia. Initial vitals: T 37.4 C, HR 109, BP 157/95, SpO2 96%. History: Hypertension; kidney function AKI; allergy Penicillin; prior antibiotic exposure in 90d 1; previous resistant organism None known. Culture status Positive.",1,0.61987174,1,True Positive
PX-105696,ENC-20255696,True,2026-02-20 22:11:58,Clinical Patient 5697,46,Female,No,ICU,2,Discharged,Pyelonephritis,Urinary Tract Infection,No organism identified,38.5,115,105,56,95,21,19.1,,Mild impairment,Normal,None known,,1,Ceftriaxone,5,None known,0.418,0.332,33.2,Medium,0.365,0.226,0.141,0.211,0.02,-0.02,0.042,0.06,-0.02,0.05,"Clinical explanation: AMR risk is medium with prior antibiotic exposure=1, prior resistant organism=None known, and ward resistance rate=41.8%. Review feature attributions before making a clinical decision.",Piperacillin-Tazobactam,Cefepime + Vancomycin,77.0,Renal adjustment review required,Renal adjustment review required,Accept,Clinician accepted the displayed first-line option,Piperacillin-Tazobactam,Positive,2026-02-23 22:11:58,E. coli,ESBL,Discordant,Improved,No,Renal impairment,"Admitted to ICU with Pyelonephritis from Urinary Tract Infection. Initial vitals: T 38.5 C, HR 115, BP 105/56, SpO2 95%. History: None; kidney function Mild impairment; allergy None known; prior antibiotic exposure in 90d 1; previous resistant organism None known. Culture status Positive.",1,0.40258148,0,False Negative (Type II Error - Critical Missed Resistance)
PX-105708,ENC-20255708,True,2026-02-21 21:49:03,Clinical Patient 5709,58,Female,Not applicable,General Medicine,5,Transferred,Catheter-associated UTI,Urinary Tract Infection,Enterococcus faecalis,37.5,96,133,81,96,15,12.1,,Normal,Normal,None known,,1,Levofloxacin,3,ESBL,0.219,0.534,53.4,Medium,0.529,0.344,0.31,0.282,0.02,0.08,-0.008,-0.02,-0.02,-0.02,"Clinical explanation: AMR risk is medium with prior antibiotic exposure=1, prior resistant organism=ESBL, and ward resistance rate=21.9%. Review feature attributions before making a clinical decision.",Piperacillin-Tazobactam,Cefepime + Vancomycin,81.9,No renal adjustment flag,No renal adjustment flag,Modify,Dose/frequency adjusted after clinical review,Cefepime + Vancomycin,Positive,2026-02-23 21:49:03,Enterococcus faecalis,ESBL,Concordant,Improved,No,Prior resistant organism,"Admitted to General Medicine with Catheter-associated UTI from Urinary Tract Infection. Initial vitals: T 37.5 C, HR 96, BP 133/81, SpO2 96%. History: None; kidney function Normal; allergy None known; prior antibiotic exposure in 90d 1; previous resistant organism ESBL. Culture status Positive.",1,0.6063885,1,True Positive
PX-105724,ENC-20255724,True,2026-02-23 03:39:29,Clinical Patient 5725,52,Male,Not applicable,General Medicine,29,Active Inpatient,Aspiration pneumonia,Community-Acquired Pneumonia,E. coli,37.5,103,126,67,85,25,41.1,,Moderate impairment,Normal,None known,,1,Ceftriaxone + Azithromycin,3,None known,0.233,0.189,18.9,Low,0.155,0.104,0.103,0.142,0.02,-0.02,-0.004,-0.02,-0.02,-0.02,"Clinical explanation: AMR risk is low with prior antibiotic exposure=1, prior resistant organism=None known, and ward resistance rate=23.3%. Review feature attributions before making a clinical decision.",Ceftriaxone,Cefepime,82.3,Renal adjustment review required,Renal adjustment review required,Accept,Clinician accepted the displayed first-line option,Ceftriaxone,Positive,2026-02-24 03:39:29,E. coli,None detected,Concordant,Recovered,No,Renal impairment,"Admitted to General Medicine with Aspiration pneumonia from Community-Acquired Pneumonia. Initial vitals: T 37.5 C, HR 103, BP 126/67, SpO2 85%. History: None; kidney function Moderate impairment; allergy None known; prior antibiotic exposure in 90d 1; previous resistant organism None known. Culture status Positive.",0,0.39275378,0,True Negative
PX-105730,ENC-20255730,True,2026-02-23 12:30:54,Clinical Patient 5731,86,Male,Not applicable,General Medicine,14,Active Inpatient,Wound infection,Skin/Soft Tissue Infection,S. pneumoniae,39.0,91,111,68,95,19,32.9,CKD; Cancer; Diabetes,Normal,Normal,None known,,1,Ceftriaxone,14,None known,0.367,0.809,80.9,High,0.819,0.495,0.428,0.24,0.02,-0.02,0.029,-0.02,0.04,0.05,"Clinical explanation: AMR risk is high with prior antibiotic exposure=1, prior resistant organism=None known, and ward resistance rate=36.7%. Review feature attributions before making a clinical decision.",Meropenem + Vancomycin,Ceftazidime-Avibactam,86.2,No renal adjustment flag,No renal adjustment flag,Modify,Dose/frequency adjusted after clinical review,Ceftazidime-Avibactam,Positive,2026-02-25 12:30:54,S. pneumoniae,MRSA,Concordant,Improved,No,Standard scenario,"Admitted to General Medicine with Wound infection from Skin/Soft Tissue Infection. Initial vitals: T 39.0 C, HR 91, BP 111/68, SpO2 95%. History: CKD; Cancer; Diabetes; kidney function Normal; allergy None known; prior antibiotic exposure in 90d 1; previous resistant organism None known. Culture status Positive.",1,0.5716867,1,True Positive
PX-105733,ENC-20255733,True,2026-02-23 18:59:29,Clinical Patient 5734,59,Male,Not applicable,General Medicine,15,Discharged,Urosepsis,Urinary Tract Infection,Mixed flora,37.2,88,146,80,94,20,11.5,,Normal,Normal,None known,,0,None prior,0,None known,0.284,0.219,21.9,Low,0.162,0.078,0.099,0.129,-0.02,-0.02,0.008,-0.02,-0.02,-0.02,"Clinical explanation: AMR risk is low with prior antibiotic exposure=0, prior resistant organism=None known, and ward resistance rate=28.4%. Review feature attributions before making a clinical decision.",Ceftriaxone,Cefepime,81.4,No renal adjustment flag,No renal adjustment flag,Modify,Dose/frequency adjusted after clinical review,Cefepime,Positive,2026-02-24 18:59:29,P. aeruginosa,MDR Pseudomonas,Discordant,Treatment modified after deterioration,Yes,Missing/unknown clinical field,"Admitted to General Medicine with Urosepsis from Urinary Tract Infection. Initial vitals: T 37.2 C, HR 88, BP 146/80, SpO2 94%. History: None; kidney function Normal; allergy None known; prior antibiotic exposure in 90d 0; previous resistant organism None known. Culture status Positive.",1,0.26968083,0,False Negative (Type II Error - Critical Missed Resistance)
PX-105745,ENC-20255745,True,2026-02-24 18:46:38,Clinical Patient 5746,28,Female,No,Surgical Ward,32,Active Inpatient,Late-onset VAP,Ventilator-Associated Pneumonia,E. coli,38.5,106,81,56,91,20,120.1,Cancer,AKI,Mild impairment,Cephalosporin,Mild/rash,2,Ceftriaxone,7,None known,0.372,0.777,77.7,High,0.812,0.462,0.555,0.299,0.06,-0.02,0.03,-0.02,0.04,0.05,"Clinical explanation: AMR risk is high with prior antibiotic exposure=2, prior resistant organism=None known, and ward resistance rate=37.2%. Review feature attributions before making a clinical decision.",Meropenem + Vancomycin,Ceftazidime-Avibactam,83.8,Renal adjustment review required,Documented Cephalosporin allergy | Renal adjustment review required,Modify,Dose/frequency adjusted after clinical review,Ceftazidime-Avibactam,Positive,2026-02-25 18:46:38,E. coli,ESBL,Concordant,Improved,No,Allergy/safety edge case,"Admitted to Surgical Ward with Late-onset VAP from Ventilator-Associated Pneumonia. Initial vitals: T 38.5 C, HR 106, BP 81/56, SpO2 91%. History: Cancer; kidney function AKI; allergy Cephalosporin; prior antibiotic exposure in 90d 2; previous resistant organism None known. Culture status Positive.",1,0.597346,1,True Positive
PX-105759,ENC-20255759,True,2026-02-26 03:46:24,Clinical Patient 5760,39,Female,No,General Medicine,22,Active Inpatient,Aspiration pneumonia,Community-Acquired Pneumonia,K. pneumoniae,38.4,117,97,62,91,24,33.9,Heart failure; Immunosuppression; Liver disease,Normal,Normal,Cephalosporin,,3,Ciprofloxacin,28,None known,0.323,0.794,79.4,High,0.625,0.477,0.766,0.507,0.1,-0.02,0.018,-0.02,0.04,0.05,"Clinical explanation: AMR risk is high with prior antibiotic exposure=3, prior resistant organism=None known, and ward resistance rate=32.3%. Review feature attributions before making a clinical decision.",Meropenem + Vancomycin,Ceftazidime-Avibactam,80.4,No renal adjustment flag,Documented Cephalosporin allergy,Accept,Clinician accepted the displayed first-line option,Meropenem + Vancomycin,Positive,2026-03-02 03:46:24,K. pneumoniae,CRE,Concordant,Recovered,No,Allergy/safety edge case,"Admitted to General Medicine with Aspiration pneumonia from Community-Acquired Pneumonia. Initial vitals: T 38.4 C, HR 117, BP 97/62, SpO2 91%. History: Heart failure; Immunosuppression; Liver disease; kidney function Normal; allergy Cephalosporin; prior antibiotic exposure in 90d 3; previous resistant organism None known. Culture status Positive.",1,0.5079443,1,True Positive
PX-105765,ENC-20255765,True,2026-02-26 13:15:27,Clinical Patient 5766,25,Male,Not applicable,Emergency Department,18,Active Inpatient,Appendicitis with abscess,Intra-abdominal Infection,K. pneumoniae,39.1,86,141,85,93,13,12.3,CKD; Diabetes; Liver disease,AKI,Normal,Penicillin,Mild/rash,1,Amoxicillin-Clavulanate,14,ESBL,0.213,0.729,72.9,High,0.768,0.367,0.371,0.179,0.02,0.08,-0.009,-0.02,0.04,0.05,"Clinical explanation: AMR risk is high with prior antibiotic exposure=1, prior resistant organism=ESBL, and ward resistance rate=21.3%. Review feature attributions before making a clinical decision.",Meropenem + Vancomycin,Ceftazidime-Avibactam,93.8,Renal adjustment review required,Documented Penicillin allergy | Renal adjustment review required,Accept,Clinician accepted the displayed first-line option,Meropenem + Vancomycin,Positive,2026-03-01 13:15:27,K. pneumoniae,CRE,Concordant,Recovered,No,Allergy/safety edge case,"Admitted to Emergency Department with Appendicitis with abscess from Intra-abdominal Infection. Initial vitals: T 39.1 C, HR 86, BP 141/85, SpO2 93%. History: CKD; Diabetes; Liver disease; kidney function AKI; allergy Penicillin; prior antibiotic exposure in 90d 1; previous resistant organism ESBL. Culture status Positive.",1,0.7313689,1,True Positive
PX-105769,ENC-20255769,True,2026-02-26 16:09:09,Clinical Patient 5770,39,Female,No,General Medicine,2,Discharged,VAP,Ventilator-Associated Pneumonia,No organism identified,38.2,132,86,48,81,21,35.8,CKD; Hypertension,Severe impairment,Normal,None known,,1,Amoxicillin-Clavulanate,10,None known,0.244,0.648,64.8,High,0.526,0.435,0.579,0.28,0.02,-0.02,-0.002,-0.02,0.04,0.05,"Clinical explanation: AMR risk is high with prior antibiotic exposure=1, prior resistant organism=None known, and ward resistance rate=24.4%. Review feature attributions before making a clinical decision.",Meropenem + Vancomycin,Ceftazidime-Avibactam,86.4,Renal adjustment review required,Renal adjustment review required,Accept,Clinician accepted the displayed first-line option,Meropenem + Vancomycin,Positive,2026-03-02 16:09:09,S. aureus,MRSA,Concordant,Recovered,No,Renal impairment,"Admitted to General Medicine with VAP from Ventilator-Associated Pneumonia. Initial vitals: T 38.2 C, HR 132, BP 86/48, SpO2 81%. History: CKD; Hypertension; kidney function Severe impairment; allergy None known; prior antibiotic exposure in 90d 1; previous resistant organism None known. Culture status Positive.",1,0.4246221,0,False Negative (Type II Error - Critical Missed Resistance)
PX-105777,ENC-20255777,True,2026-02-27 01:55:25,Clinical Patient 5778,18,Male,Not applicable,Emergency Department,16,Discharged,Urosepsis,Urinary Tract Infection,E. coli,37.0,95,110,66,96,11,60.2,Diabetes,Moderate impairment,Normal,None known,,0,None prior,0,ESBL,0.218,0.473,47.3,Medium,0.408,0.322,0.469,0.101,-0.02,0.08,-0.008,-0.02,0.04,-0.02,"Clinical explanation: AMR risk is medium with prior antibiotic exposure=0, prior resistant organism=ESBL, and ward resistance rate=21.8%. Review feature attributions before making a clinical decision.",Piperacillin-Tazobactam,Cefepime + Vancomycin,84.9,Renal adjustment review required,Renal adjustment review required,Override,Alternative source-control plan,Clinician-selected regimen,Positive,2026-03-03 01:55:25,E. coli,None detected,Concordant,Recovered,No,Renal impairment,"Admitted to Emergency Department with Urosepsis from Urinary Tract Infection. Initial vitals: T 37.0 C, HR 95, BP 110/66, SpO2 96%. History: Diabetes; kidney function Moderate impairment; allergy None known; prior antibiotic exposure in 90d 0; previous resistant organism ESBL. Culture status Positive.",0,0.50027376,1,False Positive (Type I Error)
PX-105778,ENC-20255778,True,2026-02-27 02:56:05,Clinical Patient 5779,83,Female,Not applicable,General Medicine,22,Active Inpatient,Catheter-associated UTI,Urinary Tract Infection,S. aureus,37.5,92,131,68,95,21,6.3,Hypertension,Normal,Normal,None known,,1,Amoxicillin-Clavulanate,14,None known,0.267,0.511,51.1,Medium,0.48,0.311,0.309,0.333,0.02,-0.02,0.004,-0.02,0.04,-0.02,"Clinical explanation: AMR risk is medium with prior antibiotic exposure=1, prior resistant organism=None known, and ward resistance rate=26.7%. Review feature attributions before making a clinical decision.",Piperacillin-Tazobactam,Cefepime + Vancomycin,92.7,No renal adjustment flag,No renal adjustment flag,Accept,Clinician accepted the displayed first-line option,Piperacillin-Tazobactam,Positive,2026-02-28 02:56:05,S. aureus,MRSA,Concordant,Treatment modified after deterioration,Yes,Standard scenario,"Admitted to General Medicine with Catheter-associated UTI from Urinary Tract Infection. Initial vitals: T 37.5 C, HR 92, BP 131/68, SpO2 95%. History: Hypertension; kidney function Normal; allergy None known; prior antibiotic exposure in 90d 1; previous resistant organism None known. Culture status Positive.",1,0.46882662,0,False Negative (Type II Error - Critical Missed Resistance)
PX-105787,ENC-20255787,True,2026-02-27 20:24:37,Clinical Patient 5788,47,Male,Not applicable,General Medicine,18,Active Inpatient,Severe HAP,Hospital-Acquired Pneumonia,Mixed flora,39.2,113,93,53,95,27,94.3,Cancer; Immunosuppression,Moderate impairment,Mild impairment,None known,,0,None in prior 90 days,0,None known,0.277,0.214,21.4,Low,0.215,0.114,0.213,0.149,-0.02,-0.02,0.007,-0.02,0.04,0.05,"Clinical explanation: AMR risk is low with prior antibiotic exposure=0, prior resistant organism=None known, and ward resistance rate=27.7%. Review feature attributions before making a clinical decision.",Ceftriaxone,Cefepime,91.8,Renal adjustment review required,Renal adjustment review required,Accept,Clinician accepted the displayed first-line option,Ceftriaxone,Positive,2026-03-01 20:24:37,P. aeruginosa,MDR Pseudomonas,Discordant,Improved,No,Renal impairment,"Admitted to General Medicine with Severe HAP from Hospital-Acquired Pneumonia. Initial vitals: T 39.2 C, HR 113, BP 93/53, SpO2 95%. History: Cancer; Immunosuppression; kidney function Moderate impairment; allergy None known; prior antibiotic exposure in 90d 0; previous resistant organism None known. Culture status Positive.",1,0.337168,0,False Negative (Type II Error - Critical Missed Resistance)
PX-105801,ENC-20255801,True,2026-03-01 05:14:48,Clinical Patient 5802,72,Male,Not applicable,ICU,33,Active Inpatient,HAP,Hospital-Acquired Pneumonia,P. aeruginosa,38.3,117,92,55,89,23,41.7,Cancer; Diabetes,Normal,Normal,None known,,1,Amoxicillin-Clavulanate,5,ESBL,0.428,0.963,96.3,High,0.724,0.691,0.541,0.431,0.02,0.08,0.044,0.06,0.04,0.05,"Clinical explanation: AMR risk is high with prior antibiotic exposure=1, prior resistant organism=ESBL, and ward resistance rate=42.8%. Review feature attributions before making a clinical decision.",Meropenem + Vancomycin,Ceftazidime-Avibactam,68.9,No renal adjustment flag,No renal adjustment flag,Modify,Dose/frequency adjusted after clinical review,Ceftazidime-Avibactam,Positive,2026-03-04 05:14:48,P. aeruginosa,MDR Pseudomonas,Concordant,Improved,No,Prior resistant organism,"Admitted to ICU with HAP from Hospital-Acquired Pneumonia. Initial vitals: T 38.3 C, HR 117, BP 92/55, SpO2 89%. History: Cancer; Diabetes; kidney function Normal; allergy None known; prior antibiotic exposure in 90d 1; previous resistant organism ESBL. Culture status Positive.",1,0.85208935,1,True Positive
PX-105824,ENC-20255824,True,2026-03-02 19:20:24,Clinical Patient 5825,48,Male,Not applicable,Surgical Ward,28,Active Inpatient,Peritonitis,Intra-abdominal Infection,S. aureus,37.0,93,112,66,94,19,15.9,,Normal,Normal,None known,,0,None prior,0,None known,0.308,0.293,29.3,Low,0.231,0.145,0.201,0.106,-0.02,-0.02,0.014,-0.02,-0.02,-0.02,"Clinical explanation: AMR risk is low with prior antibiotic exposure=0, prior resistant organism=None known, and ward resistance rate=30.8%. Review feature attributions before making a clinical decision.",Ceftriaxone,Cefepime,77.0,No renal adjustment flag,No renal adjustment flag,Pending,Decision not yet recorded,Clinician-selected regimen,Positive,2026-03-06 19:20:24,S. aureus,MRSA,Discordant,No documented outcome,No,Missing/unknown clinical field,"Admitted to Surgical Ward with Peritonitis from Intra-abdominal Infection. Initial vitals: T 37.0 C, HR 93, BP 112/66, SpO2 94%. History: None; kidney function Normal; allergy None known; prior antibiotic exposure in 90d 0; previous resistant organism None known. Culture status Positive.",1,0.24639426,0,False Negative (Type II Error - Critical Missed Resistance)
PX-105832,ENC-20255832,True,2026-03-03 07:09:38,Clinical Patient 5833,58,Male,Not applicable,General Medicine,20,Discharged,Appendicitis with abscess,Intra-abdominal Infection,E. coli,39.1,107,121,74,100,18,29.0,COPD,Normal,Mild impairment,None known,,1,Ceftriaxone + Azithromycin,7,None known,0.309,0.302,30.2,Medium,0.33,0.191,0.238,0.222,0.02,-0.02,0.015,-0.02,0.04,0.05,"Clinical explanation: AMR risk is medium with prior antibiotic exposure=1, prior resistant organism=None known, and ward resistance rate=30.9%. Review feature attributions before making a clinical decision.",Piperacillin-Tazobactam,Cefepime + Vancomycin,81.9,No renal adjustment flag,No renal adjustment flag,Accept,Clinician accepted the displayed first-line option,Piperacillin-Tazobactam,Positive,2026-03-07 07:09:38,E. coli,None detected,Concordant,Improved,No,Standard scenario,"Admitted to General Medicine with Appendicitis with abscess from Intra-abdominal Infection. Initial vitals: T 39.1 C, HR 107, BP 121/74, SpO2 100%. History: COPD; kidney function Normal; allergy None known; prior antibiotic exposure in 90d 1; previous resistant organism None known. Culture status Positive.",0,0.48368093,0,True Negative
PX-105833,ENC-20255833,True,2026-03-03 08:49:29,Clinical Patient 5834,63,Female,Not applicable,General Medicine,28,Discharged,Complicated UTI,Urinary Tract Infection,E. coli,39.1,60,126,68,99,21,9.8,,Normal,Mild impairment,None known,,1,Ciprofloxacin,10,None known,0.222,0.353,35.3,Medium,0.271,0.192,0.145,0.169,0.02,-0.02,-0.007,-0.02,-0.02,0.05,"Clinical explanation: AMR risk is medium with prior antibiotic exposure=1, prior resistant organism=None known, and ward resistance rate=22.2%. Review feature attributions before making a clinical decision.",Piperacillin-Tazobactam,Cefepime + Vancomycin,88.0,No renal adjustment flag,No renal adjustment flag,Override,Alternative source-control plan,Clinician-selected regimen,Positive,2026-03-06 08:49:29,E. coli,None detected,Concordant,Improved,No,Missing/unknown clinical field,"Admitted to General Medicine with Complicated UTI from Urinary Tract Infection. Initial vitals: T 39.1 C, HR 60, BP 126/68, SpO2 99%. History: None; kidney function Normal; allergy None known; prior antibiotic exposure in 90d 1; previous resistant organism None known. Culture status Positive.",0,0.38116252,0,True Negative
PX-105854,ENC-20255854,True,2026-03-04 17:47:22,Clinical Patient 5855,56,Female,Not applicable,General Medicine,3,Active Inpatient,Complicated UTI,Urinary Tract Infection,S. aureus,38.5,109,89,50,96,17,93.0,,Normal,Severe impairment,Penicillin,Mild/rash,4,Vancomycin,7,MDR Pseudomonas,0.262,0.817,81.7,High,0.779,0.648,0.519,0.392,0.14,0.08,0.003,-0.02,-0.02,0.05,"Clinical explanation: AMR risk is high with prior antibiotic exposure=4, prior resistant organism=MDR Pseudomonas, and ward resistance rate=26.2%. Review feature attributions before making a clinical decision.",Meropenem + Vancomycin,Ceftazidime-Avibactam,95.2,No renal adjustment flag,Documented Penicillin allergy,Accept,Clinician accepted the displayed first-line option,Meropenem + Vancomycin,Positive,2026-03-08 17:47:22,S. aureus,MRSA,Concordant,Improved,No,Allergy/safety edge case,"Admitted to General Medicine with Complicated UTI from Urinary Tract Infection. Initial vitals: T 38.5 C, HR 109, BP 89/50, SpO2 96%. History: None; kidney function Normal; allergy Penicillin; prior antibiotic exposure in 90d 4; previous resistant organism MDR Pseudomonas. Culture status Positive.",1,0.7448125,1,True Positive
PX-105863,ENC-20255863,True,2026-03-05 12:33:44,Clinical Patient 5864,54,Female,Not applicable,ICU,7,Active Inpatient,Peritonitis,Intra-abdominal Infection,E. coli,38.2,111,77,60,89,26,33.8,Diabetes,Normal,Normal,None known,,0,None prior,0,None known,0.343,0.457,45.7,Medium,0.482,0.334,0.269,0.266,-0.02,-0.02,0.023,0.06,0.04,0.05,"Clinical explanation: AMR risk is medium with prior antibiotic exposure=0, prior resistant organism=None known, and ward resistance rate=34.3%. Review feature attributions before making a clinical decision.",Piperacillin-Tazobactam,Cefepime + Vancomycin,75.9,No renal adjustment flag,No renal adjustment flag,Accept,Clinician accepted the displayed first-line option,Piperacillin-Tazobactam,Positive,2026-03-09 12:33:44,E. coli,None detected,Concordant,Recovered,No,Boundary vitals,"Admitted to ICU with Peritonitis from Intra-abdominal Infection. Initial vitals: T 38.2 C, HR 111, BP 77/60, SpO2 89%. History: Diabetes; kidney function Normal; allergy None known; prior antibiotic exposure in 90d 0; previous resistant organism None known. Culture status Positive.",0,0.40470824,0,True Negative
PX-105873,ENC-20255873,True,2026-03-05 17:57:41,Clinical Patient 5874,76,Male,Not applicable,General Medicine,30,Active Inpatient,Aspiration pneumonia,Community-Acquired Pneumonia,K. pneumoniae,37.6,91,132,82,88,31,8.9,COPD,Mild impairment,Normal,None known,,1,Azithromycin,14,None known,0.296,0.362,36.2,Medium,0.31,0.125,0.173,0.261,0.02,-0.02,0.011,-0.02,0.04,-0.02,"Clinical explanation: AMR risk is medium with prior antibiotic exposure=1, prior resistant organism=None known, and ward resistance rate=29.6%. Review feature attributions before making a clinical decision.",Piperacillin-Tazobactam,Cefepime + Vancomycin,85.1,Renal adjustment review required,Renal adjustment review required,Accept,Clinician accepted the displayed first-line option,Piperacillin-Tazobactam,Positive,2026-03-09 17:57:41,K. pneumoniae,None detected,Concordant,Treatment modified after deterioration,Yes,Renal impairment,"Admitted to General Medicine with Aspiration pneumonia from Community-Acquired Pneumonia. Initial vitals: T 37.6 C, HR 91, BP 132/82, SpO2 88%. History: COPD; kidney function Mild impairment; allergy None known; prior antibiotic exposure in 90d 1; previous resistant organism None known. Culture status Positive.",0,0.52124023,1,False Positive (Type I Error)
PX-105874,ENC-20255874,True,2026-03-05 23:39:26,Clinical Patient 5875,48,Female,No,Surgical Ward,10,Active Inpatient,Complicated intra-abdominal infection,Intra-abdominal Infection,P. aeruginosa,39.3,92,149,81,94,16,15.4,Cancer; Immunosuppression,Mild impairment,Normal,None known,,0,None in prior 90 days,0,ESBL,0.346,0.607,60.7,High,0.544,0.412,0.58,0.301,-0.02,0.08,0.024,-0.02,0.04,0.05,"Clinical explanation: AMR risk is high with prior antibiotic exposure=0, prior resistant organism=ESBL, and ward resistance rate=34.6%. Review feature attributions before making a clinical decision.",Meropenem + Vancomycin,Ceftazidime-Avibactam,82.2,Renal adjustment review required,Renal adjustment review required,Override,Alternative source-control plan,Clinician-selected regimen,Positive,2026-03-07 23:39:26,P. aeruginosa,MDR Pseudomonas,Concordant,Improved,No,Renal impairment,"Admitted to Surgical Ward with Complicated intra-abdominal infection from Intra-abdominal Infection. Initial vitals: T 39.3 C, HR 92, BP 149/81, SpO2 94%. History: Cancer; Immunosuppression; kidney function Mild impairment; allergy None known; prior antibiotic exposure in 90d 0; previous resistant organism ESBL. Culture status Positive.",1,0.51147056,1,True Positive
PX-105894,ENC-20255894,True,2026-03-07 12:45:20,Clinical Patient 5895,50,Female,No,Emergency Department,20,Active Inpatient,Urosepsis,Urinary Tract Infection,Mixed flora,39.1,96,121,79,94,16,59.8,CKD,Mild impairment,Normal,None known,,1,Cefepime,3,None known,0.171,0.408,40.8,Medium,0.333,0.313,0.387,0.135,0.02,-0.02,-0.02,-0.02,0.04,0.05,"Clinical explanation: AMR risk is medium with prior antibiotic exposure=1, prior resistant organism=None known, and ward resistance rate=17.1%. Review feature attributions before making a clinical decision.",Piperacillin-Tazobactam,Cefepime + Vancomycin,89.9,Renal adjustment review required,Renal adjustment review required,Accept,Clinician accepted the displayed first-line option,Piperacillin-Tazobactam,Positive,2026-03-08 12:45:20,E. coli,ESBL,Discordant,Treatment modified after deterioration,Yes,Renal impairment,"Admitted to Emergency Department with Urosepsis from Urinary Tract Infection. Initial vitals: T 39.1 C, HR 96, BP 121/79, SpO2 94%. History: CKD; kidney function Mild impairment; allergy None known; prior antibiotic exposure in 90d 1; previous resistant organism None known. Culture status Positive.",1,0.32550812,0,False Negative (Type II Error - Critical Missed Resistance)
PX-105929,ENC-20255929,True,2026-03-09 19:17:59,Clinical Patient 5930,58,Male,Not applicable,General Medicine,29,Active Inpatient,Aspiration pneumonia,Community-Acquired Pneumonia,P. aeruginosa,38.6,72,143,88,89,27,22.6,,Moderate impairment,Normal,None known,,1,Piperacillin-Tazobactam,10,None known,0.264,0.366,36.6,Medium,0.258,0.223,0.351,0.281,0.02,-0.02,0.004,-0.02,-0.02,0.05,"Clinical explanation: AMR risk is medium with prior antibiotic exposure=1, prior resistant organism=None known, and ward resistance rate=26.4%. Review feature attributions before making a clinical decision.",Piperacillin-Tazobactam,Cefepime + Vancomycin,85.4,Renal adjustment review required,Renal adjustment review required,Accept,Clinician accepted the displayed first-line option,Piperacillin-Tazobactam,Positive,2026-03-11 19:17:59,P. aeruginosa,None detected,Concordant,Improved,No,Renal impairment,"Admitted to General Medicine with Aspiration pneumonia from Community-Acquired Pneumonia. Initial vitals: T 38.6 C, HR 72, BP 143/88, SpO2 89%. History: None; kidney function Moderate impairment; allergy None known; prior antibiotic exposure in 90d 1; previous resistant organism None known. Culture status Positive.",0,0.39376467,0,True Negative
PX-105935,ENC-20255935,True,2026-03-10 01:20:39,Clinical Patient 5936,58,Male,Not applicable,Surgical Ward,37,Active Inpatient,Appendicitis with abscess,Intra-abdominal Infection,No organism identified,39.2,94,98,64,99,16,29.4,,Moderate impairment,Normal,Penicillin,Mild/rash,3,Ceftriaxone,7,None known,0.372,0.379,37.9,Medium,0.265,0.169,0.305,0.1,0.1,-0.02,0.03,-0.02,-0.02,0.05,"Clinical explanation: AMR risk is medium with prior antibiotic exposure=3, prior resistant organism=None known, and ward resistance rate=37.2%. Review feature attributions before making a clinical decision.",Piperacillin-Tazobactam,Cefepime + Vancomycin,68.1,Renal adjustment review required,Documented Penicillin allergy | Renal adjustment review required,Override,Alternative source-control plan,Clinician-selected regimen,Positive,2026-03-11 01:20:39,Enterococcus faecalis,ESBL,Discordant,Improved,No,Renal impairment,"Admitted to Surgical Ward with Appendicitis with abscess from Intra-abdominal Infection. Initial vitals: T 39.2 C, HR 94, BP 98/64, SpO2 99%. History: None; kidney function Moderate impairment; allergy Penicillin; prior antibiotic exposure in 90d 3; previous resistant organism None known. Culture status Positive.",1,0.569885,1,True Positive
PX-105963,ENC-20255963,True,2026-03-11 22:36:09,Clinical Patient 5964,66,Male,Not applicable,Surgical Ward,13,Discharged,Appendicitis with abscess,Intra-abdominal Infection,Enterococcus faecalis,36.3,113,107,57,97,18,99.3,COPD,Normal,Normal,None known,,2,Amoxicillin-Clavulanate,14,None known,0.359,0.497,49.7,Medium,0.421,0.2,0.476,0.244,0.06,-0.02,0.027,-0.02,0.04,0.05,"Clinical explanation: AMR risk is medium with prior antibiotic exposure=2, prior resistant organism=None known, and ward resistance rate=35.9%. Review feature attributions before making a clinical decision.",Piperacillin-Tazobactam,Cefepime + Vancomycin,78.2,No renal adjustment flag,No renal adjustment flag,Accept,Clinician accepted the displayed first-line option,Piperacillin-Tazobactam,Positive,2026-03-13 22:36:09,Enterococcus faecalis,Other MDR,Discordant,Improved,No,Standard scenario,"Admitted to Surgical Ward with Appendicitis with abscess from Intra-abdominal Infection. Initial vitals: T 36.3 C, HR 113, BP 107/57, SpO2 97%. History: COPD; kidney function Normal; allergy None known; prior antibiotic exposure in 90d 2; previous resistant organism None known. Culture status Positive.",1,0.6696049,1,True Positive
PX-105964,ENC-20255964,True,2026-03-11 23:20:19,Clinical Patient 5965,89,Female,Not applicable,General Medicine,16,Discharged,Suspected bacteremia,Bloodstream Infection,K. pneumoniae,38.1,107,88,59,94,15,13.7,COPD,Normal,Normal,None known,,2,Ceftriaxone,3,None known,0.275,0.428,42.8,Medium,0.311,0.29,0.204,0.276,0.06,-0.02,0.006,-0.02,0.04,0.05,"Clinical explanation: AMR risk is medium with prior antibiotic exposure=2, prior resistant organism=None known, and ward resistance rate=27.5%. Review feature attributions before making a clinical decision.",Piperacillin-Tazobactam,Cefepime + Vancomycin,68.0,No renal adjustment flag,No renal adjustment flag,Accept,Clinician accepted the displayed first-line option,Piperacillin-Tazobactam,Positive,2026-03-13 23:20:19,K. pneumoniae,Other MDR,Discordant,Improved,No,Standard scenario,"Admitted to General Medicine with Suspected bacteremia from Bloodstream Infection. Initial vitals: T 38.1 C, HR 107, BP 88/59, SpO2 94%. History: COPD; kidney function Normal; allergy None known; prior antibiotic exposure in 90d 2; previous resistant organism None known. Culture status Positive.",1,0.48549488,0,False Negative (Type II Error - Critical Missed Resistance)
PX-105975,ENC-20255975,True,2026-03-12 18:11:49,Clinical Patient 5976,66,Male,Not applicable,Surgical Ward,8,Active Inpatient,Diverticulitis with perforation,Intra-abdominal Infection,E. coli,39.8,101,142,77,94,19,16.3,Diabetes,Moderate impairment,Normal,None known,,0,None in prior 90 days,0,None known,0.345,0.585,58.5,Medium,0.602,0.498,0.266,0.252,-0.02,-0.02,0.024,-0.02,0.04,0.05,"Clinical explanation: AMR risk is medium with prior antibiotic exposure=0, prior resistant organism=None known, and ward resistance rate=34.5%. Review feature attributions before making a clinical decision.",Piperacillin-Tazobactam,Cefepime + Vancomycin,88.3,Renal adjustment review required,Renal adjustment review required,Accept,Clinician accepted the displayed first-line option,Piperacillin-Tazobactam,Positive,2026-03-16 18:11:49,E. coli,None detected,Discordant,Improved,No,Renal impairment,"Admitted to Surgical Ward with Diverticulitis with perforation from Intra-abdominal Infection. Initial vitals: T 39.8 C, HR 101, BP 142/77, SpO2 94%. History: Diabetes; kidney function Moderate impairment; allergy None known; prior antibiotic exposure in 90d 0; previous resistant organism None known. Culture status Positive.",0,0.34351137,0,True Negative
PX-105980,ENC-20255980,True,2026-03-13 03:33:36,Clinical Patient 5981,59,Female,Not applicable,Emergency Department,34,Active Inpatient,CAP,Community-Acquired Pneumonia,Enterobacter cloacae complex,36.7,83,154,91,89,23,13.4,Cancer,Normal,Normal,None known,,1,Cefepime,10,None known,0.136,0.178,17.8,Low,0.129,0.079,0.089,0.045,0.02,-0.02,-0.028,-0.02,0.04,-0.02,"Clinical explanation: AMR risk is low with prior antibiotic exposure=1, prior resistant organism=None known, and ward resistance rate=13.6%. Review feature attributions before making a clinical decision.",Ceftriaxone,Cefepime,86.5,No renal adjustment flag,No renal adjustment flag,Override,Alternative source-control plan,Clinician-selected regimen,Positive,2026-03-14 03:33:36,Enterobacter cloacae complex,None detected,Concordant,Improved,No,Standard scenario,"Admitted to Emergency Department with CAP from Community-Acquired Pneumonia. Initial vitals: T 36.7 C, HR 83, BP 154/91, SpO2 89%. History: Cancer; kidney function Normal; allergy None known; prior antibiotic exposure in 90d 1; previous resistant organism None known. Culture status Positive.",0,0.45024112,0,True Negative
PX-105991,ENC-20255991,True,2026-03-13 14:52:07,Clinical Patient 5992,76,Male,Not applicable,General Medicine,23,Discharged,Superficial SSI,Surgical Site Infection,S. aureus,37.6,84,121,81,93,16,5.9,Cancer,Normal,Severe impairment,None known,,1,Ciprofloxacin,3,None known,0.314,0.812,81.2,High,0.731,0.688,0.632,0.474,0.02,-0.02,0.016,-0.02,0.04,-0.02,"Clinical explanation: AMR risk is high with prior antibiotic exposure=1, prior resistant organism=None known, and ward resistance rate=31.4%. Review feature attributions before making a clinical decision.",Meropenem + Vancomycin,Ceftazidime-Avibactam,73.3,No renal adjustment flag,No renal adjustment flag,Modify,Dose/frequency adjusted after clinical review,Ceftazidime-Avibactam,Positive,2026-03-16 14:52:07,S. aureus,MRSA,Concordant,Recovered,No,Standard scenario,"Admitted to General Medicine with Superficial SSI from Surgical Site Infection. Initial vitals: T 37.6 C, HR 84, BP 121/81, SpO2 93%. History: Cancer; kidney function Normal; allergy None known; prior antibiotic exposure in 90d 1; previous resistant organism None known. Culture status Positive.",1,0.45914355,0,False Negative (Type II Error - Critical Missed Resistance)
PX-106015,ENC-20256015,True,2026-03-15 08:14:12,Clinical Patient 6016,59,Female,Not applicable,General Medicine,22,Active Inpatient,CAP,Community-Acquired Pneumonia,S. aureus,37.4,85,137,93,84,28,15.2,Heart failure,AKI,Normal,None known,,1,Vancomycin,28,None known,0.25,0.636,63.6,High,0.569,0.344,0.521,0.395,0.02,-0.02,0.0,-0.02,0.04,-0.02,"Clinical explanation: AMR risk is high with prior antibiotic exposure=1, prior resistant organism=None known, and ward resistance rate=25.0%. Review feature attributions before making a clinical decision.",Meropenem + Vancomycin,Ceftazidime-Avibactam,66.5,Renal adjustment review required,Renal adjustment review required,Accept,Clinician accepted the displayed first-line option,Meropenem + Vancomycin,Positive,2026-03-18 08:14:12,S. aureus,None detected,Discordant,Improved,No,Standard scenario,"Admitted to General Medicine with CAP from Community-Acquired Pneumonia. Initial vitals: T 37.4 C, HR 85, BP 137/93, SpO2 84%. History: Heart failure; kidney function AKI; allergy None known; prior antibiotic exposure in 90d 1; previous resistant organism None known. Culture status Positive.",0,0.5184817,1,False Positive (Type I Error)
PX-106025,ENC-20256025,True,2026-03-16 02:07:06,Clinical Patient 6026,52,Male,Not applicable,Emergency Department,17,Discharged,Diverticulitis with perforation,Intra-abdominal Infection,Enterococcus faecalis,37.0,74,150,91,95,14,11.7,,Mild impairment,Moderate impairment,None known,,1,Ertapenem,7,ESBL,0.143,0.493,49.3,Medium,0.397,0.352,0.21,0.199,0.02,0.08,-0.027,-0.02,-0.02,-0.02,"Clinical explanation: AMR risk is medium with prior antibiotic exposure=1, prior resistant organism=ESBL, and ward resistance rate=14.3%. Review feature attributions before making a clinical decision.",Piperacillin-Tazobactam,Cefepime + Vancomycin,79.6,Renal adjustment review required,Renal adjustment review required,Accept,Clinician accepted the displayed first-line option,Piperacillin-Tazobactam,Positive,2026-03-17 02:07:06,Enterococcus faecalis,None detected,Concordant,Treatment modified after deterioration,Yes,Renal impairment,"Admitted to Emergency Department with Diverticulitis with perforation from Intra-abdominal Infection. Initial vitals: T 37.0 C, HR 74, BP 150/91, SpO2 95%. History: None; kidney function Mild impairment; allergy None known; prior antibiotic exposure in 90d 1; previous resistant organism ESBL. Culture status Positive.",0,0.6234964,1,False Positive (Type I Error)
PX-106066,ENC-20256066,True,2026-03-18 20:13:44,Clinical Patient 6067,67,Female,Not applicable,General Medicine,2,Active Inpatient,Deep incisional SSI,Surgical Site Infection,S. pneumoniae,38.4,121,88,50,96,17,13.2,Hypertension,Moderate impairment,Normal,Cephalosporin,Mild/rash,4,Levofloxacin,7,ESBL,0.354,0.828,82.8,High,0.684,0.268,0.411,0.575,0.14,0.08,0.026,-0.02,0.04,0.05,"Clinical explanation: AMR risk is high with prior antibiotic exposure=4, prior resistant organism=ESBL, and ward resistance rate=35.4%. Review feature attributions before making a clinical decision.",Meropenem + Vancomycin,Ceftazidime-Avibactam,72.9,Renal adjustment review required,Documented Cephalosporin allergy | Renal adjustment review required,Accept,Clinician accepted the displayed first-line option,Meropenem + Vancomycin,Positive,2026-03-20 20:13:44,S. pneumoniae,MRSA,Concordant,Recovered,No,Renal impairment,"Admitted to General Medicine with Deep incisional SSI from Surgical Site Infection. Initial vitals: T 38.4 C, HR 121, BP 88/50, SpO2 96%. History: Hypertension; kidney function Moderate impairment; allergy Cephalosporin; prior antibiotic exposure in 90d 4; previous resistant organism ESBL. Culture status Positive.",1,0.801459,1,True Positive
PX-106072,ENC-20256072,True,2026-03-18 22:51:04,Clinical Patient 6073,48,Male,Not applicable,General Medicine,13,Active Inpatient,Catheter-associated UTI,Urinary Tract Infection,P. aeruginosa,39.4,76,98,59,93,13,33.8,Cancer,Normal,Normal,None known,,2,Vancomycin,7,None known,0.227,0.384,38.4,Medium,0.364,0.333,0.177,0.269,0.06,-0.02,-0.006,-0.02,0.04,0.05,"Clinical explanation: AMR risk is medium with prior antibiotic exposure=2, prior resistant organism=None known, and ward resistance rate=22.7%. Review feature attributions before making a clinical decision.",Piperacillin-Tazobactam,Cefepime + Vancomycin,80.8,No renal adjustment flag,No renal adjustment flag,Accept,Clinician accepted the displayed first-line option,Piperacillin-Tazobactam,Positive,2026-03-20 22:51:04,P. aeruginosa,MDR Pseudomonas,Discordant,Improved,No,Standard scenario,"Admitted to General Medicine with Catheter-associated UTI from Urinary Tract Infection. Initial vitals: T 39.4 C, HR 76, BP 98/59, SpO2 93%. History: Cancer; kidney function Normal; allergy None known; prior antibiotic exposure in 90d 2; previous resistant organism None known. Culture status Positive.",1,0.3780147,0,False Negative (Type II Error - Critical Missed Resistance)
PX-106095,ENC-20256095,True,2026-03-21 00:16:35,Clinical Patient 6096,53,Male,Not applicable,General Medicine,15,Discharged,Urosepsis,Urinary Tract Infection,K. pneumoniae,37.6,105,91,64,97,19,47.2,,Normal,Normal,None known,,3,Ceftriaxone,21,ESBL,0.289,0.753,75.3,High,0.565,0.47,0.583,0.559,0.1,0.08,0.01,-0.02,-0.02,-0.02,"Clinical explanation: AMR risk is high with prior antibiotic exposure=3, prior resistant organism=ESBL, and ward resistance rate=28.9%. Review feature attributions before making a clinical decision.",Meropenem + Vancomycin,Ceftazidime-Avibactam,83.2,No renal adjustment flag,No renal adjustment flag,Override,Alternative source-control plan,Clinician-selected regimen,Positive,2026-03-23 00:16:35,K. pneumoniae,ESBL,Concordant,Recovered,No,Prior resistant organism,"Admitted to General Medicine with Urosepsis from Urinary Tract Infection. Initial vitals: T 37.6 C, HR 105, BP 91/64, SpO2 97%. History: None; kidney function Normal; allergy None known; prior antibiotic exposure in 90d 3; previous resistant organism ESBL. Culture status Positive.",1,0.8407763,1,True Positive
PX-106120,ENC-20256120,True,2026-03-23 05:46:10,Clinical Patient 6121,63,Female,Not applicable,Emergency Department,12,Active Inpatient,Appendicitis with abscess,Intra-abdominal Infection,S. aureus,37.7,77,105,64,93,17,27.5,CKD,Normal,Normal,None known,,0,None prior,0,None known,0.218,0.383,38.3,Medium,0.365,0.18,0.338,0.139,-0.02,-0.02,-0.008,-0.02,0.04,-0.02,"Clinical explanation: AMR risk is medium with prior antibiotic exposure=0, prior resistant organism=None known, and ward resistance rate=21.8%. Review feature attributions before making a clinical decision.",Piperacillin-Tazobactam,Cefepime + Vancomycin,73.3,No renal adjustment flag,No renal adjustment flag,Accept,Clinician accepted the displayed first-line option,Piperacillin-Tazobactam,Positive,2026-03-26 05:46:10,S. aureus,MRSA,Discordant,Recovered,No,Standard scenario,"Admitted to Emergency Department with Appendicitis with abscess from Intra-abdominal Infection. Initial vitals: T 37.7 C, HR 77, BP 105/64, SpO2 93%. History: CKD; kidney function Normal; allergy None known; prior antibiotic exposure in 90d 0; previous resistant organism None known. Culture status Positive.",1,0.26835823,0,False Negative (Type II Error - Critical Missed Resistance)
PX-106121,ENC-20256121,True,2026-03-23 06:06:17,Clinical Patient 6122,92,Male,Not applicable,Surgical Ward,21,Active Inpatient,Deep incisional SSI,Surgical Site Infection,S. aureus,38.7,129,124,68,95,22,66.5,Immunosuppression,Normal,Mild impairment,None known,,3,Ceftriaxone,7,MDR Pseudomonas,0.246,0.889,88.9,High,0.95,0.54,0.437,0.461,0.1,0.08,-0.001,-0.02,0.04,0.05,"Clinical explanation: AMR risk is high with prior antibiotic exposure=3, prior resistant organism=MDR Pseudomonas, and ward resistance rate=24.6%. Review feature attributions before making a clinical decision.",Meropenem + Vancomycin,Ceftazidime-Avibactam,81.2,No renal adjustment flag,No renal adjustment flag,Accept,Clinician accepted the displayed first-line option,Meropenem + Vancomycin,Positive,2026-03-25 06:06:17,S. aureus,MRSA,Concordant,Improved,No,Prior resistant organism,"Admitted to Surgical Ward with Deep incisional SSI from Surgical Site Infection. Initial vitals: T 38.7 C, HR 129, BP 124/68, SpO2 95%. History: Immunosuppression; kidney function Normal; allergy None known; prior antibiotic exposure in 90d 3; previous resistant organism MDR Pseudomonas. Culture status Positive.",1,0.7842621,1,True Positive
PX-106124,ENC-20256124,True,2026-03-23 13:27:39,Clinical Patient 6125,67,Female,Not applicable,General Medicine,12,Active Inpatient,Aspiration pneumonia,Community-Acquired Pneumonia,S. aureus,39.1,76,148,77,87,25,15.6,Cancer,Moderate impairment,Normal,Penicillin,Mild/rash,0,None in prior 90 days,0,MDR Pseudomonas,0.24,0.627,62.7,High,0.663,0.459,0.288,0.2,-0.02,0.08,-0.003,-0.02,0.04,0.05,"Clinical explanation: AMR risk is high with prior antibiotic exposure=0, prior resistant organism=MDR Pseudomonas, and ward resistance rate=24.0%. Review feature attributions before making a clinical decision.",Meropenem + Vancomycin,Ceftazidime-Avibactam,68.7,Renal adjustment review required,Documented Penicillin allergy | Renal adjustment review required,Pending,Decision not yet recorded,Clinician-selected regimen,Positive,2026-03-24 13:27:39,S. aureus,MRSA,Concordant,Recovered,No,Renal impairment,"Admitted to General Medicine with Aspiration pneumonia from Community-Acquired Pneumonia. Initial vitals: T 39.1 C, HR 76, BP 148/77, SpO2 87%. History: Cancer; kidney function Moderate impairment; allergy Penicillin; prior antibiotic exposure in 90d 0; previous resistant organism MDR Pseudomonas. Culture status Positive.",1,0.6116443,1,True Positive
PX-106145,ENC-20256145,True,2026-03-25 00:11:07,Clinical Patient 6146,86,Female,Not applicable,Surgical Ward,40,Transferred,Complicated UTI,Urinary Tract Infection,E. coli,38.9,79,125,75,97,19,7.0,COPD; Liver disease,Normal,Normal,None known,,1,Vancomycin,21,None known,0.195,0.416,41.6,Medium,0.345,0.294,0.189,0.265,0.02,-0.02,-0.014,-0.02,0.04,0.05,"Clinical explanation: AMR risk is medium with prior antibiotic exposure=1, prior resistant organism=None known, and ward resistance rate=19.5%. Review feature attributions before making a clinical decision.",Piperacillin-Tazobactam,Cefepime + Vancomycin,83.6,No renal adjustment flag,No renal adjustment flag,Accept,Clinician accepted the displayed first-line option,Piperacillin-Tazobactam,Positive,2026-03-27 00:11:07,E. coli,None detected,Concordant,Treatment modified after deterioration,Yes,Standard scenario,"Admitted to Surgical Ward with Complicated UTI from Urinary Tract Infection. Initial vitals: T 38.9 C, HR 79, BP 125/75, SpO2 97%. History: COPD; Liver disease; kidney function Normal; allergy None known; prior antibiotic exposure in 90d 1; previous resistant organism None known. Culture status Positive.",0,0.4350407,0,True Negative
PX-106157,ENC-20256157,True,2026-03-26 00:47:41,Clinical Patient 6158,53,Male,Not applicable,Emergency Department,11,Active Inpatient,Aspiration pneumonia,Community-Acquired Pneumonia,Enterobacter cloacae complex,36.0,100,103,57,84,20,20.6,Cancer,Normal,Normal,Sulfonamide,Mild/rash,2,Meropenem,14,None known,0.235,0.647,64.7,High,0.665,0.357,0.623,0.432,0.06,-0.02,-0.004,-0.02,0.04,-0.02,"Clinical explanation: AMR risk is high with prior antibiotic exposure=2, prior resistant organism=None known, and ward resistance rate=23.5%. Review feature attributions before making a clinical decision.",Meropenem + Vancomycin,Ceftazidime-Avibactam,66.2,No renal adjustment flag,Documented Sulfonamide allergy,Accept,Clinician accepted the displayed first-line option,Meropenem + Vancomycin,Positive,2026-03-30 00:47:41,Enterobacter cloacae complex,CRE,Concordant,Recovered,No,Allergy/safety edge case,"Admitted to Emergency Department with Aspiration pneumonia from Community-Acquired Pneumonia. Initial vitals: T 36.0 C, HR 100, BP 103/57, SpO2 84%. History: Cancer; kidney function Normal; allergy Sulfonamide; prior antibiotic exposure in 90d 2; previous resistant organism None known. Culture status Positive.",1,0.5968093,1,True Positive
PX-106172,ENC-20256172,True,2026-03-26 15:03:00,Clinical Patient 6173,39,Male,Not applicable,ICU,26,Active Inpatient,Pyelonephritis,Urinary Tract Infection,Enterococcus faecalis,38.9,102,123,80,90,19,35.3,Diabetes,Normal,Normal,None known,,0,None prior,0,None known,0.417,0.173,17.3,Low,0.186,0.107,0.112,0.114,-0.02,-0.02,0.042,0.06,0.04,0.05,"Clinical explanation: AMR risk is low with prior antibiotic exposure=0, prior resistant organism=None known, and ward resistance rate=41.7%. Review feature attributions before making a clinical decision.",Ceftriaxone,Cefepime,75.3,No renal adjustment flag,No renal adjustment flag,Accept,Clinician accepted the displayed first-line option,Ceftriaxone,Positive,2026-03-29 15:03:00,Enterococcus faecalis,None detected,Concordant,Improved,No,Standard scenario,"Admitted to ICU with Pyelonephritis from Urinary Tract Infection. Initial vitals: T 38.9 C, HR 102, BP 123/80, SpO2 90%. History: Diabetes; kidney function Normal; allergy None known; prior antibiotic exposure in 90d 0; previous resistant organism None known. Culture status Positive.",0,0.4052636,0,True Negative
PX-106182,ENC-20256182,True,2026-03-27 07:59:34,Clinical Patient 6183,50,Male,Not applicable,General Medicine,23,Discharged,Pyelonephritis,Urinary Tract Infection,Enterococcus faecalis,35.7,112,112,67,94,22,35.5,Cancer,Moderate impairment,Normal,None known,,2,Piperacillin-Tazobactam,3,None known,0.337,0.215,21.5,Low,0.211,0.079,0.088,0.134,0.06,-0.02,0.022,-0.02,0.04,0.05,"Clinical explanation: AMR risk is low with prior antibiotic exposure=2, prior resistant organism=None known, and ward resistance rate=33.7%. Review feature attributions before making a clinical decision.",Ceftriaxone,Cefepime,74.5,Renal adjustment review required,Renal adjustment review required,Accept,Clinician accepted the displayed first-line option,Ceftriaxone,Positive,2026-03-29 07:59:34,Enterococcus faecalis,None detected,Concordant,Improved,No,Renal impairment,"Admitted to General Medicine with Pyelonephritis from Urinary Tract Infection. Initial vitals: T 35.7 C, HR 112, BP 112/67, SpO2 94%. History: Cancer; kidney function Moderate impairment; allergy None known; prior antibiotic exposure in 90d 2; previous resistant organism None known. Culture status Positive.",0,0.5344553,1,False Positive (Type I Error)
PX-106195,ENC-20256195,True,2026-03-28 17:08:12,Clinical Patient 6196,68,Female,Not applicable,Surgical Ward,12,Active Inpatient,Pyelonephritis,Urinary Tract Infection,S. aureus,39.5,116,90,51,97,19,35.3,Cancer,Moderate impairment,Mild impairment,None known,,5,Ceftriaxone,28,None known,0.31,0.887,88.7,High,0.95,0.267,0.771,0.701,0.18,-0.02,0.015,-0.02,0.04,0.05,"Clinical explanation: AMR risk is high with prior antibiotic exposure=5, prior resistant organism=None known, and ward resistance rate=31.0%. Review feature attributions before making a clinical decision.",Meropenem + Vancomycin,Ceftazidime-Avibactam,94.8,Renal adjustment review required,Renal adjustment review required,Accept,Clinician accepted the displayed first-line option,Meropenem + Vancomycin,Positive,2026-03-31 17:08:12,S. aureus,MRSA,Concordant,Improved,No,Renal impairment,"Admitted to Surgical Ward with Pyelonephritis from Urinary Tract Infection. Initial vitals: T 39.5 C, HR 116, BP 90/51, SpO2 97%. History: Cancer; kidney function Moderate impairment; allergy None known; prior antibiotic exposure in 90d 5; previous resistant organism None known. Culture status Positive.",1,0.68380857,1,True Positive
PX-106231,ENC-20256231,True,2026-03-30 17:15:27,Clinical Patient 6232,55,Male,Not applicable,Surgical Ward,18,Active Inpatient,Peritonitis,Intra-abdominal Infection,P. aeruginosa,38.5,100,132,73,97,18,21.4,,Normal,Mild impairment,None known,,0,None prior,0,None known,0.376,0.726,72.6,High,0.653,0.595,0.387,0.362,-0.02,-0.02,0.032,-0.02,-0.02,-0.02,"Clinical explanation: AMR risk is high with prior antibiotic exposure=0, prior resistant organism=None known, and ward resistance rate=37.6%. Review feature attributions before making a clinical decision.",Meropenem + Vancomycin,Ceftazidime-Avibactam,67.5,No renal adjustment flag,No renal adjustment flag,Accept,Clinician accepted the displayed first-line option,Meropenem + Vancomycin,Positive,2026-04-02 17:15:27,P. aeruginosa,MDR Pseudomonas,Concordant,Improved,No,Missing/unknown clinical field,"Admitted to Surgical Ward with Peritonitis from Intra-abdominal Infection. Initial vitals: T 38.5 C, HR 100, BP 132/73, SpO2 97%. History: None; kidney function Normal; allergy None known; prior antibiotic exposure in 90d 0; previous resistant organism None known. Culture status Positive.",1,0.32606378,0,False Negative (Type II Error - Critical Missed Resistance)
PX-106260,ENC-20256260,True,2026-04-01 20:24:44,Clinical Patient 6261,71,Male,Not applicable,ICU,29,Active Inpatient,Complicated skin infection,Skin/Soft Tissue Infection,Enterococcus faecalis,37.8,90,87,35,91,17,11.7,CKD; COPD,Normal,Normal,None known,,3,Piperacillin-Tazobactam,21,MRSA,0.426,0.986,98.6,High,0.755,0.738,0.456,0.452,0.1,0.08,0.044,0.06,0.04,-0.02,"Clinical explanation: AMR risk is high with prior antibiotic exposure=3, prior resistant organism=MRSA, and ward resistance rate=42.6%. Review feature attributions before making a clinical decision.",Meropenem + Vancomycin,Ceftazidime-Avibactam,85.0,No renal adjustment flag,No renal adjustment flag,Accept,Clinician accepted the displayed first-line option,Meropenem + Vancomycin,Positive,2026-04-05 20:24:44,Enterococcus faecalis,ESBL,Concordant,Recovered,No,Prior resistant organism,"Admitted to ICU with Complicated skin infection from Skin/Soft Tissue Infection. Initial vitals: T 37.8 C, HR 90, BP 87/35, SpO2 91%. History: CKD; COPD; kidney function Normal; allergy None known; prior antibiotic exposure in 90d 3; previous resistant organism MRSA. Culture status Positive.",1,0.87855154,1,True Positive
PX-106268,ENC-20256268,True,2026-04-02 05:35:07,Clinical Patient 6269,40,Male,Not applicable,Emergency Department,37,Active Inpatient,Complicated intra-abdominal infection,Intra-abdominal Infection,S. pneumoniae,36.2,97,131,75,96,20,18.2,CKD,Normal,Normal,Vancomycin,Anaphylaxis,0,None prior,0,None known,0.183,0.237,23.7,Low,0.235,0.132,0.117,0.119,-0.02,-0.02,-0.017,-0.02,0.04,-0.02,"Clinical explanation: AMR risk is low with prior antibiotic exposure=0, prior resistant organism=None known, and ward resistance rate=18.3%. Review feature attributions before making a clinical decision.",Ceftriaxone,Cefepime,87.6,No renal adjustment flag,Documented Vancomycin allergy,Accept,Clinician accepted the displayed first-line option,Ceftriaxone,Positive,2026-04-05 05:35:07,S. pneumoniae,None detected,Concordant,Improved,No,Allergy/safety edge case,"Admitted to Emergency Department with Complicated intra-abdominal infection from Intra-abdominal Infection. Initial vitals: T 36.2 C, HR 97, BP 131/75, SpO2 96%. History: CKD; kidney function Normal; allergy Vancomycin; prior antibiotic exposure in 90d 0; previous resistant organism None known. Culture status Positive.",0,0.24199708,0,True Negative
PX-106269,ENC-20256269,True,2026-04-02 06:49:47,Clinical Patient 6270,69,Female,Not applicable,Surgical Ward,10,Active Inpatient,Diverticulitis with perforation,Intra-abdominal Infection,Enterobacter cloacae complex,37.7,118,93,47,95,20,33.2,,Mild impairment,Mild impairment,None known,,5,Levofloxacin,28,None known,0.302,0.929,92.9,High,0.876,0.503,0.785,0.272,0.18,-0.02,0.013,-0.02,-0.02,0.05,"Clinical explanation: AMR risk is high with prior antibiotic exposure=5, prior resistant organism=None known, and ward resistance rate=30.2%. Review feature attributions before making a clinical decision.",Meropenem + Vancomycin,Ceftazidime-Avibactam,86.4,Renal adjustment review required,Renal adjustment review required,Pending,Decision not yet recorded,Clinician-selected regimen,Positive,2026-04-06 06:49:47,Enterobacter cloacae complex,Other MDR,Concordant,Recovered,No,Renal impairment,"Admitted to Surgical Ward with Diverticulitis with perforation from Intra-abdominal Infection. Initial vitals: T 37.7 C, HR 118, BP 93/47, SpO2 95%. History: None; kidney function Mild impairment; allergy None known; prior antibiotic exposure in 90d 5; previous resistant organism None known. Culture status Positive.",1,0.6409141,1,True Positive
PX-106275,ENC-20256275,True,2026-04-02 18:53:45,Clinical Patient 6276,67,Male,Not applicable,General Medicine,23,Active Inpatient,Complicated intra-abdominal infection,Intra-abdominal Infection,P. aeruginosa,38.2,75,124,75,99,18,18.0,Heart failure,Mild impairment,Normal,None known,,1,Ceftriaxone + Azithromycin,10,MRSA,0.269,0.773,77.3,High,0.826,0.242,0.588,0.527,0.02,0.08,0.005,-0.02,0.04,-0.02,"Clinical explanation: AMR risk is high with prior antibiotic exposure=1, prior resistant organism=MRSA, and ward resistance rate=26.9%. Review feature attributions before making a clinical decision.",Meropenem + Vancomycin,Ceftazidime-Avibactam,86.6,Renal adjustment review required,Renal adjustment review required,Accept,Clinician accepted the displayed first-line option,Meropenem + Vancomycin,Positive,2026-04-05 18:53:45,P. aeruginosa,MDR Pseudomonas,Concordant,Recovered,No,Renal impairment,"Admitted to General Medicine with Complicated intra-abdominal infection from Intra-abdominal Infection. Initial vitals: T 38.2 C, HR 75, BP 124/75, SpO2 99%. History: Heart failure; kidney function Mild impairment; allergy None known; prior antibiotic exposure in 90d 1; previous resistant organism MRSA. Culture status Positive.",1,0.74363834,1,True Positive
PX-106298,ENC-20256298,True,2026-04-04 16:51:21,Clinical Patient 6299,25,Female,No,ICU,23,Discharged,Appendicitis with abscess,Intra-abdominal Infection,K. pneumoniae,38.7,119,110,76,92,29,58.4,Heart failure,Mild impairment,Normal,None known,,0,None prior,0,ESBL,0.39,0.687,68.7,High,0.701,0.383,0.416,0.295,-0.02,0.08,0.035,0.06,0.04,0.05,"Clinical explanation: AMR risk is high with prior antibiotic exposure=0, prior resistant organism=ESBL, and ward resistance rate=39.0%. Review feature attributions before making a clinical decision.",Meropenem + Vancomycin,Ceftazidime-Avibactam,67.2,Renal adjustment review required,Renal adjustment review required,Pending,Decision not yet recorded,Clinician-selected regimen,Positive,2026-04-05 16:51:21,K. pneumoniae,None detected,Discordant,Recovered,No,Renal impairment,"Admitted to ICU with Appendicitis with abscess from Intra-abdominal Infection. Initial vitals: T 38.7 C, HR 119, BP 110/76, SpO2 92%. History: Heart failure; kidney function Mild impairment; allergy None known; prior antibiotic exposure in 90d 0; previous resistant organism ESBL. Culture status Positive.",0,0.6830939,1,False Positive (Type I Error)
PX-106302,ENC-20256302,True,2026-04-05 01:12:23,Clinical Patient 6303,39,Male,Not applicable,Emergency Department,17,Active Inpatient,Biliary tract infection,Intra-abdominal Infection,Mixed flora,37.4,126,72,44,98,20,37.8,Cancer; Heart failure,Normal,Mild impairment,None known,,0,None prior,0,None known,0.198,0.409,40.9,Medium,0.352,0.275,0.245,0.273,-0.02,-0.02,-0.013,-0.02,0.04,0.05,"Clinical explanation: AMR risk is medium with prior antibiotic exposure=0, prior resistant organism=None known, and ward resistance rate=19.8%. Review feature attributions before making a clinical decision.",Piperacillin-Tazobactam,Cefepime + Vancomycin,76.5,No renal adjustment flag,No renal adjustment flag,Accept,Clinician accepted the displayed first-line option,Piperacillin-Tazobactam,Positive,2026-04-09 01:12:23,S. aureus,None detected,Concordant,Improved,No,Boundary vitals,"Admitted to Emergency Department with Biliary tract infection from Intra-abdominal Infection. Initial vitals: T 37.4 C, HR 126, BP 72/44, SpO2 98%. History: Cancer; Heart failure; kidney function Normal; allergy None known; prior antibiotic exposure in 90d 0; previous resistant organism None known. Culture status Positive.",0,0.32835934,0,True Negative
PX-106323,ENC-20256323,True,2026-04-06 11:52:14,Clinical Patient 6324,72,Female,Not applicable,General Medicine,15,Active Inpatient,Complicated skin infection,Skin/Soft Tissue Infection,E. coli,38.6,113,117,73,98,19,19.1,,Normal,Normal,Penicillin,IgE-mediated,1,Amoxicillin-Clavulanate,21,None known,0.331,0.671,67.1,High,0.52,0.444,0.661,0.526,0.02,-0.02,0.02,-0.02,-0.02,0.05,"Clinical explanation: AMR risk is high with prior antibiotic exposure=1, prior resistant organism=None known, and ward resistance rate=33.1%. Review feature attributions before making a clinical decision.",Meropenem + Vancomycin,Ceftazidime-Avibactam,68.4,No renal adjustment flag,Documented Penicillin allergy,Accept,Clinician accepted the displayed first-line option,Meropenem + Vancomycin,Positive,2026-04-09 11:52:14,E. coli,CRE,Concordant,Recovered,No,Allergy/safety edge case,"Admitted to General Medicine with Complicated skin infection from Skin/Soft Tissue Infection. Initial vitals: T 38.6 C, HR 113, BP 117/73, SpO2 98%. History: None; kidney function Normal; allergy Penicillin; prior antibiotic exposure in 90d 1; previous resistant organism None known. Culture status Positive.",1,0.52409273,1,True Positive
PX-106358,ENC-20256358,True,2026-04-09 02:03:34,Clinical Patient 6359,55,Female,Not applicable,Surgical Ward,36,Active Inpatient,Early-onset VAP,Ventilator-Associated Pneumonia,K. pneumoniae,38.9,134,103,72,87,30,16.6,Cancer; Liver disease,Normal,Normal,None known,,1,Cefepime,7,MDR Pseudomonas,0.379,0.853,85.3,High,0.606,0.476,0.419,0.673,0.02,0.08,0.032,-0.02,0.04,0.05,"Clinical explanation: AMR risk is high with prior antibiotic exposure=1, prior resistant organism=MDR Pseudomonas, and ward resistance rate=37.9%. Review feature attributions before making a clinical decision.",Meropenem + Vancomycin,Ceftazidime-Avibactam,92.5,No renal adjustment flag,No renal adjustment flag,Accept,Clinician accepted the displayed first-line option,Meropenem + Vancomycin,Positive,2026-04-13 02:03:34,K. pneumoniae,Other MDR,Concordant,Improved,No,Prior resistant organism,"Admitted to Surgical Ward with Early-onset VAP from Ventilator-Associated Pneumonia. Initial vitals: T 38.9 C, HR 134, BP 103/72, SpO2 87%. History: Cancer; Liver disease; kidney function Normal; allergy None known; prior antibiotic exposure in 90d 1; previous resistant organism MDR Pseudomonas. Culture status Positive.",1,0.8308358,1,True Positive
PX-106369,ENC-20256369,True,2026-04-09 22:57:35,Clinical Patient 6370,52,Female,Not applicable,Surgical Ward,33,Active Inpatient,Pyelonephritis,Urinary Tract Infection,S. pneumoniae,38.1,102,119,75,95,17,19.2,Diabetes,AKI,Mild impairment,None known,,0,None prior,0,MRSA,0.357,0.57,57.0,Medium,0.435,0.395,0.364,0.243,-0.02,0.08,0.027,-0.02,0.04,-0.02,"Clinical explanation: AMR risk is medium with prior antibiotic exposure=0, prior resistant organism=MRSA, and ward resistance rate=35.7%. Review feature attributions before making a clinical decision.",Piperacillin-Tazobactam,Cefepime + Vancomycin,80.8,Renal adjustment review required,Renal adjustment review required,Accept,Clinician accepted the displayed first-line option,Piperacillin-Tazobactam,Positive,2026-04-12 22:57:35,S. pneumoniae,Other MDR,Concordant,Improved,No,Prior resistant organism,"Admitted to Surgical Ward with Pyelonephritis from Urinary Tract Infection. Initial vitals: T 38.1 C, HR 102, BP 119/75, SpO2 95%. History: Diabetes; kidney function AKI; allergy None known; prior antibiotic exposure in 90d 0; previous resistant organism MRSA. Culture status Positive.",1,0.6998914,1,True Positive
PX-106371,ENC-20256371,True,2026-04-10 00:58:07,Clinical Patient 6372,45,Male,Not applicable,General Medicine,15,Active Inpatient,HAP,Hospital-Acquired Pneumonia,Enterococcus faecalis,37.9,126,82,51,88,28,45.8,Cancer; Liver disease,Normal,Moderate impairment,Penicillin,Anaphylaxis,0,None in prior 90 days,0,None known,0.305,0.3,30.0,Low,0.24,0.124,0.218,0.089,-0.02,-0.02,0.014,-0.02,0.04,0.05,"Clinical explanation: AMR risk is low with prior antibiotic exposure=0, prior resistant organism=None known, and ward resistance rate=30.5%. Review feature attributions before making a clinical decision.",Ceftriaxone,Cefepime,88.7,No renal adjustment flag,Documented Penicillin allergy,Modify,Dose/frequency adjusted after clinical review,Cefepime,Positive,2026-04-12 00:58:07,Enterococcus faecalis,None detected,Concordant,Recovered,No,Allergy/safety edge case,"Admitted to General Medicine with HAP from Hospital-Acquired Pneumonia. Initial vitals: T 37.9 C, HR 126, BP 82/51, SpO2 88%. History: Cancer; Liver disease; kidney function Normal; allergy Penicillin; prior antibiotic exposure in 90d 0; previous resistant organism None known. Culture status Positive.",0,0.30968145,0,True Negative
PX-106372,ENC-20256372,True,2026-04-10 01:40:05,Clinical Patient 6373,88,Male,Not applicable,General Medicine,35,Active Inpatient,HAP,Hospital-Acquired Pneumonia,S. aureus,39.5,122,99,51,89,21,69.6,,Normal,Normal,Penicillin,Anaphylaxis,0,None prior,0,MRSA,0.138,0.583,58.3,Medium,0.525,0.456,0.536,0.35,-0.02,0.08,-0.028,-0.02,-0.02,0.05,"Clinical explanation: AMR risk is medium with prior antibiotic exposure=0, prior resistant organism=MRSA, and ward resistance rate=13.8%. Review feature attributions before making a clinical decision.",Piperacillin-Tazobactam,Cefepime + Vancomycin,90.1,No renal adjustment flag,Documented Penicillin allergy,Accept,Clinician accepted the displayed first-line option,Piperacillin-Tazobactam,Positive,2026-04-11 01:40:05,S. aureus,MRSA,Concordant,Improved,No,Allergy/safety edge case,"Admitted to General Medicine with HAP from Hospital-Acquired Pneumonia. Initial vitals: T 39.5 C, HR 122, BP 99/51, SpO2 89%. History: None; kidney function Normal; allergy Penicillin; prior antibiotic exposure in 90d 0; previous resistant organism MRSA. Culture status Positive.",1,0.57045466,1,True Positive
PX-106375,ENC-20256375,True,2026-04-10 06:14:34,Clinical Patient 6376,92,Male,Not applicable,ICU,23,Discharged,Aspiration pneumonia,Community-Acquired Pneumonia,No organism identified,38.3,112,101,58,95,32,106.1,Immunosuppression,Normal,Mild impairment,None known,,0,None in prior 90 days,0,None known,0.406,0.77,77.0,High,0.744,0.355,0.66,0.537,-0.02,-0.02,0.039,0.06,0.04,0.05,"Clinical explanation: AMR risk is high with prior antibiotic exposure=0, prior resistant organism=None known, and ward resistance rate=40.6%. Review feature attributions before making a clinical decision.",Meropenem + Vancomycin,Ceftazidime-Avibactam,71.0,No renal adjustment flag,No renal adjustment flag,Accept,Clinician accepted the displayed first-line option,Meropenem + Vancomycin,Positive,2026-04-14 06:14:34,K. pneumoniae,ESBL,Concordant,Recovered,No,Standard scenario,"Admitted to ICU with Aspiration pneumonia from Community-Acquired Pneumonia. Initial vitals: T 38.3 C, HR 112, BP 101/58, SpO2 95%. History: Immunosuppression; kidney function Normal; allergy None known; prior antibiotic exposure in 90d 0; previous resistant organism None known. Culture status Positive.",1,0.5562913,1,True Positive
PX-106421,ENC-20256421,True,2026-04-13 15:32:34,Clinical Patient 6422,42,Male,Not applicable,Surgical Ward,37,Active Inpatient,Suspected bacteremia,Bloodstream Infection,P. aeruginosa,38.6,110,66,35,99,18,27.2,Hypertension,Mild impairment,Normal,None known,,0,None in prior 90 days,0,ESBL,0.366,0.674,67.4,High,0.614,0.262,0.502,0.499,-0.02,0.08,0.029,-0.02,0.04,0.05,"Clinical explanation: AMR risk is high with prior antibiotic exposure=0, prior resistant organism=ESBL, and ward resistance rate=36.6%. Review feature attributions before making a clinical decision.",Meropenem + Vancomycin,Ceftazidime-Avibactam,78.0,Renal adjustment review required,Renal adjustment review required,Accept,Clinician accepted the displayed first-line option,Meropenem + Vancomycin,Positive,2026-04-17 15:32:34,P. aeruginosa,None detected,Discordant,Recovered,No,Renal impairment,"Admitted to Surgical Ward with Suspected bacteremia from Bloodstream Infection. Initial vitals: T 38.6 C, HR 110, BP 66/35, SpO2 99%. History: Hypertension; kidney function Mild impairment; allergy None known; prior antibiotic exposure in 90d 0; previous resistant organism ESBL. Culture status Positive.",0,0.7524724,1,False Positive (Type I Error)
PX-106425,ENC-20256425,True,2026-04-14 09:01:55,Clinical Patient 6426,48,Male,Not applicable,ICU,18,Active Inpatient,Severe HAP,Hospital-Acquired Pneumonia,P. aeruginosa,36.1,110,90,40,85,17,88.5,,Mild impairment,Normal,None known,,1,Cefepime,10,None known,0.469,0.671,67.1,High,0.674,0.349,0.415,0.413,0.02,-0.02,0.055,0.06,-0.02,0.05,"Clinical explanation: AMR risk is high with prior antibiotic exposure=1, prior resistant organism=None known, and ward resistance rate=46.9%. Review feature attributions before making a clinical decision.",Meropenem + Vancomycin,Ceftazidime-Avibactam,94.4,Renal adjustment review required,Renal adjustment review required,Accept,Clinician accepted the displayed first-line option,Meropenem + Vancomycin,Positive,2026-04-18 09:01:55,P. aeruginosa,MDR Pseudomonas,Concordant,Treatment modified after deterioration,Yes,Renal impairment,"Admitted to ICU with Severe HAP from Hospital-Acquired Pneumonia. Initial vitals: T 36.1 C, HR 110, BP 90/40, SpO2 85%. History: None; kidney function Mild impairment; allergy None known; prior antibiotic exposure in 90d 1; previous resistant organism None known. Culture status Positive.",1,0.7153293,1,True Positive
PX-106444,ENC-20256444,True,2026-04-15 11:27:55,Clinical Patient 6445,61,Female,Not applicable,General Medicine,38,Discharged,Complicated UTI,Urinary Tract Infection,S. pneumoniae,37.6,65,109,65,98,16,47.9,CKD,Moderate impairment,Normal,None known,,0,None in prior 90 days,0,None known,0.275,0.239,23.9,Low,0.178,0.121,0.2,0.182,-0.02,-0.02,0.006,-0.02,0.04,-0.02,"Clinical explanation: AMR risk is low with prior antibiotic exposure=0, prior resistant organism=None known, and ward resistance rate=27.5%. Review feature attributions before making a clinical decision.",Ceftriaxone,Cefepime,67.4,Renal adjustment review required,Renal adjustment review required,Accept,Clinician accepted the displayed first-line option,Ceftriaxone,Positive,2026-04-19 11:27:55,S. pneumoniae,None detected,Concordant,Improved,No,Renal impairment,"Admitted to General Medicine with Complicated UTI from Urinary Tract Infection. Initial vitals: T 37.6 C, HR 65, BP 109/65, SpO2 98%. History: CKD; kidney function Moderate impairment; allergy None known; prior antibiotic exposure in 90d 0; previous resistant organism None known. Culture status Positive.",0,0.26797584,0,True Negative
PX-106452,ENC-20256452,True,2026-04-16 14:09:19,Clinical Patient 6453,40,Female,No,Surgical Ward,35,Active Inpatient,Catheter-associated UTI,Urinary Tract Infection,S. pneumoniae,37.0,104,136,94,98,17,15.7,,Moderate impairment,Normal,None known,,0,None in prior 90 days,0,None known,0.417,0.243,24.3,Low,0.252,0.182,0.134,0.116,-0.02,-0.02,0.042,-0.02,-0.02,-0.02,"Clinical explanation: AMR risk is low with prior antibiotic exposure=0, prior resistant organism=None known, and ward resistance rate=41.7%. Review feature attributions before making a clinical decision.",Ceftriaxone,Cefepime,73.4,Renal adjustment review required,Renal adjustment review required,Accept,Clinician accepted the displayed first-line option,Ceftriaxone,Positive,2026-04-19 14:09:19,S. pneumoniae,None detected,Concordant,Improved,No,Renal impairment,"Admitted to Surgical Ward with Catheter-associated UTI from Urinary Tract Infection. Initial vitals: T 37.0 C, HR 104, BP 136/94, SpO2 98%. History: None; kidney function Moderate impairment; allergy None known; prior antibiotic exposure in 90d 0; previous resistant organism None known. Culture status Positive.",0,0.31436497,0,True Negative
PX-106476,ENC-20256476,True,2026-04-18 16:31:52,Clinical Patient 6477,77,Female,Not applicable,General Medicine,19,Discharged,Urosepsis,Urinary Tract Infection,S. pneumoniae,37.3,92,142,82,97,17,5.7,Cancer,Normal,Normal,None known,,0,None prior,0,None known,0.286,0.154,15.4,Low,0.146,0.124,0.12,0.12,-0.02,-0.02,0.009,-0.02,0.04,-0.02,"Clinical explanation: AMR risk is low with prior antibiotic exposure=0, prior resistant organism=None known, and ward resistance rate=28.6%. Review feature attributions before making a clinical decision.",Ceftriaxone,Cefepime,80.1,No renal adjustment flag,No renal adjustment flag,Accept,Clinician accepted the displayed first-line option,Ceftriaxone,Positive,2026-04-20 16:31:52,S. pneumoniae,None detected,Concordant,Improved,No,Standard scenario,"Admitted to General Medicine with Urosepsis from Urinary Tract Infection. Initial vitals: T 37.3 C, HR 92, BP 142/82, SpO2 97%. History: Cancer; kidney function Normal; allergy None known; prior antibiotic exposure in 90d 0; previous resistant organism None known. Culture status Positive.",0,0.32869074,0,True Negative
PX-106492,ENC-20256492,True,2026-04-19 12:30:36,Clinical Patient 6493,68,Female,Not applicable,General Medicine,10,Active Inpatient,Late-onset VAP,Ventilator-Associated Pneumonia,No organism identified,38.3,102,106,55,91,31,35.8,COPD,Normal,Normal,None known,,0,None in prior 90 days,0,None known,0.291,0.295,29.5,Low,0.279,0.258,0.262,0.176,-0.02,-0.02,0.01,-0.02,0.04,-0.02,"Clinical explanation: AMR risk is low with prior antibiotic exposure=0, prior resistant organism=None known, and ward resistance rate=29.1%. Review feature attributions before making a clinical decision.",Ceftriaxone,Cefepime,93.5,No renal adjustment flag,No renal adjustment flag,Accept,Clinician accepted the displayed first-line option,Ceftriaxone,Positive,2026-04-23 12:30:36,Enterococcus faecalis,Other MDR,Discordant,Recovered,No,Standard scenario,"Admitted to General Medicine with Late-onset VAP from Ventilator-Associated Pneumonia. Initial vitals: T 38.3 C, HR 102, BP 106/55, SpO2 91%. History: COPD; kidney function Normal; allergy None known; prior antibiotic exposure in 90d 0; previous resistant organism None known. Culture status Positive.",1,0.34678158,0,False Negative (Type II Error - Critical Missed Resistance)
PX-106494,ENC-20256494,True,2026-04-19 16:24:50,Clinical Patient 6495,48,Female,No,General Medicine,21,Active Inpatient,Severe HAP,Hospital-Acquired Pneumonia,Enterobacter cloacae complex,38.9,91,65,35,86,27,36.7,,Normal,Mild impairment,Penicillin,Anaphylaxis,0,None prior,0,None known,0.283,0.492,49.2,Medium,0.362,0.201,0.447,0.152,-0.02,-0.02,0.008,-0.02,-0.02,0.05,"Clinical explanation: AMR risk is medium with prior antibiotic exposure=0, prior resistant organism=None known, and ward resistance rate=28.3%. Review feature attributions before making a clinical decision.",Piperacillin-Tazobactam,Cefepime + Vancomycin,74.3,No renal adjustment flag,Documented Penicillin allergy,Override,Alternative source-control plan,Clinician-selected regimen,Positive,2026-04-23 16:24:50,Enterobacter cloacae complex,CRE,Discordant,Improved,No,Allergy/safety edge case,"Admitted to General Medicine with Severe HAP from Hospital-Acquired Pneumonia. Initial vitals: T 38.9 C, HR 91, BP 65/35, SpO2 86%. History: None; kidney function Normal; allergy Penicillin; prior antibiotic exposure in 90d 0; previous resistant organism None known. Culture status Positive.",1,0.3164285,0,False Negative (Type II Error - Critical Missed Resistance)
PX-106498,ENC-20256498,True,2026-04-20 00:52:36,Clinical Patient 6499,86,Male,Not applicable,Surgical Ward,19,Active Inpatient,HAP,Hospital-Acquired Pneumonia,Enterobacter cloacae complex,38.4,121,95,56,92,33,13.4,Diabetes,Normal,Normal,Penicillin,Mild/rash,0,None prior,0,None known,0.235,0.495,49.5,Medium,0.526,0.231,0.397,0.301,-0.02,-0.02,-0.004,-0.02,0.04,0.05,"Clinical explanation: AMR risk is medium with prior antibiotic exposure=0, prior resistant organism=None known, and ward resistance rate=23.5%. Review feature attributions before making a clinical decision.",Piperacillin-Tazobactam,Cefepime + Vancomycin,73.7,No renal adjustment flag,Documented Penicillin allergy,Pending,Decision not yet recorded,Clinician-selected regimen,Positive,2026-04-23 00:52:36,Enterobacter cloacae complex,CRE,Discordant,Improved,No,Allergy/safety edge case,"Admitted to Surgical Ward with HAP from Hospital-Acquired Pneumonia. Initial vitals: T 38.4 C, HR 121, BP 95/56, SpO2 92%. History: Diabetes; kidney function Normal; allergy Penicillin; prior antibiotic exposure in 90d 0; previous resistant organism None known. Culture status Positive.",1,0.37191445,0,False Negative (Type II Error - Critical Missed Resistance)
PX-106528,ENC-20256528,True,2026-04-21 21:15:48,Clinical Patient 6529,82,Female,Not applicable,General Medicine,18,Active Inpatient,Catheter-associated UTI,Urinary Tract Infection,Mixed flora,39.4,61,135,86,95,13,14.3,,Normal,Normal,None known,,0,None in prior 90 days,0,None known,0.277,0.44,44.0,Medium,0.484,0.18,0.305,0.253,-0.02,-0.02,0.007,-0.02,-0.02,0.05,"Clinical explanation: AMR risk is medium with prior antibiotic exposure=0, prior resistant organism=None known, and ward resistance rate=27.7%. Review feature attributions before making a clinical decision.",Piperacillin-Tazobactam,Cefepime + Vancomycin,70.7,No renal adjustment flag,No renal adjustment flag,Accept,Clinician accepted the displayed first-line option,Piperacillin-Tazobactam,Positive,2026-04-22 21:15:48,Enterococcus faecalis,None detected,Concordant,Recovered,No,Missing/unknown clinical field,"Admitted to General Medicine with Catheter-associated UTI from Urinary Tract Infection. Initial vitals: T 39.4 C, HR 61, BP 135/86, SpO2 95%. History: None; kidney function Normal; allergy None known; prior antibiotic exposure in 90d 0; previous resistant organism None known. Culture status Positive.",0,0.25431585,0,True Negative
PX-106539,ENC-20256539,True,2026-04-22 08:15:55,Clinical Patient 6540,44,Male,Not applicable,General Medicine,6,Transferred,Wound infection,Skin/Soft Tissue Infection,P. aeruginosa,39.2,111,65,44,96,11,60.3,Cancer; Liver disease,Mild impairment,Severe impairment,None known,,2,Ceftriaxone,28,None known,0.309,0.684,68.4,High,0.711,0.267,0.604,0.311,0.06,-0.02,0.015,-0.02,0.04,0.05,"Clinical explanation: AMR risk is high with prior antibiotic exposure=2, prior resistant organism=None known, and ward resistance rate=30.9%. Review feature attributions before making a clinical decision.",Meropenem + Vancomycin,Ceftazidime-Avibactam,73.3,Renal adjustment review required,Renal adjustment review required,Accept,Clinician accepted the displayed first-line option,Meropenem + Vancomycin,Positive,2026-04-26 08:15:55,P. aeruginosa,MDR Pseudomonas,Concordant,Recovered,No,Renal impairment,"Admitted to General Medicine with Wound infection from Skin/Soft Tissue Infection. Initial vitals: T 39.2 C, HR 111, BP 65/44, SpO2 96%. History: Cancer; Liver disease; kidney function Mild impairment; allergy None known; prior antibiotic exposure in 90d 2; previous resistant organism None known. Culture status Positive.",1,0.60616773,1,True Positive
PX-106558,ENC-20256558,True,2026-04-23 14:47:46,Clinical Patient 6559,26,Female,No,Surgical Ward,13,Discharged,Peritonitis,Intra-abdominal Infection,Mixed flora,38.2,90,142,91,94,20,12.7,Immunosuppression,Normal,Normal,None known,,0,None in prior 90 days,0,None known,0.386,0.586,58.6,Medium,0.59,0.437,0.291,0.385,-0.02,-0.02,0.034,-0.02,0.04,-0.02,"Clinical explanation: AMR risk is medium with prior antibiotic exposure=0, prior resistant organism=None known, and ward resistance rate=38.6%. Review feature attributions before making a clinical decision.",Piperacillin-Tazobactam,Cefepime + Vancomycin,69.9,No renal adjustment flag,No renal adjustment flag,Accept,Clinician accepted the displayed first-line option,Piperacillin-Tazobactam,Positive,2026-04-24 14:47:46,P. aeruginosa,Other MDR,Concordant,Improved,No,Standard scenario,"Admitted to Surgical Ward with Peritonitis from Intra-abdominal Infection. Initial vitals: T 38.2 C, HR 90, BP 142/91, SpO2 94%. History: Immunosuppression; kidney function Normal; allergy None known; prior antibiotic exposure in 90d 0; previous resistant organism None known. Culture status Positive.",1,0.2579991,0,False Negative (Type II Error - Critical Missed Resistance)
PX-106564,ENC-20256564,True,2026-04-23 19:58:54,Clinical Patient 6565,63,Male,Not applicable,General Medicine,6,Active Inpatient,Catheter-associated UTI,Urinary Tract Infection,No organism identified,37.1,101,140,79,94,21,20.4,,Normal,Normal,None known,,0,None prior,0,ESBL,0.25,0.385,38.5,Medium,0.419,0.282,0.357,0.263,-0.02,0.08,0.0,-0.02,-0.02,-0.02,"Clinical explanation: AMR risk is medium with prior antibiotic exposure=0, prior resistant organism=ESBL, and ward resistance rate=25.0%. Review feature attributions before making a clinical decision.",Piperacillin-Tazobactam,Cefepime + Vancomycin,93.8,No renal adjustment flag,No renal adjustment flag,Modify,Dose/frequency adjusted after clinical review,Cefepime + Vancomycin,Positive,2026-04-26 19:58:54,Enterococcus faecalis,None detected,Concordant,Recovered,No,Prior resistant organism,"Admitted to General Medicine with Catheter-associated UTI from Urinary Tract Infection. Initial vitals: T 37.1 C, HR 101, BP 140/79, SpO2 94%. History: None; kidney function Normal; allergy None known; prior antibiotic exposure in 90d 0; previous resistant organism ESBL. Culture status Positive.",0,0.4967358,0,True Negative
PX-106574,ENC-20256574,True,2026-04-24 21:06:55,Clinical Patient 6575,54,Female,Not applicable,General Medicine,38,Transferred,Suspected bacteremia,Bloodstream Infection,P. aeruginosa,38.6,91,120,67,94,20,70.3,Hypertension; Immunosuppression; Liver disease,Normal,Normal,Penicillin,Anaphylaxis,0,None in prior 90 days,0,None known,0.275,0.605,60.5,High,0.662,0.225,0.573,0.372,-0.02,-0.02,0.006,-0.02,0.04,0.05,"Clinical explanation: AMR risk is high with prior antibiotic exposure=0, prior resistant organism=None known, and ward resistance rate=27.5%. Review feature attributions before making a clinical decision.",Meropenem + Vancomycin,Ceftazidime-Avibactam,83.3,No renal adjustment flag,Documented Penicillin allergy,Accept,Clinician accepted the displayed first-line option,Meropenem + Vancomycin,Positive,2026-04-27 21:06:55,P. aeruginosa,None detected,Discordant,Recovered,No,Allergy/safety edge case,"Admitted to General Medicine with Suspected bacteremia from Bloodstream Infection. Initial vitals: T 38.6 C, HR 91, BP 120/67, SpO2 94%. History: Hypertension; Immunosuppression; Liver disease; kidney function Normal; allergy Penicillin; prior antibiotic exposure in 90d 0; previous resistant organism None known. Culture status Positive.",0,0.24773628,0,True Negative
PX-106590,ENC-20256590,True,2026-04-26 08:39:37,Clinical Patient 6591,18,Male,Not applicable,General Medicine,13,Discharged,Pyelonephritis,Urinary Tract Infection,E. coli,38.7,106,82,48,100,18,27.7,CKD; COPD; Heart failure,AKI,Moderate impairment,None known,,2,Ceftriaxone,21,MRSA,0.316,0.821,82.1,High,0.808,0.645,0.77,0.423,0.06,0.08,0.017,-0.02,0.04,0.05,"Clinical explanation: AMR risk is high with prior antibiotic exposure=2, prior resistant organism=MRSA, and ward resistance rate=31.6%. Review feature attributions before making a clinical decision.",Meropenem + Vancomycin,Ceftazidime-Avibactam,76.1,Renal adjustment review required,Renal adjustment review required,Accept,Clinician accepted the displayed first-line option,Meropenem + Vancomycin,Positive,2026-04-27 08:39:37,E. coli,None detected,Discordant,Recovered,No,Prior resistant organism,"Admitted to General Medicine with Pyelonephritis from Urinary Tract Infection. Initial vitals: T 38.7 C, HR 106, BP 82/48, SpO2 100%. History: CKD; COPD; Heart failure; kidney function AKI; allergy None known; prior antibiotic exposure in 90d 2; previous resistant organism MRSA. Culture status Positive.",0,0.7293892,1,False Positive (Type I Error)
PX-106616,ENC-20256616,True,2026-04-28 05:46:56,Clinical Patient 6617,32,Male,Not applicable,ICU,7,Active Inpatient,VAP,Ventilator-Associated Pneumonia,Enterococcus faecalis,37.9,128,101,53,86,26,37.2,,AKI,Normal,Multiple antibiotics,IgE-mediated,0,None prior,0,None known,0.411,0.619,61.9,High,0.567,0.255,0.483,0.381,-0.02,-0.02,0.04,0.06,-0.02,0.05,"Clinical explanation: AMR risk is high with prior antibiotic exposure=0, prior resistant organism=None known, and ward resistance rate=41.1%. Review feature attributions before making a clinical decision.",Meropenem + Vancomycin,Ceftazidime-Avibactam,74.9,Renal adjustment review required,Documented Multiple antibiotics allergy | Renal adjustment review required,Modify,Dose/frequency adjusted after clinical review,Ceftazidime-Avibactam,Positive,2026-04-29 05:46:56,Enterococcus faecalis,Other MDR,Concordant,Improved,No,Allergy/safety edge case,"Admitted to ICU with VAP from Ventilator-Associated Pneumonia. Initial vitals: T 37.9 C, HR 128, BP 101/53, SpO2 86%. History: None; kidney function AKI; allergy Multiple antibiotics; prior antibiotic exposure in 90d 0; previous resistant organism None known. Culture status Positive.",1,0.45615968,0,False Negative (Type II Error - Critical Missed Resistance)
PX-106619,ENC-20256619,True,2026-04-28 10:21:50,Clinical Patient 6620,92,Male,Not applicable,Surgical Ward,17,Active Inpatient,Diverticulitis with perforation,Intra-abdominal Infection,P. aeruginosa,38.8,122,106,60,96,20,29.2,Cancer,Moderate impairment,Normal,None known,,2,Ceftriaxone,3,MRSA,0.251,0.929,92.9,High,0.95,0.286,0.806,0.366,0.06,0.08,0.0,-0.02,0.04,0.05,"Clinical explanation: AMR risk is high with prior antibiotic exposure=2, prior resistant organism=MRSA, and ward resistance rate=25.1%. Review feature attributions before making a clinical decision.",Meropenem + Vancomycin,Ceftazidime-Avibactam,83.7,Renal adjustment review required,Renal adjustment review required,Modify,Dose/frequency adjusted after clinical review,Ceftazidime-Avibactam,Positive,2026-05-01 10:21:50,P. aeruginosa,None detected,Discordant,Recovered,No,Renal impairment,"Admitted to Surgical Ward with Diverticulitis with perforation from Intra-abdominal Infection. Initial vitals: T 38.8 C, HR 122, BP 106/60, SpO2 96%. History: Cancer; kidney function Moderate impairment; allergy None known; prior antibiotic exposure in 90d 2; previous resistant organism MRSA. Culture status Positive.",0,0.79595906,1,False Positive (Type I Error)
PX-106631,ENC-20256631,True,2026-04-29 08:43:01,Clinical Patient 6632,78,Female,Not applicable,ICU,15,Active Inpatient,Aspiration pneumonia,Community-Acquired Pneumonia,Enterobacter cloacae complex,38.8,129,84,46,89,19,29.0,CKD; Heart failure,Normal,Normal,None known,,2,Amoxicillin-Clavulanate,7,None known,0.397,0.868,86.8,High,0.941,0.295,0.538,0.287,0.06,-0.02,0.037,0.06,0.04,0.05,"Clinical explanation: AMR risk is high with prior antibiotic exposure=2, prior resistant organism=None known, and ward resistance rate=39.7%. Review feature attributions before making a clinical decision.",Meropenem + Vancomycin,Ceftazidime-Avibactam,81.4,No renal adjustment flag,No renal adjustment flag,Accept,Clinician accepted the displayed first-line option,Meropenem + Vancomycin,Positive,2026-05-03 08:43:01,Enterobacter cloacae complex,Other MDR,Concordant,Improved,No,Standard scenario,"Admitted to ICU with Aspiration pneumonia from Community-Acquired Pneumonia. Initial vitals: T 38.8 C, HR 129, BP 84/46, SpO2 89%. History: CKD; Heart failure; kidney function Normal; allergy None known; prior antibiotic exposure in 90d 2; previous resistant organism None known. Culture status Positive.",1,0.6559097,1,True Positive
PX-106642,ENC-20256642,True,2026-04-30 03:02:37,Clinical Patient 6643,47,Female,No,General Medicine,7,Discharged,Complicated UTI,Urinary Tract Infection,P. aeruginosa,37.6,79,92,52,96,15,11.2,Hypertension,Normal,Normal,Penicillin,Anaphylaxis,0,None prior,0,None known,0.291,0.214,21.4,Low,0.161,0.109,0.091,0.141,-0.02,-0.02,0.01,-0.02,0.04,-0.02,"Clinical explanation: AMR risk is low with prior antibiotic exposure=0, prior resistant organism=None known, and ward resistance rate=29.1%. Review feature attributions before making a clinical decision.",Ceftriaxone,Cefepime,88.6,No renal adjustment flag,Documented Penicillin allergy,Accept,Clinician accepted the displayed first-line option,Ceftriaxone,Positive,2026-05-04 03:02:37,P. aeruginosa,MDR Pseudomonas,Discordant,Recovered,No,Allergy/safety edge case,"Admitted to General Medicine with Complicated UTI from Urinary Tract Infection. Initial vitals: T 37.6 C, HR 79, BP 92/52, SpO2 96%. History: Hypertension; kidney function Normal; allergy Penicillin; prior antibiotic exposure in 90d 0; previous resistant organism None known. Culture status Positive.",1,0.20586273,0,False Negative (Type II Error - Critical Missed Resistance)
PX-106644,ENC-20256644,True,2026-04-30 05:33:13,Clinical Patient 6645,18,Male,Not applicable,Emergency Department,11,Discharged,Urosepsis,Urinary Tract Infection,P. aeruginosa,38.9,95,120,67,95,16,10.3,,Moderate impairment,Normal,None known,,0,None prior,0,None known,0.144,0.158,15.8,Low,0.15,0.138,0.157,0.085,-0.02,-0.02,-0.027,-0.02,-0.02,0.05,"Clinical explanation: AMR risk is low with prior antibiotic exposure=0, prior resistant organism=None known, and ward resistance rate=14.4%. Review feature attributions before making a clinical decision.",Ceftriaxone,Cefepime,84.3,Renal adjustment review required,Renal adjustment review required,Modify,Dose/frequency adjusted after clinical review,Cefepime,Positive,2026-05-01 05:33:13,P. aeruginosa,None detected,Concordant,Improved,No,Renal impairment,"Admitted to Emergency Department with Urosepsis from Urinary Tract Infection. Initial vitals: T 38.9 C, HR 95, BP 120/67, SpO2 95%. History: None; kidney function Moderate impairment; allergy None known; prior antibiotic exposure in 90d 0; previous resistant organism None known. Culture status Positive.",0,0.17294683,0,True Negative
PX-106645,ENC-20256645,True,2026-04-30 07:58:12,Clinical Patient 6646,52,Male,Not applicable,ICU,28,Active Inpatient,HAP,Hospital-Acquired Pneumonia,Enterococcus faecalis,39.2,128,105,46,88,20,36.8,Cancer,Mild impairment,Normal,None known,,4,Meropenem,14,None known,0.483,0.956,95.6,High,0.87,0.475,0.465,0.721,0.14,-0.02,0.058,0.06,0.04,0.05,"Clinical explanation: AMR risk is high with prior antibiotic exposure=4, prior resistant organism=None known, and ward resistance rate=48.3%. Review feature attributions before making a clinical decision.",Meropenem + Vancomycin,Ceftazidime-Avibactam,91.3,Renal adjustment review required,Renal adjustment review required,Accept,Clinician accepted the displayed first-line option,Meropenem + Vancomycin,Positive,2026-05-02 07:58:12,Enterococcus faecalis,MRSA,Concordant,Recovered,No,Renal impairment,"Admitted to ICU with HAP from Hospital-Acquired Pneumonia. Initial vitals: T 39.2 C, HR 128, BP 105/46, SpO2 88%. History: Cancer; kidney function Mild impairment; allergy None known; prior antibiotic exposure in 90d 4; previous resistant organism None known. Culture status Positive.",1,0.7269287,1,True Positive
PX-106652,ENC-20256652,True,2026-04-30 23:34:14,Clinical Patient 6653,64,Female,Not applicable,General Medicine,18,Active Inpatient,Peritonitis,Intra-abdominal Infection,Enterobacter cloacae complex,38.2,122,89,60,96,21,46.0,CKD; Cancer; Liver disease,Moderate impairment,Mild impairment,None known,,2,Levofloxacin,7,None known,0.227,0.564,56.4,Medium,0.523,0.373,0.502,0.424,0.06,-0.02,-0.006,-0.02,0.04,0.05,"Clinical explanation: AMR risk is medium with prior antibiotic exposure=2, prior resistant organism=None known, and ward resistance rate=22.7%. Review feature attributions before making a clinical decision.",Piperacillin-Tazobactam,Cefepime + Vancomycin,91.2,Renal adjustment review required,Renal adjustment review required,Accept,Clinician accepted the displayed first-line option,Piperacillin-Tazobactam,Positive,2026-05-01 23:34:14,Enterobacter cloacae complex,ESBL,Concordant,Recovered,No,Renal impairment,"Admitted to General Medicine with Peritonitis from Intra-abdominal Infection. Initial vitals: T 38.2 C, HR 122, BP 89/60, SpO2 96%. History: CKD; Cancer; Liver disease; kidney function Moderate impairment; allergy None known; prior antibiotic exposure in 90d 2; previous resistant organism None known. Culture status Positive.",1,0.5110065,1,True Positive
PX-106666,ENC-20256666,True,2026-05-02 00:48:08,Clinical Patient 6667,61,Male,Not applicable,General Medicine,37,Active Inpatient,Severe HAP,Hospital-Acquired Pneumonia,Enterococcus faecalis,38.0,97,109,75,89,28,38.7,,Mild impairment,Moderate impairment,None known,,3,Levofloxacin,7,CRE,0.309,0.849,84.9,High,0.736,0.514,0.824,0.235,0.1,0.08,0.015,-0.02,-0.02,-0.02,"Clinical explanation: AMR risk is high with prior antibiotic exposure=3, prior resistant organism=CRE, and ward resistance rate=30.9%. Review feature attributions before making a clinical decision.",Meropenem + Vancomycin,Ceftazidime-Avibactam,93.3,Renal adjustment review required,Renal adjustment review required,Accept,Clinician accepted the displayed first-line option,Meropenem + Vancomycin,Positive,2026-05-03 00:48:08,Enterococcus faecalis,Other MDR,Concordant,Improved,No,Renal impairment,"Admitted to General Medicine with Severe HAP from Hospital-Acquired Pneumonia. Initial vitals: T 38.0 C, HR 97, BP 109/75, SpO2 89%. History: None; kidney function Mild impairment; allergy None known; prior antibiotic exposure in 90d 3; previous resistant organism CRE. Culture status Positive.",1,0.8488289,1,True Positive
PX-106667,ENC-20256667,True,2026-05-02 02:03:05,Clinical Patient 6668,46,Female,No,General Medicine,37,Active Inpatient,VAP,Ventilator-Associated Pneumonia,S. pneumoniae,39.3,115,92,45,86,17,68.4,Immunosuppression,Normal,Normal,None known,,3,Ertapenem,5,None known,0.197,0.765,76.5,High,0.637,0.673,0.616,0.462,0.1,-0.02,-0.013,-0.02,0.04,0.05,"Clinical explanation: AMR risk is high with prior antibiotic exposure=3, prior resistant organism=None known, and ward resistance rate=19.7%. Review feature attributions before making a clinical decision.",Meropenem + Vancomycin,Ceftazidime-Avibactam,83.9,No renal adjustment flag,No renal adjustment flag,Accept,Clinician accepted the displayed first-line option,Meropenem + Vancomycin,Positive,2026-05-06 02:03:05,S. pneumoniae,Other MDR,Concordant,Improved,No,Standard scenario,"Admitted to General Medicine with VAP from Ventilator-Associated Pneumonia. Initial vitals: T 39.3 C, HR 115, BP 92/45, SpO2 86%. History: Immunosuppression; kidney function Normal; allergy None known; prior antibiotic exposure in 90d 3; previous resistant organism None known. Culture status Positive.",1,0.4391237,0,False Negative (Type II Error - Critical Missed Resistance)
PX-106672,ENC-20256672,True,2026-05-02 09:08:17,Clinical Patient 6673,82,Female,Not applicable,General Medicine,31,Active Inpatient,Severe HAP,Hospital-Acquired Pneumonia,K. pneumoniae,38.6,104,96,49,92,20,62.1,COPD,Moderate impairment,Mild impairment,Cephalosporin,Mild/rash,0,None prior,0,None known,0.276,0.301,30.1,Medium,0.228,0.199,0.29,0.222,-0.02,-0.02,0.007,-0.02,0.04,0.05,"Clinical explanation: AMR risk is medium with prior antibiotic exposure=0, prior resistant organism=None known, and ward resistance rate=27.6%. Review feature attributions before making a clinical decision.",Piperacillin-Tazobactam,Cefepime + Vancomycin,92.5,Renal adjustment review required,Documented Cephalosporin allergy | Renal adjustment review required,Override,Alternative source-control plan,Clinician-selected regimen,Positive,2026-05-06 09:08:17,K. pneumoniae,None detected,Concordant,Improved,No,Renal impairment,"Admitted to General Medicine with Severe HAP from Hospital-Acquired Pneumonia. Initial vitals: T 38.6 C, HR 104, BP 96/49, SpO2 92%. History: COPD; kidney function Moderate impairment; allergy Cephalosporin; prior antibiotic exposure in 90d 0; previous resistant organism None known. Culture status Positive.",0,0.35174525,0,True Negative
PX-106701,ENC-20256701,True,2026-05-04 18:27:49,Clinical Patient 6702,70,Female,Not applicable,General Medicine,18,Active Inpatient,Late-onset VAP,Ventilator-Associated Pneumonia,K. pneumoniae,38.6,113,99,55,88,19,44.2,Heart failure,Moderate impairment,Normal,Sulfonamide,Anaphylaxis,0,None in prior 90 days,0,None known,0.166,0.44,44.0,Medium,0.454,0.139,0.357,0.266,-0.02,-0.02,-0.021,-0.02,0.04,0.05,"Clinical explanation: AMR risk is medium with prior antibiotic exposure=0, prior resistant organism=None known, and ward resistance rate=16.6%. Review feature attributions before making a clinical decision.",Piperacillin-Tazobactam,Cefepime + Vancomycin,71.1,Renal adjustment review required,Documented Sulfonamide allergy | Renal adjustment review required,Accept,Clinician accepted the displayed first-line option,Piperacillin-Tazobactam,Positive,2026-05-06 18:27:49,K. pneumoniae,None detected,Concordant,Improved,No,Renal impairment,"Admitted to General Medicine with Late-onset VAP from Ventilator-Associated Pneumonia. Initial vitals: T 38.6 C, HR 113, BP 99/55, SpO2 88%. History: Heart failure; kidney function Moderate impairment; allergy Sulfonamide; prior antibiotic exposure in 90d 0; previous resistant organism None known. Culture status Positive.",0,0.27911085,0,True Negative
PX-106712,ENC-20256712,True,2026-05-05 20:17:13,Clinical Patient 6713,75,Female,Not applicable,General Medicine,29,Active Inpatient,VAP,Ventilator-Associated Pneumonia,K. pneumoniae,39.7,109,68,50,88,31,77.0,,Mild impairment,Normal,Penicillin,Mild/rash,0,None in prior 90 days,0,None known,0.236,0.452,45.2,Medium,0.475,0.314,0.257,0.357,-0.02,-0.02,-0.004,-0.02,-0.02,0.05,"Clinical explanation: AMR risk is medium with prior antibiotic exposure=0, prior resistant organism=None known, and ward resistance rate=23.6%. Review feature attributions before making a clinical decision.",Piperacillin-Tazobactam,Cefepime + Vancomycin,89.4,Renal adjustment review required,Documented Penicillin allergy | Renal adjustment review required,Override,Alternative source-control plan,Clinician-selected regimen,Positive,2026-05-08 20:17:13,K. pneumoniae,None detected,Concordant,Improved,No,Renal impairment,"Admitted to General Medicine with VAP from Ventilator-Associated Pneumonia. Initial vitals: T 39.7 C, HR 109, BP 68/50, SpO2 88%. History: None; kidney function Mild impairment; allergy Penicillin; prior antibiotic exposure in 90d 0; previous resistant organism None known. Culture status Positive.",0,0.33553538,0,True Negative
PX-106731,ENC-20256731,True,2026-05-07 11:13:37,Clinical Patient 6732,55,Male,Not applicable,Surgical Ward,18,Transferred,Pyelonephritis,Urinary Tract Infection,Enterococcus faecalis,37.0,77,161,92,95,21,18.7,Cancer; Diabetes,Normal,Normal,None known,,0,None in prior 90 days,0,CRE,0.278,0.632,63.2,High,0.576,0.523,0.534,0.412,-0.02,0.08,0.007,-0.02,0.04,-0.02,"Clinical explanation: AMR risk is high with prior antibiotic exposure=0, prior resistant organism=CRE, and ward resistance rate=27.8%. Review feature attributions before making a clinical decision.",Meropenem + Vancomycin,Ceftazidime-Avibactam,70.9,No renal adjustment flag,No renal adjustment flag,Accept,Clinician accepted the displayed first-line option,Meropenem + Vancomycin,Positive,2026-05-09 11:13:37,Enterococcus faecalis,None detected,Discordant,Recovered,No,Prior resistant organism,"Admitted to Surgical Ward with Pyelonephritis from Urinary Tract Infection. Initial vitals: T 37.0 C, HR 77, BP 161/92, SpO2 95%. History: Cancer; Diabetes; kidney function Normal; allergy None known; prior antibiotic exposure in 90d 0; previous resistant organism CRE. Culture status Positive.",0,0.58921486,1,False Positive (Type I Error)
PX-106737,ENC-20256737,True,2026-05-07 19:18:44,Clinical Patient 6738,44,Female,No,ICU,11,Active Inpatient,Diverticulitis with perforation,Intra-abdominal Infection,K. pneumoniae,39.0,111,90,57,96,21,158.6,CKD,Severe impairment,Normal,None known,,1,Cefepime,3,CRE,0.315,0.909,90.9,High,0.869,0.51,0.49,0.352,0.02,0.08,0.016,0.06,0.04,0.05,"Clinical explanation: AMR risk is high with prior antibiotic exposure=1, prior resistant organism=CRE, and ward resistance rate=31.5%. Review feature attributions before making a clinical decision.",Meropenem + Vancomycin,Ceftazidime-Avibactam,72.5,Renal adjustment review required,Renal adjustment review required,Accept,Clinician accepted the displayed first-line option,Meropenem + Vancomycin,Positive,2026-05-08 19:18:44,K. pneumoniae,ESBL,Concordant,Improved,No,Renal impairment,"Admitted to ICU with Diverticulitis with perforation from Intra-abdominal Infection. Initial vitals: T 39.0 C, HR 111, BP 90/57, SpO2 96%. History: CKD; kidney function Severe impairment; allergy None known; prior antibiotic exposure in 90d 1; previous resistant organism CRE. Culture status Positive.",1,0.7986232,1,True Positive
PX-106758,ENC-20256758,True,2026-05-09 05:50:58,Clinical Patient 6759,51,Male,Not applicable,ICU,14,Active Inpatient,Severe CAP,Community-Acquired Pneumonia,E. coli,35.6,141,91,43,88,25,126.2,,Normal,Moderate impairment,None known,,0,None prior,0,None known,0.298,0.289,28.9,Low,0.218,0.179,0.269,0.219,-0.02,-0.02,0.012,0.06,-0.02,0.05,"Clinical explanation: AMR risk is low with prior antibiotic exposure=0, prior resistant organism=None known, and ward resistance rate=29.8%. Review feature attributions before making a clinical decision.",Ceftriaxone,Cefepime,79.8,No renal adjustment flag,No renal adjustment flag,Accept,Clinician accepted the displayed first-line option,Ceftriaxone,Positive,2026-05-13 05:50:58,E. coli,CRE,Discordant,Improved,No,Missing/unknown clinical field,"Admitted to ICU with Severe CAP from Community-Acquired Pneumonia. Initial vitals: T 35.6 C, HR 141, BP 91/43, SpO2 88%. History: None; kidney function Normal; allergy None known; prior antibiotic exposure in 90d 0; previous resistant organism None known. Culture status Positive.",1,0.40851322,0,False Negative (Type II Error - Critical Missed Resistance)
PX-106781,ENC-20256781,True,2026-05-11 07:52:49,Clinical Patient 6782,63,Female,Not applicable,Surgical Ward,11,Active Inpatient,HAP,Hospital-Acquired Pneumonia,Enterobacter cloacae complex,39.3,119,94,58,89,33,18.6,,AKI,Normal,None known,,0,None in prior 90 days,0,None known,0.427,0.732,73.2,High,0.753,0.416,0.447,0.337,-0.02,-0.02,0.044,-0.02,-0.02,0.05,"Clinical explanation: AMR risk is high with prior antibiotic exposure=0, prior resistant organism=None known, and ward resistance rate=42.7%. Review feature attributions before making a clinical decision.",Meropenem + Vancomycin,Ceftazidime-Avibactam,87.6,Renal adjustment review required,Renal adjustment review required,Accept,Clinician accepted the displayed first-line option,Meropenem + Vancomycin,Positive,2026-05-13 07:52:49,Enterobacter cloacae complex,CRE,Concordant,Improved,No,Missing/unknown clinical field,"Admitted to Surgical Ward with HAP from Hospital-Acquired Pneumonia. Initial vitals: T 39.3 C, HR 119, BP 94/58, SpO2 89%. History: None; kidney function AKI; allergy None known; prior antibiotic exposure in 90d 0; previous resistant organism None known. Culture status Positive.",1,0.43789038,0,False Negative (Type II Error - Critical Missed Resistance)
PX-106823,ENC-20256823,True,2026-05-14 02:27:35,Clinical Patient 6824,88,Female,Not applicable,Emergency Department,34,Active Inpatient,Severe CAP,Community-Acquired Pneumonia,No organism identified,38.6,59,134,76,93,22,9.6,Cancer,Mild impairment,Normal,None known,,0,None in prior 90 days,0,None known,0.213,0.338,33.8,Medium,0.253,0.146,0.308,0.102,-0.02,-0.02,-0.009,-0.02,0.04,0.05,"Clinical explanation: AMR risk is medium with prior antibiotic exposure=0, prior resistant organism=None known, and ward resistance rate=21.3%. Review feature attributions before making a clinical decision.",Piperacillin-Tazobactam,Cefepime + Vancomycin,77.2,Renal adjustment review required,Renal adjustment review required,Accept,Clinician accepted the displayed first-line option,Piperacillin-Tazobactam,Positive,2026-05-17 02:27:35,S. aureus,None detected,Concordant,Improved,No,Renal impairment,"Admitted to Emergency Department with Severe CAP from Community-Acquired Pneumonia. Initial vitals: T 38.6 C, HR 59, BP 134/76, SpO2 93%. History: Cancer; kidney function Mild impairment; allergy None known; prior antibiotic exposure in 90d 0; previous resistant organism None known. Culture status Positive.",0,0.24333304,0,True Negative
PX-106840,ENC-20256840,True,2026-05-15 08:41:18,Clinical Patient 6841,67,Male,Not applicable,Emergency Department,16,Transferred,Superficial SSI,Surgical Site Infection,S. aureus,39.6,115,107,64,96,17,67.1,Hypertension,Moderate impairment,Normal,None known,,2,Meropenem,7,None known,0.184,0.343,34.3,Medium,0.257,0.139,0.156,0.253,0.06,-0.02,-0.017,-0.02,0.04,0.05,"Clinical explanation: AMR risk is medium with prior antibiotic exposure=2, prior resistant organism=None known, and ward resistance rate=18.4%. Review feature attributions before making a clinical decision.",Piperacillin-Tazobactam,Cefepime + Vancomycin,90.1,Renal adjustment review required,Renal adjustment review required,Accept,Clinician accepted the displayed first-line option,Piperacillin-Tazobactam,Positive,2026-05-17 08:41:18,S. aureus,None detected,Concordant,Improved,No,Renal impairment,"Admitted to Emergency Department with Superficial SSI from Surgical Site Infection. Initial vitals: T 39.6 C, HR 115, BP 107/64, SpO2 96%. History: Hypertension; kidney function Moderate impairment; allergy None known; prior antibiotic exposure in 90d 2; previous resistant organism None known. Culture status Positive.",0,0.4917339,0,True Negative
PX-106865,ENC-20256865,True,2026-05-17 12:46:10,Clinical Patient 6866,51,Male,Not applicable,General Medicine,28,Active Inpatient,CAP,Community-Acquired Pneumonia,Enterobacter cloacae complex,38.6,66,139,74,89,16,41.6,Immunosuppression,Normal,Normal,Penicillin,IgE-mediated,0,None prior,0,MRSA,0.329,0.59,59.0,Medium,0.547,0.289,0.492,0.417,-0.02,0.08,0.02,-0.02,0.04,0.05,"Clinical explanation: AMR risk is medium with prior antibiotic exposure=0, prior resistant organism=MRSA, and ward resistance rate=32.9%. Review feature attributions before making a clinical decision.",Piperacillin-Tazobactam,Cefepime + Vancomycin,79.3,No renal adjustment flag,Documented Penicillin allergy,Modify,Dose/frequency adjusted after clinical review,Cefepime + Vancomycin,Positive,2026-05-18 12:46:10,Enterobacter cloacae complex,CRE,Concordant,Improved,No,Allergy/safety edge case,"Admitted to General Medicine with CAP from Community-Acquired Pneumonia. Initial vitals: T 38.6 C, HR 66, BP 139/74, SpO2 89%. History: Immunosuppression; kidney function Normal; allergy Penicillin; prior antibiotic exposure in 90d 0; previous resistant organism MRSA. Culture status Positive.",1,0.5750497,1,True Positive
PX-106886,ENC-20256886,True,2026-05-18 17:11:05,Clinical Patient 6887,85,Male,Not applicable,General Medicine,26,Active Inpatient,Peritonitis,Intra-abdominal Infection,S. pneumoniae,38.7,86,146,94,93,12,11.3,,Normal,Normal,Penicillin,,0,None in prior 90 days,0,None known,0.217,0.19,19.0,Low,0.154,0.16,0.167,0.041,-0.02,-0.02,-0.008,-0.02,-0.02,0.05,"Clinical explanation: AMR risk is low with prior antibiotic exposure=0, prior resistant organism=None known, and ward resistance rate=21.7%. Review feature attributions before making a clinical decision.",Ceftriaxone,Cefepime,81.9,No renal adjustment flag,Documented Penicillin allergy,Accept,Clinician accepted the displayed first-line option,Ceftriaxone,Positive,2026-05-20 17:11:05,S. pneumoniae,None detected,Concordant,Recovered,No,Allergy/safety edge case,"Admitted to General Medicine with Peritonitis from Intra-abdominal Infection. Initial vitals: T 38.7 C, HR 86, BP 146/94, SpO2 93%. History: None; kidney function Normal; allergy Penicillin; prior antibiotic exposure in 90d 0; previous resistant organism None known. Culture status Positive.",0,0.2523997,0,True Negative
PX-106893,ENC-20256893,True,2026-05-19 01:46:14,Clinical Patient 6894,70,Male,Not applicable,ICU,36,Active Inpatient,Severe CAP,Community-Acquired Pneumonia,K. pneumoniae,38.3,123,113,64,88,27,73.9,,Normal,Normal,Vancomycin,IgE-mediated,0,None prior,0,None known,0.236,0.36,36.0,Medium,0.345,0.147,0.242,0.22,-0.02,-0.02,-0.004,0.06,-0.02,0.05,"Clinical explanation: AMR risk is medium with prior antibiotic exposure=0, prior resistant organism=None known, and ward resistance rate=23.6%. Review feature attributions before making a clinical decision.",Piperacillin-Tazobactam,Cefepime + Vancomycin,92.2,No renal adjustment flag,Documented Vancomycin allergy,Modify,Dose/frequency adjusted after clinical review,Cefepime + Vancomycin,Positive,2026-05-21 01:46:14,K. pneumoniae,None detected,Concordant,Treatment modified after deterioration,Yes,Allergy/safety edge case,"Admitted to ICU with Severe CAP from Community-Acquired Pneumonia. Initial vitals: T 38.3 C, HR 123, BP 113/64, SpO2 88%. History: None; kidney function Normal; allergy Vancomycin; prior antibiotic exposure in 90d 0; previous resistant organism None known. Culture status Positive.",0,0.41286972,0,True Negative
PX-106895,ENC-20256895,True,2026-05-19 06:54:19,Clinical Patient 6896,40,Male,Not applicable,General Medicine,7,Active Inpatient,Aspiration pneumonia,Community-Acquired Pneumonia,S. pneumoniae,39.5,65,133,85,90,23,30.8,Diabetes; Hypertension; Immunosuppression,Mild impairment,Normal,Unknown,,0,None in prior 90 days,0,ESBL,0.29,0.555,55.5,Medium,0.469,0.495,0.338,0.208,-0.02,0.08,0.01,-0.02,0.04,0.05,"Clinical explanation: AMR risk is medium with prior antibiotic exposure=0, prior resistant organism=ESBL, and ward resistance rate=29.0%. Review feature attributions before making a clinical decision.",Piperacillin-Tazobactam,Cefepime + Vancomycin,77.1,Renal adjustment review required,Renal adjustment review required,Accept,Clinician accepted the displayed first-line option,Piperacillin-Tazobactam,Positive,2026-05-22 06:54:19,S. pneumoniae,None detected,Discordant,Improved,No,Renal impairment,"Admitted to General Medicine with Aspiration pneumonia from Community-Acquired Pneumonia. Initial vitals: T 39.5 C, HR 65, BP 133/85, SpO2 90%. History: Diabetes; Hypertension; Immunosuppression; kidney function Mild impairment; allergy Unknown; prior antibiotic exposure in 90d 0; previous resistant organism ESBL. Culture status Positive.",0,0.41023162,0,True Negative
PX-106901,ENC-20256901,True,2026-05-19 20:01:16,Clinical Patient 6902,47,Male,Not applicable,General Medicine,26,Active Inpatient,Appendicitis with abscess,Intra-abdominal Infection,E. coli,38.5,84,127,73,95,17,21.4,CKD; Liver disease,Normal,Normal,None known,,0,None prior,0,None known,0.15,0.321,32.1,Medium,0.337,0.174,0.191,0.18,-0.02,-0.02,-0.025,-0.02,0.04,-0.02,"Clinical explanation: AMR risk is medium with prior antibiotic exposure=0, prior resistant organism=None known, and ward resistance rate=15.0%. Review feature attributions before making a clinical decision.",Piperacillin-Tazobactam,Cefepime + Vancomycin,95.5,No renal adjustment flag,No renal adjustment flag,Accept,Clinician accepted the displayed first-line option,Piperacillin-Tazobactam,Positive,2026-05-21 20:01:16,E. coli,None detected,Concordant,Recovered,No,Standard scenario,"Admitted to General Medicine with Appendicitis with abscess from Intra-abdominal Infection. Initial vitals: T 38.5 C, HR 84, BP 127/73, SpO2 95%. History: CKD; Liver disease; kidney function Normal; allergy None known; prior antibiotic exposure in 90d 0; previous resistant organism None known. Culture status Positive.",0,0.1968291,0,True Negative
PX-106906,ENC-20256906,True,2026-05-20 04:29:02,Clinical Patient 6907,43,Male,Not applicable,General Medicine,9,Active Inpatient,Catheter-associated UTI,Urinary Tract Infection,P. aeruginosa,39.2,108,135,85,95,19,14.0,CKD,Mild impairment,Normal,None known,,0,None in prior 90 days,0,MDR Pseudomonas,0.23,0.65,65.0,High,0.586,0.401,0.62,0.334,-0.02,0.08,-0.005,-0.02,0.04,0.05,"Clinical explanation: AMR risk is high with prior antibiotic exposure=0, prior resistant organism=MDR Pseudomonas, and ward resistance rate=23.0%. Review feature attributions before making a clinical decision.",Meropenem + Vancomycin,Ceftazidime-Avibactam,91.7,Renal adjustment review required,Renal adjustment review required,Modify,Dose/frequency adjusted after clinical review,Ceftazidime-Avibactam,Positive,2026-05-22 04:29:02,P. aeruginosa,None detected,Discordant,Improved,No,Renal impairment,"Admitted to General Medicine with Catheter-associated UTI from Urinary Tract Infection. Initial vitals: T 39.2 C, HR 108, BP 135/85, SpO2 95%. History: CKD; kidney function Mild impairment; allergy None known; prior antibiotic exposure in 90d 0; previous resistant organism MDR Pseudomonas. Culture status Positive.",0,0.4529391,0,True Negative
PX-106908,ENC-20256908,True,2026-05-20 04:53:39,Clinical Patient 6909,73,Male,Not applicable,Surgical Ward,38,Discharged,HAP,Hospital-Acquired Pneumonia,Mixed flora,35.5,147,74,39,84,27,23.4,,Severe impairment,Normal,None known,,0,None in prior 90 days,0,None known,0.33,0.447,44.7,Medium,0.47,0.234,0.271,0.2,-0.02,-0.02,0.02,-0.02,-0.02,0.05,"Clinical explanation: AMR risk is medium with prior antibiotic exposure=0, prior resistant organism=None known, and ward resistance rate=33.0%. Review feature attributions before making a clinical decision.",Piperacillin-Tazobactam,Cefepime + Vancomycin,65.0,Renal adjustment review required,Renal adjustment review required,Accept,Clinician accepted the displayed first-line option,Piperacillin-Tazobactam,Positive,2026-05-22 04:53:39,E. coli,None detected,Concordant,Improved,No,Renal impairment,"Admitted to Surgical Ward with HAP from Hospital-Acquired Pneumonia. Initial vitals: T 35.5 C, HR 147, BP 74/39, SpO2 84%. History: None; kidney function Severe impairment; allergy None known; prior antibiotic exposure in 90d 0; previous resistant organism None known. Culture status Positive.",0,0.50642735,1,False Positive (Type I Error)
PX-106923,ENC-20256923,True,2026-05-20 23:46:04,Clinical Patient 6924,58,Male,Not applicable,Surgical Ward,12,Active Inpatient,CAP,Community-Acquired Pneumonia,Enterobacter cloacae complex,39.9,75,123,69,94,23,18.0,,AKI,Normal,Penicillin,IgE-mediated,0,None prior,0,None known,0.324,0.278,27.8,Low,0.281,0.181,0.171,0.135,-0.02,-0.02,0.019,-0.02,-0.02,0.05,"Clinical explanation: AMR risk is low with prior antibiotic exposure=0, prior resistant organism=None known, and ward resistance rate=32.4%. Review feature attributions before making a clinical decision.",Ceftriaxone,Cefepime,92.8,Renal adjustment review required,Documented Penicillin allergy | Renal adjustment review required,Modify,Dose/frequency adjusted after clinical review,Cefepime,Positive,2026-05-24 23:46:04,Enterobacter cloacae complex,CRE,Discordant,Improved,No,Allergy/safety edge case,"Admitted to Surgical Ward with CAP from Community-Acquired Pneumonia. Initial vitals: T 39.9 C, HR 75, BP 123/69, SpO2 94%. History: None; kidney function AKI; allergy Penicillin; prior antibiotic exposure in 90d 0; previous resistant organism None known. Culture status Positive.",1,0.31974238,0,False Negative (Type II Error - Critical Missed Resistance)
PX-106926,ENC-20256926,True,2026-05-21 07:50:42,Clinical Patient 6927,59,Female,Not applicable,General Medicine,30,Active Inpatient,Severe CAP,Community-Acquired Pneumonia,No organism identified,36.9,90,112,67,95,23,36.0,Hypertension,Normal,Moderate impairment,None known,,0,None prior,0,None known,0.231,0.308,30.8,Medium,0.291,0.224,0.177,0.147,-0.02,-0.02,-0.005,-0.02,0.04,-0.02,"Clinical explanation: AMR risk is medium with prior antibiotic exposure=0, prior resistant organism=None known, and ward resistance rate=23.1%. Review feature attributions before making a clinical decision.",Piperacillin-Tazobactam,Cefepime + Vancomycin,82.4,No renal adjustment flag,No renal adjustment flag,Accept,Clinician accepted the displayed first-line option,Piperacillin-Tazobactam,Positive,2026-05-25 07:50:42,Enterococcus faecalis,None detected,Concordant,Recovered,No,Standard scenario,"Admitted to General Medicine with Severe CAP from Community-Acquired Pneumonia. Initial vitals: T 36.9 C, HR 90, BP 112/67, SpO2 95%. History: Hypertension; kidney function Normal; allergy None known; prior antibiotic exposure in 90d 0; previous resistant organism None known. Culture status Positive.",0,0.22217761,0,True Negative
PX-106943,ENC-20256943,True,2026-05-22 09:33:31,Clinical Patient 6944,43,Female,No,General Medicine,22,Active Inpatient,Aspiration pneumonia,Community-Acquired Pneumonia,Enterobacter cloacae complex,38.7,111,88,54,92,27,64.6,,Unknown,Normal,None known,,4,Azithromycin,5,None known,0.296,0.388,38.8,Medium,0.367,0.281,0.194,0.144,0.14,-0.02,0.011,-0.02,-0.02,0.05,"Clinical explanation: AMR risk is medium with prior antibiotic exposure=4, prior resistant organism=None known, and ward resistance rate=29.6%. Review feature attributions before making a clinical decision.",Piperacillin-Tazobactam,Cefepime + Vancomycin,82.5,No renal adjustment flag,No renal adjustment flag,Accept,Clinician accepted the displayed first-line option,Piperacillin-Tazobactam,Positive,2026-05-25 09:33:31,Enterobacter cloacae complex,CRE,Discordant,No documented outcome,No,Missing/unknown clinical field,"Admitted to General Medicine with Aspiration pneumonia from Community-Acquired Pneumonia. Initial vitals: T 38.7 C, HR 111, BP 88/54, SpO2 92%. History: None; kidney function Unknown; allergy None known; prior antibiotic exposure in 90d 4; previous resistant organism None known. Culture status Positive.",1,0.47173664,0,False Negative (Type II Error - Critical Missed Resistance)
PX-106984,ENC-20256984,True,2026-05-24 20:20:03,Clinical Patient 6985,47,Male,Not applicable,Surgical Ward,15,Active Inpatient,Severe HAP,Hospital-Acquired Pneumonia,S. pneumoniae,38.7,135,116,60,91,31,85.4,COPD; Hypertension; Liver disease,Normal,Normal,Penicillin,Anaphylaxis,1,Ceftriaxone + Azithromycin,3,None known,0.276,0.512,51.2,Medium,0.37,0.163,0.293,0.294,0.02,-0.02,0.007,-0.02,0.04,0.05,"Clinical explanation: AMR risk is medium with prior antibiotic exposure=1, prior resistant organism=None known, and ward resistance rate=27.6%. Review feature attributions before making a clinical decision.",Piperacillin-Tazobactam,Cefepime + Vancomycin,95.1,No renal adjustment flag,Documented Penicillin allergy,Accept,Clinician accepted the displayed first-line option,Piperacillin-Tazobactam,Positive,2026-05-28 20:20:03,S. pneumoniae,Other MDR,Concordant,Treatment modified after deterioration,Yes,Allergy/safety edge case,"Admitted to Surgical Ward with Severe HAP from Hospital-Acquired Pneumonia. Initial vitals: T 38.7 C, HR 135, BP 116/60, SpO2 91%. History: COPD; Hypertension; Liver disease; kidney function Normal; allergy Penicillin; prior antibiotic exposure in 90d 1; previous resistant organism None known. Culture status Positive.",1,0.4899011,0,False Negative (Type II Error - Critical Missed Resistance)
PX-106986,ENC-20256986,True,2026-05-24 23:27:43,Clinical Patient 6987,48,Female,No,General Medicine,27,Transferred,Early-onset VAP,Ventilator-Associated Pneumonia,S. pneumoniae,38.5,102,104,68,92,25,18.6,,Mild impairment,Normal,Penicillin,Mild/rash,0,None prior,0,None known,0.15,0.205,20.5,Low,0.169,0.095,0.159,0.147,-0.02,-0.02,-0.025,-0.02,-0.02,-0.02,"Clinical explanation: AMR risk is low with prior antibiotic exposure=0, prior resistant organism=None known, and ward resistance rate=15.0%. Review feature attributions before making a clinical decision.",Ceftriaxone,Cefepime,69.6,Renal adjustment review required,Documented Penicillin allergy | Renal adjustment review required,Modify,Dose/frequency adjusted after clinical review,Cefepime,Positive,2026-05-26 23:27:43,S. pneumoniae,None detected,Concordant,Improved,No,Renal impairment,"Admitted to General Medicine with Early-onset VAP from Ventilator-Associated Pneumonia. Initial vitals: T 38.5 C, HR 102, BP 104/68, SpO2 92%. History: None; kidney function Mild impairment; allergy Penicillin; prior antibiotic exposure in 90d 0; previous resistant organism None known. Culture status Positive.",0,0.20513579,0,True Negative
PX-106996,ENC-20256996,True,2026-05-25 09:29:10,Clinical Patient 6997,36,Male,Not applicable,General Medicine,1,Active Inpatient,Aspiration pneumonia,Community-Acquired Pneumonia,K. pneumoniae,37.2,87,125,82,91,23,40.6,Heart failure,Mild impairment,Normal,None known,,0,None in prior 90 days,0,None known,0.216,0.122,12.2,Low,0.103,0.086,0.083,0.091,-0.02,-0.02,-0.009,-0.02,0.04,-0.02,"Clinical explanation: AMR risk is low with prior antibiotic exposure=0, prior resistant organism=None known, and ward resistance rate=21.6%. Review feature attributions before making a clinical decision.",Ceftriaxone,Cefepime,84.3,Renal adjustment review required,Renal adjustment review required,Accept,Clinician accepted the displayed first-line option,Ceftriaxone,Positive,2026-05-29 09:29:10,K. pneumoniae,None detected,Concordant,Recovered,No,Renal impairment,"Admitted to General Medicine with Aspiration pneumonia from Community-Acquired Pneumonia. Initial vitals: T 37.2 C, HR 87, BP 125/82, SpO2 91%. History: Heart failure; kidney function Mild impairment; allergy None known; prior antibiotic exposure in 90d 0; previous resistant organism None known. Culture status Positive.",0,0.21417297,0,True Negative
PX-107005,ENC-20257005,True,2026-05-26 00:35:31,Clinical Patient 7006,92,Male,Not applicable,ICU,20,Active Inpatient,Superficial SSI,Surgical Site Infection,S. pneumoniae,39.6,93,101,65,95,25,64.1,,Moderate impairment,Normal,None known,,2,Ceftriaxone + Azithromycin,21,None known,0.455,0.599,59.9,Medium,0.48,0.496,0.432,0.175,0.06,-0.02,0.051,0.06,-0.02,0.05,"Clinical explanation: AMR risk is medium with prior antibiotic exposure=2, prior resistant organism=None known, and ward resistance rate=45.5%. Review feature attributions before making a clinical decision.",Piperacillin-Tazobactam,Cefepime + Vancomycin,86.6,Renal adjustment review required,Renal adjustment review required,Accept,Clinician accepted the displayed first-line option,Piperacillin-Tazobactam,Positive,2026-05-27 00:35:31,S. pneumoniae,Other MDR,Concordant,Recovered,No,Renal impairment,"Admitted to ICU with Superficial SSI from Surgical Site Infection. Initial vitals: T 39.6 C, HR 93, BP 101/65, SpO2 95%. History: None; kidney function Moderate impairment; allergy None known; prior antibiotic exposure in 90d 2; previous resistant organism None known. Culture status Positive.",1,0.7322937,1,True Positive
PX-107014,ENC-20257014,True,2026-05-26 14:56:29,Clinical Patient 7015,67,Female,Not applicable,Surgical Ward,5,Active Inpatient,Pyelonephritis,Urinary Tract Infection,S. aureus,37.0,111,144,86,95,21,7.6,,Normal,Normal,None known,,0,None prior,0,None known,0.338,0.542,54.2,Medium,0.522,0.389,0.49,0.269,-0.02,-0.02,0.022,-0.02,-0.02,0.05,"Clinical explanation: AMR risk is medium with prior antibiotic exposure=0, prior resistant organism=None known, and ward resistance rate=33.8%. Review feature attributions before making a clinical decision.",Piperacillin-Tazobactam,Cefepime + Vancomycin,95.0,No renal adjustment flag,No renal adjustment flag,Override,Alternative source-control plan,Clinician-selected regimen,Positive,2026-05-27 14:56:29,S. aureus,MRSA,Concordant,Recovered,No,Missing/unknown clinical field,"Admitted to Surgical Ward with Pyelonephritis from Urinary Tract Infection. Initial vitals: T 37.0 C, HR 111, BP 144/86, SpO2 95%. History: None; kidney function Normal; allergy None known; prior antibiotic exposure in 90d 0; previous resistant organism None known. Culture status Positive.",1,0.33201298,0,False Negative (Type II Error - Critical Missed Resistance)
PX-107035,ENC-20257035,True,2026-05-28 10:09:44,Clinical Patient 7036,38,Female,Yes,ICU,23,Discharged,Severe HAP,Hospital-Acquired Pneumonia,P. aeruginosa,38.1,93,80,50,83,23,79.5,,Normal,Normal,None known,,0,None in prior 90 days,0,None known,0.506,0.819,81.9,High,0.851,0.273,0.341,0.239,-0.02,-0.02,0.064,0.06,-0.02,-0.02,"Clinical explanation: AMR risk is high with prior antibiotic exposure=0, prior resistant organism=None known, and ward resistance rate=50.6%. Review feature attributions before making a clinical decision.",Meropenem + Vancomycin,Ceftazidime-Avibactam,75.8,No renal adjustment flag,No renal adjustment flag,Modify,Dose/frequency adjusted after clinical review,Ceftazidime-Avibactam,Positive,2026-05-29 10:09:44,P. aeruginosa,MDR Pseudomonas,Concordant,Improved,No,Missing/unknown clinical field,"Admitted to ICU with Severe HAP from Hospital-Acquired Pneumonia. Initial vitals: T 38.1 C, HR 93, BP 80/50, SpO2 83%. History: None; kidney function Normal; allergy None known; prior antibiotic exposure in 90d 0; previous resistant organism None known. Culture status Positive.",1,0.54814214,1,True Positive
PX-107047,ENC-20257047,True,2026-05-29 02:07:27,Clinical Patient 7048,41,Female,No,Emergency Department,20,Active Inpatient,Pyelonephritis,Urinary Tract Infection,E. coli,36.7,87,108,69,96,20,20.0,,Mild impairment,Normal,Penicillin,,0,None prior,0,None known,0.238,0.226,22.6,Low,0.174,0.14,0.207,0.065,-0.02,-0.02,-0.003,-0.02,-0.02,-0.02,"Clinical explanation: AMR risk is low with prior antibiotic exposure=0, prior resistant organism=None known, and ward resistance rate=23.8%. Review feature attributions before making a clinical decision.",Ceftriaxone,Cefepime,78.0,Renal adjustment review required,Documented Penicillin allergy | Renal adjustment review required,Accept,Clinician accepted the displayed first-line option,Ceftriaxone,Positive,2026-05-31 02:07:27,E. coli,ESBL,Discordant,Recovered,No,Renal impairment,"Admitted to Emergency Department with Pyelonephritis from Urinary Tract Infection. Initial vitals: T 36.7 C, HR 87, BP 108/69, SpO2 96%. History: None; kidney function Mild impairment; allergy Penicillin; prior antibiotic exposure in 90d 0; previous resistant organism None known. Culture status Positive.",1,0.1975134,0,False Negative (Type II Error - Critical Missed Resistance)
PX-107056,ENC-20257056,True,2026-05-29 15:29:19,Clinical Patient 7057,44,Male,Not applicable,General Medicine,35,Active Inpatient,Peritonitis,Intra-abdominal Infection,P. aeruginosa,39.1,97,122,66,93,22,26.0,Cancer,Normal,Normal,None known,,0,None in prior 90 days,0,None known,0.262,0.273,27.3,Low,0.224,0.185,0.261,0.198,-0.02,-0.02,0.003,-0.02,0.04,0.05,"Clinical explanation: AMR risk is low with prior antibiotic exposure=0, prior resistant organism=None known, and ward resistance rate=26.2%. Review feature attributions before making a clinical decision.",Ceftriaxone,Cefepime,93.0,No renal adjustment flag,No renal adjustment flag,Accept,Clinician accepted the displayed first-line option,Ceftriaxone,Positive,2026-06-02 15:29:19,P. aeruginosa,None detected,Concordant,Improved,No,Standard scenario,"Admitted to General Medicine with Peritonitis from Intra-abdominal Infection. Initial vitals: T 39.1 C, HR 97, BP 122/66, SpO2 93%. History: Cancer; kidney function Normal; allergy None known; prior antibiotic exposure in 90d 0; previous resistant organism None known. Culture status Positive.",0,0.23030609,0,True Negative
PX-107059,ENC-20257059,True,2026-05-30 06:25:07,Clinical Patient 7060,75,Male,Not applicable,Surgical Ward,35,Active Inpatient,Appendicitis with abscess,Intra-abdominal Infection,K. pneumoniae,36.7,83,104,60,95,26,13.4,,Moderate impairment,Normal,Sulfonamide,Mild/rash,1,Cefepime,3,None known,0.337,0.511,51.1,Medium,0.449,0.292,0.309,0.197,0.02,-0.02,0.022,-0.02,-0.02,-0.02,"Clinical explanation: AMR risk is medium with prior antibiotic exposure=1, prior resistant organism=None known, and ward resistance rate=33.7%. Review feature attributions before making a clinical decision.",Piperacillin-Tazobactam,Cefepime + Vancomycin,93.0,Renal adjustment review required,Documented Sulfonamide allergy | Renal adjustment review required,Accept,Clinician accepted the displayed first-line option,Piperacillin-Tazobactam,Positive,2026-06-01 06:25:07,K. pneumoniae,None detected,Discordant,Improved,No,Renal impairment,"Admitted to Surgical Ward with Appendicitis with abscess from Intra-abdominal Infection. Initial vitals: T 36.7 C, HR 83, BP 104/60, SpO2 95%. History: None; kidney function Moderate impairment; allergy Sulfonamide; prior antibiotic exposure in 90d 1; previous resistant organism None known. Culture status Positive.",0,0.51151115,1,False Positive (Type I Error)
PX-107069,ENC-20257069,True,2026-05-30 18:30:40,Clinical Patient 7070,53,Male,Not applicable,General Medicine,24,Active Inpatient,Complicated UTI,Urinary Tract Infection,E. coli,38.8,117,72,51,95,14,18.7,Diabetes,Normal,Normal,None known,,2,Amoxicillin-Clavulanate,21,None known,0.255,0.63,63.0,High,0.486,0.382,0.253,0.157,0.06,-0.02,0.001,-0.02,0.04,0.05,"Clinical explanation: AMR risk is high with prior antibiotic exposure=2, prior resistant organism=None known, and ward resistance rate=25.5%. Review feature attributions before making a clinical decision.",Meropenem + Vancomycin,Ceftazidime-Avibactam,67.3,No renal adjustment flag,No renal adjustment flag,Accept,Clinician accepted the displayed first-line option,Meropenem + Vancomycin,Positive,2026-06-01 18:30:40,E. coli,ESBL,Concordant,Improved,No,Boundary vitals,"Admitted to General Medicine with Complicated UTI from Urinary Tract Infection. Initial vitals: T 38.8 C, HR 117, BP 72/51, SpO2 95%. History: Diabetes; kidney function Normal; allergy None known; prior antibiotic exposure in 90d 2; previous resistant organism None known. Culture status Positive.",1,0.5406099,1,True Positive
PX-107085,ENC-20257085,True,2026-05-31 18:54:38,Clinical Patient 7086,69,Male,Not applicable,General Medicine,1,Active Inpatient,Severe CAP,Community-Acquired Pneumonia,Mixed flora,38.6,66,131,75,93,31,13.6,,Normal,Normal,Penicillin,Mild/rash,0,None prior,0,None known,0.289,0.392,39.2,Medium,0.303,0.293,0.228,0.131,-0.02,-0.02,0.01,-0.02,-0.02,0.05,"Clinical explanation: AMR risk is medium with prior antibiotic exposure=0, prior resistant organism=None known, and ward resistance rate=28.9%. Review feature attributions before making a clinical decision.",Piperacillin-Tazobactam,Cefepime + Vancomycin,94.7,No renal adjustment flag,Documented Penicillin allergy,Modify,Dose/frequency adjusted after clinical review,Cefepime + Vancomycin,Positive,2026-06-02 18:54:38,E. coli,ESBL,Discordant,Improved,No,Allergy/safety edge case,"Admitted to General Medicine with Severe CAP from Community-Acquired Pneumonia. Initial vitals: T 38.6 C, HR 66, BP 131/75, SpO2 93%. History: None; kidney function Normal; allergy Penicillin; prior antibiotic exposure in 90d 0; previous resistant organism None known. Culture status Positive.",1,0.3010911,0,False Negative (Type II Error - Critical Missed Resistance)
PX-107097,ENC-20257097,True,2026-06-01 16:33:14,Clinical Patient 7098,58,Male,Not applicable,Surgical Ward,4,Transferred,Complicated UTI,Urinary Tract Infection,E. coli,38.3,109,108,57,95,21,38.7,Cancer,Normal,Normal,None known,,5,Amoxicillin-Clavulanate,28,None known,0.402,0.768,76.8,High,0.762,0.498,0.467,0.385,0.18,-0.02,0.038,-0.02,0.04,0.05,"Clinical explanation: AMR risk is high with prior antibiotic exposure=5, prior resistant organism=None known, and ward resistance rate=40.2%. Review feature attributions before making a clinical decision.",Meropenem + Vancomycin,Ceftazidime-Avibactam,66.9,No renal adjustment flag,No renal adjustment flag,Accept,Clinician accepted the displayed first-line option,Meropenem + Vancomycin,Positive,2026-06-03 16:33:14,E. coli,ESBL,Concordant,Treatment modified after deterioration,Yes,Standard scenario,"Admitted to Surgical Ward with Complicated UTI from Urinary Tract Infection. Initial vitals: T 38.3 C, HR 109, BP 108/57, SpO2 95%. History: Cancer; kidney function Normal; allergy None known; prior antibiotic exposure in 90d 5; previous resistant organism None known. Culture status Positive.",1,0.6886581,1,True Positive
PX-107130,ENC-20257130,True,2026-06-04 11:19:02,Clinical Patient 7131,52,Female,Not applicable,General Medicine,13,Discharged,Severe CAP,Community-Acquired Pneumonia,P. aeruginosa,37.5,69,119,62,92,22,12.8,Cancer,Normal,Normal,None known,,0,None prior,0,None known,0.258,0.332,33.2,Medium,0.356,0.163,0.267,0.095,-0.02,-0.02,0.002,-0.02,0.04,-0.02,"Clinical explanation: AMR risk is medium with prior antibiotic exposure=0, prior resistant organism=None known, and ward resistance rate=25.8%. Review feature attributions before making a clinical decision.",Piperacillin-Tazobactam,Cefepime + Vancomycin,93.4,No renal adjustment flag,No renal adjustment flag,Accept,Clinician accepted the displayed first-line option,Piperacillin-Tazobactam,Positive,2026-06-07 11:19:02,P. aeruginosa,None detected,Concordant,Improved,No,Standard scenario,"Admitted to General Medicine with Severe CAP from Community-Acquired Pneumonia. Initial vitals: T 37.5 C, HR 69, BP 119/62, SpO2 92%. History: Cancer; kidney function Normal; allergy None known; prior antibiotic exposure in 90d 0; previous resistant organism None known. Culture status Positive.",0,0.27073595,0,True Negative
PX-107131,ENC-20257131,True,2026-06-04 11:25:41,Clinical Patient 7132,51,Female,Not applicable,Surgical Ward,32,Active Inpatient,VAP,Ventilator-Associated Pneumonia,K. pneumoniae,39.4,99,97,49,93,22,41.1,,Normal,Normal,None known,,1,Ciprofloxacin,3,None known,0.124,0.484,48.4,Medium,0.353,0.313,0.427,0.32,0.02,-0.02,-0.032,-0.02,-0.02,0.05,"Clinical explanation: AMR risk is medium with prior antibiotic exposure=1, prior resistant organism=None known, and ward resistance rate=12.4%. Review feature attributions before making a clinical decision.",Piperacillin-Tazobactam,Cefepime + Vancomycin,68.6,No renal adjustment flag,No renal adjustment flag,Accept,Clinician accepted the displayed first-line option,Piperacillin-Tazobactam,Positive,2026-06-07 11:25:41,K. pneumoniae,ESBL,Discordant,Treatment modified after deterioration,Yes,Missing/unknown clinical field,"Admitted to Surgical Ward with VAP from Ventilator-Associated Pneumonia. Initial vitals: T 39.4 C, HR 99, BP 97/49, SpO2 93%. History: None; kidney function Normal; allergy None known; prior antibiotic exposure in 90d 1; previous resistant organism None known. Culture status Positive.",1,0.43715513,0,False Negative (Type II Error - Critical Missed Resistance)
PX-107143,ENC-20257143,True,2026-06-05 11:30:34,Clinical Patient 7144,73,Male,Not applicable,Emergency Department,38,Discharged,HAP,Hospital-Acquired Pneumonia,No organism identified,35.2,126,97,45,90,20,20.0,Immunosuppression,AKI,Normal,None known,,5,Cefepime,5,MRSA,0.128,0.813,81.3,High,0.726,0.285,0.358,0.428,0.18,0.08,-0.03,-0.02,0.04,0.05,"Clinical explanation: AMR risk is high with prior antibiotic exposure=5, prior resistant organism=MRSA, and ward resistance rate=12.8%. Review feature attributions before making a clinical decision.",Meropenem + Vancomycin,Ceftazidime-Avibactam,75.4,Renal adjustment review required,Renal adjustment review required,Modify,Dose/frequency adjusted after clinical review,Ceftazidime-Avibactam,Positive,2026-06-06 11:30:34,Enterococcus faecalis,ESBL,Concordant,Treatment modified after deterioration,Yes,Prior resistant organism,"Admitted to Emergency Department with HAP from Hospital-Acquired Pneumonia. Initial vitals: T 35.2 C, HR 126, BP 97/45, SpO2 90%. History: Immunosuppression; kidney function AKI; allergy None known; prior antibiotic exposure in 90d 5; previous resistant organism MRSA. Culture status Positive.",1,0.78731906,1,True Positive
PX-107167,ENC-20257167,True,2026-06-07 11:01:25,Clinical Patient 7168,51,Male,Not applicable,ICU,21,Discharged,CAP,Community-Acquired Pneumonia,S. aureus,37.6,103,101,57,90,23,140.0,COPD; Diabetes,Normal,Normal,Penicillin,Mild/rash,3,Cefepime,7,MRSA,0.307,0.875,87.5,High,0.68,0.305,0.542,0.641,0.1,0.08,0.014,0.06,0.04,-0.02,"Clinical explanation: AMR risk is high with prior antibiotic exposure=3, prior resistant organism=MRSA, and ward resistance rate=30.7%. Review feature attributions before making a clinical decision.",Meropenem + Vancomycin,Ceftazidime-Avibactam,65.2,No renal adjustment flag,Documented Penicillin allergy,Accept,Clinician accepted the displayed first-line option,Meropenem + Vancomycin,Positive,2026-06-10 11:01:25,S. aureus,MRSA,Concordant,Improved,No,Allergy/safety edge case,"Admitted to ICU with CAP from Community-Acquired Pneumonia. Initial vitals: T 37.6 C, HR 103, BP 101/57, SpO2 90%. History: COPD; Diabetes; kidney function Normal; allergy Penicillin; prior antibiotic exposure in 90d 3; previous resistant organism MRSA. Culture status Positive.",1,0.8111335,1,True Positive
PX-107171,ENC-20257171,True,2026-06-07 13:11:08,Clinical Patient 7172,38,Male,Not applicable,Surgical Ward,34,Discharged,CAP,Community-Acquired Pneumonia,E. coli,37.3,123,127,83,85,19,23.2,,Mild impairment,Normal,Penicillin,Mild/rash,0,None in prior 90 days,0,None known,0.379,0.1,10.0,Low,0.09,0.076,0.085,0.078,-0.02,-0.02,0.032,-0.02,-0.02,0.05,"Clinical explanation: AMR risk is low with prior antibiotic exposure=0, prior resistant organism=None known, and ward resistance rate=37.9%. Review feature attributions before making a clinical decision.",Ceftriaxone,Cefepime,91.6,Renal adjustment review required,Documented Penicillin allergy | Renal adjustment review required,Accept,Clinician accepted the displayed first-line option,Ceftriaxone,Positive,2026-06-09 13:11:08,E. coli,None detected,Concordant,Improved,No,Renal impairment,"Admitted to Surgical Ward with CAP from Community-Acquired Pneumonia. Initial vitals: T 37.3 C, HR 123, BP 127/83, SpO2 85%. History: None; kidney function Mild impairment; allergy Penicillin; prior antibiotic exposure in 90d 0; previous resistant organism None known. Culture status Positive.",0,0.32331714,0,True Negative
PX-107177,ENC-20257177,True,2026-06-07 23:09:47,Clinical Patient 7178,38,Female,No,Emergency Department,34,Active Inpatient,Severe CAP,Community-Acquired Pneumonia,K. pneumoniae,37.7,69,133,73,94,19,25.3,Diabetes,Normal,Normal,None known,,0,None prior,0,None known,0.177,0.031,3.1,Low,0.03,0.01,0.018,0.02,-0.02,-0.02,-0.018,-0.02,0.04,-0.02,"Clinical explanation: AMR risk is low with prior antibiotic exposure=0, prior resistant organism=None known, and ward resistance rate=17.7%. Review feature attributions before making a clinical decision.",Ceftriaxone,Cefepime,68.5,No renal adjustment flag,No renal adjustment flag,Accept,Clinician accepted the displayed first-line option,Ceftriaxone,Positive,2026-06-10 23:09:47,K. pneumoniae,None detected,Concordant,Recovered,No,Standard scenario,"Admitted to Emergency Department with Severe CAP from Community-Acquired Pneumonia. Initial vitals: T 37.7 C, HR 69, BP 133/73, SpO2 94%. History: Diabetes; kidney function Normal; allergy None known; prior antibiotic exposure in 90d 0; previous resistant organism None known. Culture status Positive.",0,0.187673,0,True Negative
PX-107213,ENC-20257213,True,2026-06-10 23:56:03,Clinical Patient 7214,31,Female,No,Emergency Department,23,Active Inpatient,Urosepsis,Urinary Tract Infection,P. aeruginosa,39.2,85,126,79,100,20,2.6,,Normal,Mild impairment,Penicillin,Anaphylaxis,0,None in prior 90 days,0,None known,0.193,0.175,17.5,Low,0.186,0.088,0.166,0.073,-0.02,-0.02,-0.014,-0.02,-0.02,0.05,"Clinical explanation: AMR risk is low with prior antibiotic exposure=0, prior resistant organism=None known, and ward resistance rate=19.3%. Review feature attributions before making a clinical decision.",Ceftriaxone,Cefepime,80.7,No renal adjustment flag,Documented Penicillin allergy,Accept,Clinician accepted the displayed first-line option,Ceftriaxone,Positive,2026-06-12 23:56:03,P. aeruginosa,None detected,Concordant,Recovered,No,Allergy/safety edge case,"Admitted to Emergency Department with Urosepsis from Urinary Tract Infection. Initial vitals: T 39.2 C, HR 85, BP 126/79, SpO2 100%. History: None; kidney function Normal; allergy Penicillin; prior antibiotic exposure in 90d 0; previous resistant organism None known. Culture status Positive.",0,0.18718204,0,True Negative
PX-107229,ENC-20257229,True,2026-06-12 05:53:14,Clinical Patient 7230,53,Female,Not applicable,General Medicine,14,Active Inpatient,Primary bacteremia,Bloodstream Infection,No organism identified,35.4,141,117,69,95,21,39.3,,Normal,Moderate impairment,Penicillin,Mild/rash,0,None in prior 90 days,0,ESBL,0.289,0.555,55.5,Medium,0.499,0.369,0.545,0.369,-0.02,0.08,0.01,-0.02,-0.02,0.05,"Clinical explanation: AMR risk is medium with prior antibiotic exposure=0, prior resistant organism=ESBL, and ward resistance rate=28.9%. Review feature attributions before making a clinical decision.",Piperacillin-Tazobactam,Cefepime + Vancomycin,80.2,No renal adjustment flag,Documented Penicillin allergy,Accept,Clinician accepted the displayed first-line option,Piperacillin-Tazobactam,Positive,2026-06-14 05:53:14,S. aureus,None detected,Discordant,Improved,No,Allergy/safety edge case,"Admitted to General Medicine with Primary bacteremia from Bloodstream Infection. Initial vitals: T 35.4 C, HR 141, BP 117/69, SpO2 95%. History: None; kidney function Normal; allergy Penicillin; prior antibiotic exposure in 90d 0; previous resistant organism ESBL. Culture status Positive.",0,0.590672,1,False Positive (Type I Error)
PX-107256,ENC-20257256,True,2026-06-14 04:21:51,Clinical Patient 7257,50,Male,Not applicable,Emergency Department,21,Active Inpatient,Aspiration pneumonia,Community-Acquired Pneumonia,No organism identified,37.7,80,128,78,90,19,22.8,Heart failure,Normal,Mild impairment,None known,,1,Azithromycin,3,None known,0.122,0.414,41.4,Medium,0.407,0.333,0.239,0.168,0.02,-0.02,-0.032,-0.02,0.04,-0.02,"Clinical explanation: AMR risk is medium with prior antibiotic exposure=1, prior resistant organism=None known, and ward resistance rate=12.2%. Review feature attributions before making a clinical decision.",Piperacillin-Tazobactam,Cefepime + Vancomycin,77.0,No renal adjustment flag,No renal adjustment flag,Override,Alternative source-control plan,Clinician-selected regimen,Positive,2026-06-18 04:21:51,Enterococcus faecalis,None detected,Concordant,Recovered,No,Standard scenario,"Admitted to Emergency Department with Aspiration pneumonia from Community-Acquired Pneumonia. Initial vitals: T 37.7 C, HR 80, BP 128/78, SpO2 90%. History: Heart failure; kidney function Normal; allergy None known; prior antibiotic exposure in 90d 1; previous resistant organism None known. Culture status Positive.",0,0.31952485,0,True Negative
PX-107282,ENC-20257282,True,2026-06-15 23:00:54,Clinical Patient 7283,65,Male,Not applicable,General Medicine,5,Discharged,Severe HAP,Hospital-Acquired Pneumonia,P. aeruginosa,38.0,117,65,38,92,25,34.3,Immunosuppression,Normal,Normal,None known,,1,Amoxicillin-Clavulanate,7,None known,0.159,0.562,56.2,Medium,0.495,0.265,0.557,0.233,0.02,-0.02,-0.023,-0.02,0.04,0.05,"Clinical explanation: AMR risk is medium with prior antibiotic exposure=1, prior resistant organism=None known, and ward resistance rate=15.9%. Review feature attributions before making a clinical decision.",Piperacillin-Tazobactam,Cefepime + Vancomycin,87.2,No renal adjustment flag,No renal adjustment flag,Accept,Clinician accepted the displayed first-line option,Piperacillin-Tazobactam,Positive,2026-06-17 23:00:54,P. aeruginosa,MDR Pseudomonas,Concordant,Improved,No,Boundary vitals,"Admitted to General Medicine with Severe HAP from Hospital-Acquired Pneumonia. Initial vitals: T 38.0 C, HR 117, BP 65/38, SpO2 92%. History: Immunosuppression; kidney function Normal; allergy None known; prior antibiotic exposure in 90d 1; previous resistant organism None known. Culture status Positive.",1,0.5674153,1,True Positive
PX-107287,ENC-20257287,True,2026-06-16 07:17:55,Clinical Patient 7288,24,Female,No,General Medicine,8,Active Inpatient,CAP,Community-Acquired Pneumonia,K. pneumoniae,37.8,90,112,67,92,23,54.8,Diabetes; Hypertension; Liver disease,Normal,Normal,None known,,0,None in prior 90 days,0,None known,0.293,0.199,19.9,Low,0.187,0.091,0.169,0.136,-0.02,-0.02,0.011,-0.02,0.04,-0.02,"Clinical explanation: AMR risk is low with prior antibiotic exposure=0, prior resistant organism=None known, and ward resistance rate=29.3%. Review feature attributions before making a clinical decision.",Ceftriaxone,Cefepime,66.8,No renal adjustment flag,No renal adjustment flag,Accept,Clinician accepted the displayed first-line option,Ceftriaxone,Positive,2026-06-17 07:17:55,K. pneumoniae,None detected,Concordant,Recovered,No,Standard scenario,"Admitted to General Medicine with CAP from Community-Acquired Pneumonia. Initial vitals: T 37.8 C, HR 90, BP 112/67, SpO2 92%. History: Diabetes; Hypertension; Liver disease; kidney function Normal; allergy None known; prior antibiotic exposure in 90d 0; previous resistant organism None known. Culture status Positive.",0,0.26201046,0,True Negative
PX-107288,ENC-20257288,True,2026-06-16 07:39:31,Clinical Patient 7289,53,Male,Not applicable,Emergency Department,17,Transferred,Peritonitis,Intra-abdominal Infection,K. pneumoniae,36.8,66,119,71,94,16,6.3,Immunosuppression,Normal,Normal,Penicillin,,1,Cefepime,10,ESBL,0.132,0.568,56.8,Medium,0.622,0.466,0.289,0.201,0.02,0.08,-0.029,-0.02,0.04,-0.02,"Clinical explanation: AMR risk is medium with prior antibiotic exposure=1, prior resistant organism=ESBL, and ward resistance rate=13.2%. Review feature attributions before making a clinical decision.",Piperacillin-Tazobactam,Cefepime + Vancomycin,73.1,No renal adjustment flag,Documented Penicillin allergy,Pending,Decision not yet recorded,Clinician-selected regimen,Positive,2026-06-18 07:39:31,K. pneumoniae,None detected,Discordant,Improved,No,Allergy/safety edge case,"Admitted to Emergency Department with Peritonitis from Intra-abdominal Infection. Initial vitals: T 36.8 C, HR 66, BP 119/71, SpO2 94%. History: Immunosuppression; kidney function Normal; allergy Penicillin; prior antibiotic exposure in 90d 1; previous resistant organism ESBL. Culture status Positive.",0,0.6543877,1,False Positive (Type I Error)
PX-107308,ENC-20257308,True,2026-06-17 14:41:49,Clinical Patient 7309,67,Male,Not applicable,General Medicine,34,Active Inpatient,Biliary tract infection,Intra-abdominal Infection,No organism identified,38.8,51,140,89,95,20,13.1,Diabetes,Normal,Normal,None known,,0,None in prior 90 days,0,CRE,0.224,0.637,63.7,High,0.693,0.385,0.61,0.487,-0.02,0.08,-0.006,-0.02,0.04,0.05,"Clinical explanation: AMR risk is high with prior antibiotic exposure=0, prior resistant organism=CRE, and ward resistance rate=22.4%. Review feature attributions before making a clinical decision.",Meropenem + Vancomycin,Ceftazidime-Avibactam,65.9,No renal adjustment flag,No renal adjustment flag,Accept,Clinician accepted the displayed first-line option,Meropenem + Vancomycin,Positive,2026-06-20 14:41:49,S. aureus,MRSA,Concordant,Improved,No,Prior resistant organism,"Admitted to General Medicine with Biliary tract infection from Intra-abdominal Infection. Initial vitals: T 38.8 C, HR 51, BP 140/89, SpO2 95%. History: Diabetes; kidney function Normal; allergy None known; prior antibiotic exposure in 90d 0; previous resistant organism CRE. Culture status Positive.",1,0.44138348,0,False Negative (Type II Error - Critical Missed Resistance)
PX-107318,ENC-20257318,True,2026-06-18 16:07:53,Clinical Patient 7319,41,Female,Unknown,Surgical Ward,1,Active Inpatient,Primary bacteremia,Bloodstream Infection,P. aeruginosa,39.5,120,87,56,97,20,43.8,COPD,Normal,Moderate impairment,None known,,0,None in prior 90 days,0,None known,0.382,0.228,22.8,Low,0.175,0.093,0.101,0.072,-0.02,-0.02,0.033,-0.02,0.04,0.05,"Clinical explanation: AMR risk is low with prior antibiotic exposure=0, prior resistant organism=None known, and ward resistance rate=38.2%. Review feature attributions before making a clinical decision.",Ceftriaxone,Cefepime,83.0,No renal adjustment flag,No renal adjustment flag,Accept,Clinician accepted the displayed first-line option,Ceftriaxone,Positive,2026-06-19 16:07:53,P. aeruginosa,None detected,Concordant,Improved,No,Standard scenario,"Admitted to Surgical Ward with Primary bacteremia from Bloodstream Infection. Initial vitals: T 39.5 C, HR 120, BP 87/56, SpO2 97%. History: COPD; kidney function Normal; allergy None known; prior antibiotic exposure in 90d 0; previous resistant organism None known. Culture status Positive.",0,0.2955907,0,True Negative
PX-107320,ENC-20257320,True,2026-06-18 23:58:23,Clinical Patient 7321,92,Female,Not applicable,Surgical Ward,12,Active Inpatient,HAP,Hospital-Acquired Pneumonia,No organism identified,37.7,115,135,80,89,20,187.8,Diabetes; Liver disease,Normal,Normal,None known,,0,None in prior 90 days,0,None known,0.276,0.533,53.3,Medium,0.488,0.398,0.386,0.216,-0.02,-0.02,0.007,-0.02,0.04,0.05,"Clinical explanation: AMR risk is medium with prior antibiotic exposure=0, prior resistant organism=None known, and ward resistance rate=27.6%. Review feature attributions before making a clinical decision.",Piperacillin-Tazobactam,Cefepime + Vancomycin,72.2,No renal adjustment flag,No renal adjustment flag,Modify,Dose/frequency adjusted after clinical review,Cefepime + Vancomycin,Positive,2026-06-22 23:58:23,Enterococcus faecalis,None detected,Discordant,Recovered,No,Standard scenario,"Admitted to Surgical Ward with HAP from Hospital-Acquired Pneumonia. Initial vitals: T 37.7 C, HR 115, BP 135/80, SpO2 89%. History: Diabetes; Liver disease; kidney function Normal; allergy None known; prior antibiotic exposure in 90d 0; previous resistant organism None known. Culture status Positive.",0,0.43640164,0,True Negative
PX-107328,ENC-20257328,True,2026-06-19 19:04:24,Clinical Patient 7329,62,Male,Not applicable,Surgical Ward,38,Active Inpatient,HAP,Hospital-Acquired Pneumonia,Enterococcus faecalis,36.2,113,104,69,87,23,30.9,Hypertension,Mild impairment,Normal,Vancomycin,IgE-mediated,2,Levofloxacin,3,MDR Pseudomonas,0.371,0.838,83.8,High,0.734,0.716,0.397,0.59,0.06,0.08,0.03,-0.02,0.04,0.05,"Clinical explanation: AMR risk is high with prior antibiotic exposure=2, prior resistant organism=MDR Pseudomonas, and ward resistance rate=37.1%. Review feature attributions before making a clinical decision.",Meropenem + Vancomycin,Ceftazidime-Avibactam,65.1,Renal adjustment review required,Documented Vancomycin allergy | Renal adjustment review required,Accept,Clinician accepted the displayed first-line option,Meropenem + Vancomycin,Positive,2026-06-21 19:04:24,Enterococcus faecalis,ESBL,Concordant,Improved,No,Renal impairment,"Admitted to Surgical Ward with HAP from Hospital-Acquired Pneumonia. Initial vitals: T 36.2 C, HR 113, BP 104/69, SpO2 87%. History: Hypertension; kidney function Mild impairment; allergy Vancomycin; prior antibiotic exposure in 90d 2; previous resistant organism MDR Pseudomonas. Culture status Positive.",1,0.8101613,1,True Positive
PX-107363,ENC-20257363,True,2026-06-23 05:33:01,Clinical Patient 7364,71,Female,Not applicable,General Medicine,16,Active Inpatient,HAP,Hospital-Acquired Pneumonia,K. pneumoniae,35.7,105,94,54,93,28,92.7,Cancer,Normal,Severe impairment,None known,,0,None prior,0,ESBL,0.306,0.869,86.9,High,0.831,0.626,0.444,0.266,-0.02,0.08,0.014,-0.02,0.04,-0.02,"Clinical explanation: AMR risk is high with prior antibiotic exposure=0, prior resistant organism=ESBL, and ward resistance rate=30.6%. Review feature attributions before making a clinical decision.",Meropenem + Vancomycin,Ceftazidime-Avibactam,93.9,No renal adjustment flag,No renal adjustment flag,Pending,Decision not yet recorded,Clinician-selected regimen,Positive,2026-06-26 05:33:01,K. pneumoniae,None detected,Discordant,Improved,No,Prior resistant organism,"Admitted to General Medicine with HAP from Hospital-Acquired Pneumonia. Initial vitals: T 35.7 C, HR 105, BP 94/54, SpO2 93%. History: Cancer; kidney function Normal; allergy None known; prior antibiotic exposure in 90d 0; previous resistant organism ESBL. Culture status Positive.",0,0.7704626,1,False Positive (Type I Error)
PX-107385,ENC-20257385,True,2026-06-24 15:23:53,Clinical Patient 7386,42,Male,Not applicable,Surgical Ward,39,Active Inpatient,HAP,Hospital-Acquired Pneumonia,P. aeruginosa,38.0,130,94,60,95,29,29.7,,Severe impairment,Normal,Multiple antibiotics,Mild/rash,0,None prior,0,None known,0.233,0.25,25.0,Low,0.255,0.076,0.126,0.177,-0.02,-0.02,-0.004,-0.02,-0.02,0.05,"Clinical explanation: AMR risk is low with prior antibiotic exposure=0, prior resistant organism=None known, and ward resistance rate=23.3%. Review feature attributions before making a clinical decision.",Ceftriaxone,Cefepime,90.7,Renal adjustment review required,Documented Multiple antibiotics allergy | Renal adjustment review required,Accept,Clinician accepted the displayed first-line option,Ceftriaxone,Positive,2026-06-28 15:23:53,P. aeruginosa,None detected,Concordant,Recovered,No,Renal impairment,"Admitted to Surgical Ward with HAP from Hospital-Acquired Pneumonia. Initial vitals: T 38.0 C, HR 130, BP 94/60, SpO2 95%. History: None; kidney function Severe impairment; allergy Multiple antibiotics; prior antibiotic exposure in 90d 0; previous resistant organism None known. Culture status Positive.",0,0.2756938,0,True Negative
PX-107389,ENC-20257389,True,2026-06-24 20:18:14,Clinical Patient 7390,71,Male,Not applicable,Emergency Department,37,Active Inpatient,HAP,Hospital-Acquired Pneumonia,Enterobacter cloacae complex,35.3,133,111,74,94,26,18.8,CKD,Mild impairment,Normal,None known,,0,None in prior 90 days,0,None known,0.143,0.338,33.8,Medium,0.307,0.243,0.195,0.257,-0.02,-0.02,-0.027,-0.02,0.04,0.05,"Clinical explanation: AMR risk is medium with prior antibiotic exposure=0, prior resistant organism=None known, and ward resistance rate=14.3%. Review feature attributions before making a clinical decision.",Piperacillin-Tazobactam,Cefepime + Vancomycin,79.3,Renal adjustment review required,Renal adjustment review required,Pending,Decision not yet recorded,Clinician-selected regimen,Positive,2026-06-25 20:18:14,Enterobacter cloacae complex,None detected,Concordant,Improved,No,Renal impairment,"Admitted to Emergency Department with HAP from Hospital-Acquired Pneumonia. Initial vitals: T 35.3 C, HR 133, BP 111/74, SpO2 94%. History: CKD; kidney function Mild impairment; allergy None known; prior antibiotic exposure in 90d 0; previous resistant organism None known. Culture status Positive.",0,0.3142611,0,True Negative
PX-107422,ENC-20257422,True,2026-06-27 05:19:48,Clinical Patient 7423,69,Female,Not applicable,Emergency Department,29,Active Inpatient,Severe HAP,Hospital-Acquired Pneumonia,Enterobacter cloacae complex,38.1,111,77,37,95,22,82.7,Diabetes,Mild impairment,Normal,None known,,1,Amoxicillin-Clavulanate,28,None known,0.21,0.508,50.8,Medium,0.545,0.39,0.293,0.141,0.02,-0.02,-0.01,-0.02,0.04,0.05,"Clinical explanation: AMR risk is medium with prior antibiotic exposure=1, prior resistant organism=None known, and ward resistance rate=21.0%. Review feature attributions before making a clinical decision.",Piperacillin-Tazobactam,Cefepime + Vancomycin,88.8,Renal adjustment review required,Renal adjustment review required,Accept,Clinician accepted the displayed first-line option,Piperacillin-Tazobactam,Positive,2026-07-01 05:19:48,Enterobacter cloacae complex,None detected,Discordant,Recovered,No,Renal impairment,"Admitted to Emergency Department with Severe HAP from Hospital-Acquired Pneumonia. Initial vitals: T 38.1 C, HR 111, BP 77/37, SpO2 95%. History: Diabetes; kidney function Mild impairment; allergy None known; prior antibiotic exposure in 90d 1; previous resistant organism None known. Culture status Positive.",0,0.6413496,1,False Positive (Type I Error)
PX-107428,ENC-20257428,True,2026-06-27 15:32:34,Clinical Patient 7429,67,Female,Not applicable,Emergency Department,10,Active Inpatient,Cellulitis,Skin/Soft Tissue Infection,Enterococcus faecalis,36.9,98,114,56,94,14,18.4,Diabetes,Severe impairment,Normal,None known,,1,Meropenem,3,ESBL,0.18,0.603,60.3,High,0.506,0.425,0.246,0.475,0.02,0.08,-0.018,-0.02,0.04,-0.02,"Clinical explanation: AMR risk is high with prior antibiotic exposure=1, prior resistant organism=ESBL, and ward resistance rate=18.0%. Review feature attributions before making a clinical decision.",Meropenem + Vancomycin,Ceftazidime-Avibactam,87.5,Renal adjustment review required,Renal adjustment review required,Modify,Dose/frequency adjusted after clinical review,Ceftazidime-Avibactam,Positive,2026-06-28 15:32:34,Enterococcus faecalis,Other MDR,Concordant,Improved,No,Renal impairment,"Admitted to Emergency Department with Cellulitis from Skin/Soft Tissue Infection. Initial vitals: T 36.9 C, HR 98, BP 114/56, SpO2 94%. History: Diabetes; kidney function Severe impairment; allergy None known; prior antibiotic exposure in 90d 1; previous resistant organism ESBL. Culture status Positive.",1,0.73155016,1,True Positive
PX-107433,ENC-20257433,True,2026-06-28 03:10:57,Clinical Patient 7434,46,Female,No,ICU,15,Discharged,Diverticulitis with perforation,Intra-abdominal Infection,S. pneumoniae,38.1,123,85,53,89,30,13.9,,Normal,Unknown,Penicillin,IgE-mediated,0,None prior,0,None known,0.368,0.513,51.3,Medium,0.424,0.433,0.436,0.232,-0.02,-0.02,0.029,0.06,-0.02,0.05,"Clinical explanation: AMR risk is medium with prior antibiotic exposure=0, prior resistant organism=None known, and ward resistance rate=36.8%. Review feature attributions before making a clinical decision.",Piperacillin-Tazobactam,Cefepime + Vancomycin,74.5,No renal adjustment flag,Documented Penicillin allergy,Modify,Dose/frequency adjusted after clinical review,Cefepime + Vancomycin,Positive,2026-07-01 03:10:57,S. pneumoniae,None detected,Discordant,Recovered,No,Allergy/safety edge case,"Admitted to ICU with Diverticulitis with perforation from Intra-abdominal Infection. Initial vitals: T 38.1 C, HR 123, BP 85/53, SpO2 89%. History: None; kidney function Normal; allergy Penicillin; prior antibiotic exposure in 90d 0; previous resistant organism None known. Culture status Positive.",0,0.3386657,0,True Negative
PX-107445,ENC-20257445,True,2026-06-29 00:00:29,Clinical Patient 7446,41,Female,No,Surgical Ward,8,Active Inpatient,Complicated UTI,Urinary Tract Infection,Mixed flora,37.1,104,112,64,98,15,7.3,Hypertension,Mild impairment,Mild impairment,Cephalosporin,Mild/rash,1,Ceftriaxone,10,None known,0.361,0.555,55.5,Medium,0.509,0.424,0.466,0.126,0.02,-0.02,0.028,-0.02,0.04,-0.02,"Clinical explanation: AMR risk is medium with prior antibiotic exposure=1, prior resistant organism=None known, and ward resistance rate=36.1%. Review feature attributions before making a clinical decision.",Piperacillin-Tazobactam,Cefepime + Vancomycin,73.4,Renal adjustment review required,Documented Cephalosporin allergy | Renal adjustment review required,Modify,Dose/frequency adjusted after clinical review,Cefepime + Vancomycin,Positive,2026-07-03 00:00:29,E. coli,None detected,Discordant,Improved,No,Renal impairment,"Admitted to Surgical Ward with Complicated UTI from Urinary Tract Infection. Initial vitals: T 37.1 C, HR 104, BP 112/64, SpO2 98%. History: Hypertension; kidney function Mild impairment; allergy Cephalosporin; prior antibiotic exposure in 90d 1; previous resistant organism None known. Culture status Positive.",0,0.3511408,0,True Negative
PX-107460,ENC-20257460,True,2026-06-30 07:03:53,Clinical Patient 7461,81,Male,Not applicable,Surgical Ward,31,Active Inpatient,Early-onset VAP,Ventilator-Associated Pneumonia,No organism identified,39.6,130,104,66,94,18,63.0,CKD; Hypertension,Mild impairment,Severe impairment,None known,,1,Levofloxacin,14,None known,0.451,0.847,84.7,High,0.89,0.745,0.408,0.225,0.02,-0.02,0.05,-0.02,0.04,0.05,"Clinical explanation: AMR risk is high with prior antibiotic exposure=1, prior resistant organism=None known, and ward resistance rate=45.1%. Review feature attributions before making a clinical decision.",Meropenem + Vancomycin,Ceftazidime-Avibactam,81.9,Renal adjustment review required,Renal adjustment review required,Accept,Clinician accepted the displayed first-line option,Meropenem + Vancomycin,Positive,2026-07-03 07:03:53,K. pneumoniae,ESBL,Concordant,Recovered,No,Renal impairment,"Admitted to Surgical Ward with Early-onset VAP from Ventilator-Associated Pneumonia. Initial vitals: T 39.6 C, HR 130, BP 104/66, SpO2 94%. History: CKD; Hypertension; kidney function Mild impairment; allergy None known; prior antibiotic exposure in 90d 1; previous resistant organism None known. Culture status Positive.",1,0.61049056,1,True Positive
PX-107486,ENC-20257486,True,2026-07-02 02:39:13,Clinical Patient 7487,86,Male,Not applicable,General Medicine,1,Active Inpatient,Aspiration pneumonia,Community-Acquired Pneumonia,E. coli,39.2,77,134,85,92,27,48.5,Immunosuppression,Normal,Mild impairment,None known,,1,Levofloxacin,28,CRE,0.205,0.958,95.8,High,0.886,0.465,0.671,0.614,0.02,0.08,-0.011,-0.02,0.04,0.05,"Clinical explanation: AMR risk is high with prior antibiotic exposure=1, prior resistant organism=CRE, and ward resistance rate=20.5%. Review feature attributions before making a clinical decision.",Meropenem + Vancomycin,Ceftazidime-Avibactam,71.4,No renal adjustment flag,No renal adjustment flag,Accept,Clinician accepted the displayed first-line option,Meropenem + Vancomycin,Positive,2026-07-03 02:39:13,E. coli,ESBL,Concordant,Treatment modified after deterioration,Yes,Prior resistant organism,"Admitted to General Medicine with Aspiration pneumonia from Community-Acquired Pneumonia. Initial vitals: T 39.2 C, HR 77, BP 134/85, SpO2 92%. History: Immunosuppression; kidney function Normal; allergy None known; prior antibiotic exposure in 90d 1; previous resistant organism CRE. Culture status Positive.",1,0.75609905,1,True Positive
PX-107502,ENC-20257502,True,2026-07-03 05:22:45,Clinical Patient 7503,77,Male,Not applicable,General Medicine,12,Discharged,Complicated intra-abdominal infection,Intra-abdominal Infection,Enterobacter cloacae complex,38.3,67,128,76,98,19,17.7,Cancer; Heart failure,Mild impairment,Severe impairment,None known,,0,None in prior 90 days,0,None known,0.268,0.312,31.2,Medium,0.26,0.161,0.301,0.239,-0.02,-0.02,0.005,-0.02,0.04,-0.02,"Clinical explanation: AMR risk is medium with prior antibiotic exposure=0, prior resistant organism=None known, and ward resistance rate=26.8%. Review feature attributions before making a clinical decision.",Piperacillin-Tazobactam,Cefepime + Vancomycin,83.5,Renal adjustment review required,Renal adjustment review required,Accept,Clinician accepted the displayed first-line option,Piperacillin-Tazobactam,Positive,2026-07-04 05:22:45,Enterobacter cloacae complex,ESBL,Discordant,Recovered,No,Renal impairment,"Admitted to General Medicine with Complicated intra-abdominal infection from Intra-abdominal Infection. Initial vitals: T 38.3 C, HR 67, BP 128/76, SpO2 98%. History: Cancer; Heart failure; kidney function Mild impairment; allergy None known; prior antibiotic exposure in 90d 0; previous resistant organism None known. Culture status Positive.",1,0.30633658,0,False Negative (Type II Error - Critical Missed Resistance)
PX-107517,ENC-20257517,True,2026-07-04 06:59:52,Clinical Patient 7518,56,Male,Not applicable,Surgical Ward,5,Active Inpatient,Early-onset VAP,Ventilator-Associated Pneumonia,Mixed flora,38.7,104,83,49,90,22,44.0,Hypertension,Normal,Normal,Penicillin,Mild/rash,2,Ceftriaxone + Azithromycin,14,ESBL,0.307,0.907,90.7,High,0.816,0.676,0.569,0.399,0.06,0.08,0.014,-0.02,0.04,0.05,"Clinical explanation: AMR risk is high with prior antibiotic exposure=2, prior resistant organism=ESBL, and ward resistance rate=30.7%. Review feature attributions before making a clinical decision.",Meropenem + Vancomycin,Ceftazidime-Avibactam,95.1,No renal adjustment flag,Documented Penicillin allergy,Accept,Clinician accepted the displayed first-line option,Meropenem + Vancomycin,Positive,2026-07-06 06:59:52,S. aureus,MRSA,Concordant,Recovered,No,Allergy/safety edge case,"Admitted to Surgical Ward with Early-onset VAP from Ventilator-Associated Pneumonia. Initial vitals: T 38.7 C, HR 104, BP 83/49, SpO2 90%. History: Hypertension; kidney function Normal; allergy Penicillin; prior antibiotic exposure in 90d 2; previous resistant organism ESBL. Culture status Positive.",1,0.81655234,1,True Positive
PX-107528,ENC-20257528,True,2026-07-04 23:00:31,Clinical Patient 7529,66,Male,Not applicable,ICU,24,Active Inpatient,Severe CAP,Community-Acquired Pneumonia,E. coli,38.2,83,123,74,88,31,66.3,CKD,Mild impairment,Normal,None known,,0,None prior,0,None known,0.444,0.49,49.0,Medium,0.387,0.148,0.253,0.129,-0.02,-0.02,0.049,0.06,0.04,-0.02,"Clinical explanation: AMR risk is medium with prior antibiotic exposure=0, prior resistant organism=None known, and ward resistance rate=44.4%. Review feature attributions before making a clinical decision.",Piperacillin-Tazobactam,Cefepime + Vancomycin,70.9,Renal adjustment review required,Renal adjustment review required,Accept,Clinician accepted the displayed first-line option,Piperacillin-Tazobactam,Positive,2026-07-05 23:00:31,E. coli,None detected,Concordant,Improved,No,Renal impairment,"Admitted to ICU with Severe CAP from Community-Acquired Pneumonia. Initial vitals: T 38.2 C, HR 83, BP 123/74, SpO2 88%. History: CKD; kidney function Mild impairment; allergy None known; prior antibiotic exposure in 90d 0; previous resistant organism None known. Culture status Positive.",0,0.57342434,1,False Positive (Type I Error)
PX-107540,ENC-20257540,True,2026-07-05 21:09:39,Clinical Patient 7541,38,Male,Not applicable,Surgical Ward,31,Active Inpatient,Complicated skin infection,Skin/Soft Tissue Infection,Mixed flora,37.0,85,142,87,96,16,8.9,CKD; Immunosuppression,Normal,Normal,None known,,1,Vancomycin,5,None known,0.361,0.526,52.6,Medium,0.388,0.289,0.366,0.329,0.02,-0.02,0.028,-0.02,0.04,-0.02,"Clinical explanation: AMR risk is medium with prior antibiotic exposure=1, prior resistant organism=None known, and ward resistance rate=36.1%. Review feature attributions before making a clinical decision.",Piperacillin-Tazobactam,Cefepime + Vancomycin,85.5,No renal adjustment flag,No renal adjustment flag,Modify,Dose/frequency adjusted after clinical review,Cefepime + Vancomycin,Positive,2026-07-09 21:09:39,P. aeruginosa,MDR Pseudomonas,Concordant,Recovered,No,Standard scenario,"Admitted to Surgical Ward with Complicated skin infection from Skin/Soft Tissue Infection. Initial vitals: T 37.0 C, HR 85, BP 142/87, SpO2 96%. History: CKD; Immunosuppression; kidney function Normal; allergy None known; prior antibiotic exposure in 90d 1; previous resistant organism None known. Culture status Positive.",1,0.42374274,0,False Negative (Type II Error - Critical Missed Resistance)
PX-107583,ENC-20257583,True,2026-07-08 13:43:50,Clinical Patient 7584,39,Male,Not applicable,Surgical Ward,9,Active Inpatient,Wound infection,Skin/Soft Tissue Infection,S. aureus,39.1,74,128,76,97,18,19.3,Heart failure,Normal,Normal,None known,,1,Vancomycin,14,None known,0.367,0.594,59.4,Medium,0.642,0.474,0.494,0.241,0.02,-0.02,0.029,-0.02,0.04,0.05,"Clinical explanation: AMR risk is medium with prior antibiotic exposure=1, prior resistant organism=None known, and ward resistance rate=36.7%. Review feature attributions before making a clinical decision.",Piperacillin-Tazobactam,Cefepime + Vancomycin,76.2,No renal adjustment flag,No renal adjustment flag,Accept,Clinician accepted the displayed first-line option,Piperacillin-Tazobactam,Positive,2026-07-10 13:43:50,S. aureus,None detected,Discordant,Recovered,No,Standard scenario,"Admitted to Surgical Ward with Wound infection from Skin/Soft Tissue Infection. Initial vitals: T 39.1 C, HR 74, BP 128/76, SpO2 97%. History: Heart failure; kidney function Normal; allergy None known; prior antibiotic exposure in 90d 1; previous resistant organism None known. Culture status Positive.",0,0.40324628,0,True Negative
PX-107589,ENC-20257589,True,2026-07-09 01:12:50,Clinical Patient 7590,39,Female,No,General Medicine,16,Active Inpatient,Peritonitis,Intra-abdominal Infection,Enterobacter cloacae complex,40.5,95,80,55,99,16,46.0,Diabetes; Liver disease,Mild impairment,Severe impairment,Penicillin,,2,Ceftriaxone,5,None known,0.182,0.268,26.8,Low,0.258,0.113,0.229,0.083,0.06,-0.02,-0.017,-0.02,0.04,0.05,"Clinical explanation: AMR risk is low with prior antibiotic exposure=2, prior resistant organism=None known, and ward resistance rate=18.2%. Review feature attributions before making a clinical decision.",Ceftriaxone,Cefepime,72.5,Renal adjustment review required,Documented Penicillin allergy | Renal adjustment review required,Accept,Clinician accepted the displayed first-line option,Ceftriaxone,Positive,2026-07-12 01:12:50,Enterobacter cloacae complex,None detected,Concordant,Improved,No,Renal impairment,"Admitted to General Medicine with Peritonitis from Intra-abdominal Infection. Initial vitals: T 40.5 C, HR 95, BP 80/55, SpO2 99%. History: Diabetes; Liver disease; kidney function Mild impairment; allergy Penicillin; prior antibiotic exposure in 90d 2; previous resistant organism None known. Culture status Positive.",0,0.29544735,0,True Negative
PX-107599,ENC-20257599,True,2026-07-10 00:56:20,Clinical Patient 7600,84,Male,Not applicable,ICU,37,Active Inpatient,CAP,Community-Acquired Pneumonia,E. coli,38.2,128,97,67,92,23,10.3,Immunosuppression,Normal,Normal,None known,,2,Piperacillin-Tazobactam,28,None known,0.529,0.872,87.2,High,0.644,0.39,0.75,0.538,0.06,-0.02,0.07,0.06,0.04,0.05,"Clinical explanation: AMR risk is high with prior antibiotic exposure=2, prior resistant organism=None known, and ward resistance rate=52.9%. Review feature attributions before making a clinical decision.",Meropenem + Vancomycin,Ceftazidime-Avibactam,68.7,No renal adjustment flag,No renal adjustment flag,Accept,Clinician accepted the displayed first-line option,Meropenem + Vancomycin,Positive,2026-07-13 00:56:20,E. coli,None detected,Discordant,Recovered,No,Standard scenario,"Admitted to ICU with CAP from Community-Acquired Pneumonia. Initial vitals: T 38.2 C, HR 128, BP 97/67, SpO2 92%. History: Immunosuppression; kidney function Normal; allergy None known; prior antibiotic exposure in 90d 2; previous resistant organism None known. Culture status Positive.",0,0.732017,1,False Positive (Type I Error)
PX-107607,ENC-20257607,True,2026-07-10 13:02:51,Clinical Patient 7608,42,Male,Not applicable,Emergency Department,35,Active Inpatient,Peritonitis,Intra-abdominal Infection,Mixed flora,37.5,90,123,68,95,16,27.9,Heart failure; Hypertension,Moderate impairment,Normal,Penicillin,Mild/rash,0,None prior,0,None known,0.199,0.104,10.4,Low,0.106,0.084,0.076,0.076,-0.02,-0.02,-0.013,-0.02,0.04,-0.02,"Clinical explanation: AMR risk is low with prior antibiotic exposure=0, prior resistant organism=None known, and ward resistance rate=19.9%. Review feature attributions before making a clinical decision.",Ceftriaxone,Cefepime,94.1,Renal adjustment review required,Documented Penicillin allergy | Renal adjustment review required,Override,Alternative source-control plan,Clinician-selected regimen,Positive,2026-07-14 13:02:51,Enterococcus faecalis,None detected,Concordant,Recovered,No,Renal impairment,"Admitted to Emergency Department with Peritonitis from Intra-abdominal Infection. Initial vitals: T 37.5 C, HR 90, BP 123/68, SpO2 95%. History: Heart failure; Hypertension; kidney function Moderate impairment; allergy Penicillin; prior antibiotic exposure in 90d 0; previous resistant organism None known. Culture status Positive.",0,0.2098687,0,True Negative
PX-107647,ENC-20257647,True,2026-07-13 23:10:03,Clinical Patient 7648,59,Female,Not applicable,Emergency Department,29,Active Inpatient,Diverticulitis with perforation,Intra-abdominal Infection,P. aeruginosa,36.7,72,98,55,97,22,32.4,,Normal,Normal,None known,,1,Amoxicillin-Clavulanate,14,MDR Pseudomonas,0.177,0.669,66.9,High,0.538,0.491,0.296,0.389,0.02,0.08,-0.018,-0.02,-0.02,-0.02,"Clinical explanation: AMR risk is high with prior antibiotic exposure=1, prior resistant organism=MDR Pseudomonas, and ward resistance rate=17.7%. Review feature attributions before making a clinical decision.",Meropenem + Vancomycin,Ceftazidime-Avibactam,90.8,No renal adjustment flag,No renal adjustment flag,Accept,Clinician accepted the displayed first-line option,Meropenem + Vancomycin,Positive,2026-07-16 23:10:03,P. aeruginosa,MDR Pseudomonas,Concordant,Improved,No,Prior resistant organism,"Admitted to Emergency Department with Diverticulitis with perforation from Intra-abdominal Infection. Initial vitals: T 36.7 C, HR 72, BP 98/55, SpO2 97%. History: None; kidney function Normal; allergy None known; prior antibiotic exposure in 90d 1; previous resistant organism MDR Pseudomonas. Culture status Positive.",1,0.7407477,1,True Positive
PX-107663,ENC-20257663,True,2026-07-15 02:31:34,Clinical Patient 7664,33,Male,Not applicable,ICU,30,Active Inpatient,Suspected bacteremia,Bloodstream Infection,Enterococcus faecalis,38.9,115,89,54,90,20,113.4,Diabetes; Hypertension,Normal,Normal,None known,,0,None in prior 90 days,0,None known,0.418,0.539,53.9,Medium,0.569,0.463,0.492,0.396,-0.02,-0.02,0.042,0.06,0.04,0.05,"Clinical explanation: AMR risk is medium with prior antibiotic exposure=0, prior resistant organism=None known, and ward resistance rate=41.8%. Review feature attributions before making a clinical decision.",Piperacillin-Tazobactam,Cefepime + Vancomycin,83.5,No renal adjustment flag,No renal adjustment flag,Accept,Clinician accepted the displayed first-line option,Piperacillin-Tazobactam,Positive,2026-07-16 02:31:34,Enterococcus faecalis,None detected,Discordant,Recovered,No,Standard scenario,"Admitted to ICU with Suspected bacteremia from Bloodstream Infection. Initial vitals: T 38.9 C, HR 115, BP 89/54, SpO2 90%. History: Diabetes; Hypertension; kidney function Normal; allergy None known; prior antibiotic exposure in 90d 0; previous resistant organism None known. Culture status Positive.",0,0.46567267,0,True Negative
PX-107669,ENC-20257669,True,2026-07-15 15:17:11,Clinical Patient 7670,81,Male,Not applicable,Surgical Ward,34,Active Inpatient,Early-onset VAP,Ventilator-Associated Pneumonia,E. coli,37.6,97,104,62,94,25,146.6,,Normal,Normal,Penicillin,Mild/rash,1,Cefepime,10,ESBL,0.214,0.861,86.1,High,0.855,0.351,0.437,0.346,0.02,0.08,-0.009,-0.02,-0.02,-0.02,"Clinical explanation: AMR risk is high with prior antibiotic exposure=1, prior resistant organism=ESBL, and ward resistance rate=21.4%. Review feature attributions before making a clinical decision.",Meropenem + Vancomycin,Ceftazidime-Avibactam,84.5,No renal adjustment flag,Documented Penicillin allergy,Accept,Clinician accepted the displayed first-line option,Meropenem + Vancomycin,Positive,2026-07-16 15:17:11,E. coli,ESBL,Concordant,Recovered,No,Allergy/safety edge case,"Admitted to Surgical Ward with Early-onset VAP from Ventilator-Associated Pneumonia. Initial vitals: T 37.6 C, HR 97, BP 104/62, SpO2 94%. History: None; kidney function Normal; allergy Penicillin; prior antibiotic exposure in 90d 1; previous resistant organism ESBL. Culture status Positive.",1,0.8369976,1,True Positive
PX-107701,ENC-20257701,True,2026-07-17 09:28:43,Clinical Patient 7702,45,Male,Not applicable,Emergency Department,21,Discharged,Pyelonephritis,Urinary Tract Infection,K. pneumoniae,38.3,119,99,58,95,18,73.9,,Severe impairment,Moderate impairment,Penicillin,Anaphylaxis,2,Amoxicillin-Clavulanate,28,None known,0.184,0.603,60.3,High,0.493,0.456,0.45,0.37,0.06,-0.02,-0.017,-0.02,-0.02,0.05,"Clinical explanation: AMR risk is high with prior antibiotic exposure=2, prior resistant organism=None known, and ward resistance rate=18.4%. Review feature attributions before making a clinical decision.",Meropenem + Vancomycin,Ceftazidime-Avibactam,70.9,Renal adjustment review required,Documented Penicillin allergy | Renal adjustment review required,Modify,Dose/frequency adjusted after clinical review,Ceftazidime-Avibactam,Positive,2026-07-20 09:28:43,K. pneumoniae,CRE,Concordant,Recovered,No,Renal impairment,"Admitted to Emergency Department with Pyelonephritis from Urinary Tract Infection. Initial vitals: T 38.3 C, HR 119, BP 99/58, SpO2 95%. History: None; kidney function Severe impairment; allergy Penicillin; prior antibiotic exposure in 90d 2; previous resistant organism None known. Culture status Positive.",1,0.55188155,1,True Positive
PX-107717,ENC-20257717,True,2026-07-18 12:16:27,Clinical Patient 7718,67,Female,Not applicable,ICU,8,Discharged,Pyelonephritis,Urinary Tract Infection,K. pneumoniae,39.3,115,103,59,92,20,80.2,CKD; Diabetes; Heart failure,Normal,Mild impairment,None known,,1,Amoxicillin-Clavulanate,7,None known,0.459,0.718,71.8,High,0.504,0.32,0.527,0.421,0.02,-0.02,0.052,0.06,0.04,0.05,"Clinical explanation: AMR risk is high with prior antibiotic exposure=1, prior resistant organism=None known, and ward resistance rate=45.9%. Review feature attributions before making a clinical decision.",Meropenem + Vancomycin,Ceftazidime-Avibactam,80.1,No renal adjustment flag,No renal adjustment flag,Accept,Clinician accepted the displayed first-line option,Meropenem + Vancomycin,Positive,2026-07-19 12:16:27,K. pneumoniae,ESBL,Concordant,Escalated care,Yes,Standard scenario,"Admitted to ICU with Pyelonephritis from Urinary Tract Infection. Initial vitals: T 39.3 C, HR 115, BP 103/59, SpO2 92%. History: CKD; Diabetes; Heart failure; kidney function Normal; allergy None known; prior antibiotic exposure in 90d 1; previous resistant organism None known. Culture status Positive.",1,0.70342106,1,True Positive
PX-107731,ENC-20257731,True,2026-07-19 11:15:29,Clinical Patient 7732,58,Male,Not applicable,Surgical Ward,7,Discharged,Complicated UTI,Urinary Tract Infection,Mixed flora,36.8,88,109,58,96,12,35.2,Cancer; Heart failure,Normal,Normal,Penicillin,Anaphylaxis,0,None prior,0,None known,0.279,0.211,21.1,Low,0.194,0.14,0.09,0.063,-0.02,-0.02,0.007,-0.02,0.04,-0.02,"Clinical explanation: AMR risk is low with prior antibiotic exposure=0, prior resistant organism=None known, and ward resistance rate=27.9%. Review feature attributions before making a clinical decision.",Ceftriaxone,Cefepime,82.6,No renal adjustment flag,Documented Penicillin allergy,Modify,Dose/frequency adjusted after clinical review,Cefepime,Positive,2026-07-20 11:15:29,S. aureus,None detected,Concordant,Recovered,No,Allergy/safety edge case,"Admitted to Surgical Ward with Complicated UTI from Urinary Tract Infection. Initial vitals: T 36.8 C, HR 88, BP 109/58, SpO2 96%. History: Cancer; Heart failure; kidney function Normal; allergy Penicillin; prior antibiotic exposure in 90d 0; previous resistant organism None known. Culture status Positive.",0,0.3344492,0,True Negative
PX-107732,ENC-20257732,True,2026-07-19 12:33:56,Clinical Patient 7733,70,Female,Not applicable,Emergency Department,22,Active Inpatient,Early-onset VAP,Ventilator-Associated Pneumonia,K. pneumoniae,38.9,121,78,46,90,20,42.6,CKD,Moderate impairment,Normal,None known,,0,None in prior 90 days,0,ESBL,0.231,0.595,59.5,Medium,0.465,0.27,0.515,0.29,-0.02,0.08,-0.005,-0.02,0.04,0.05,"Clinical explanation: AMR risk is medium with prior antibiotic exposure=0, prior resistant organism=ESBL, and ward resistance rate=23.1%. Review feature attributions before making a clinical decision.",Piperacillin-Tazobactam,Cefepime + Vancomycin,83.5,Renal adjustment review required,Renal adjustment review required,Accept,Clinician accepted the displayed first-line option,Piperacillin-Tazobactam,Positive,2026-07-20 12:33:56,K. pneumoniae,CRE,Concordant,Escalated care,Yes,Renal impairment,"Admitted to Emergency Department with Early-onset VAP from Ventilator-Associated Pneumonia. Initial vitals: T 38.9 C, HR 121, BP 78/46, SpO2 90%. History: CKD; kidney function Moderate impairment; allergy None known; prior antibiotic exposure in 90d 0; previous resistant organism ESBL. Culture status Positive.",1,0.68341285,1,True Positive
PX-107740,ENC-20257740,True,2026-07-19 23:59:18,Clinical Patient 7741,81,Female,Not applicable,ICU,31,Active Inpatient,Pyelonephritis,Urinary Tract Infection,P. aeruginosa,38.5,122,85,50,92,27,69.2,,Normal,Severe impairment,None known,,0,None in prior 90 days,0,None known,0.355,0.22,22.0,Low,0.196,0.189,0.117,0.174,-0.02,-0.02,0.026,0.06,-0.02,0.05,"Clinical explanation: AMR risk is low with prior antibiotic exposure=0, prior resistant organism=None known, and ward resistance rate=35.5%. Review feature attributions before making a clinical decision.",Ceftriaxone,Cefepime,65.1,No renal adjustment flag,No renal adjustment flag,Accept,Clinician accepted the displayed first-line option,Ceftriaxone,Positive,2026-07-21 23:59:18,P. aeruginosa,MDR Pseudomonas,Discordant,No documented outcome,No,Missing/unknown clinical field,"Admitted to ICU with Pyelonephritis from Urinary Tract Infection. Initial vitals: T 38.5 C, HR 122, BP 85/50, SpO2 92%. History: None; kidney function Normal; allergy None known; prior antibiotic exposure in 90d 0; previous resistant organism None known. Culture status Positive.",1,0.41218477,0,False Negative (Type II Error - Critical Missed Resistance)
PX-107768,ENC-20257768,True,2026-07-22 20:51:01,Clinical Patient 7769,72,Male,Not applicable,Emergency Department,7,Transferred,Pyelonephritis,Urinary Tract Infection,K. pneumoniae,36.9,72,85,56,95,15,38.8,CKD; Hypertension,Normal,Normal,None known,,0,None prior,0,None known,0.181,0.178,17.8,Low,0.185,0.156,0.11,0.082,-0.02,-0.02,-0.017,-0.02,0.04,-0.02,"Clinical explanation: AMR risk is low with prior antibiotic exposure=0, prior resistant organism=None known, and ward resistance rate=18.1%. Review feature attributions before making a clinical decision.",Ceftriaxone,Cefepime,76.2,No renal adjustment flag,No renal adjustment flag,Override,Alternative source-control plan,Clinician-selected regimen,Positive,2026-07-26 20:51:01,K. pneumoniae,None detected,Concordant,Recovered,No,Standard scenario,"Admitted to Emergency Department with Pyelonephritis from Urinary Tract Infection. Initial vitals: T 36.9 C, HR 72, BP 85/56, SpO2 95%. History: CKD; Hypertension; kidney function Normal; allergy None known; prior antibiotic exposure in 90d 0; previous resistant organism None known. Culture status Positive.",0,0.27312848,0,True Negative
PX-107771,ENC-20257771,True,2026-07-23 03:29:18,Clinical Patient 7772,76,Male,Not applicable,Surgical Ward,20,Discharged,Complicated UTI,Urinary Tract Infection,P. aeruginosa,36.4,75,121,64,95,16,8.8,Liver disease,Moderate impairment,Normal,None known,,1,Ciprofloxacin,5,ESBL,0.454,0.928,92.8,High,0.859,0.473,0.62,0.398,0.02,0.08,0.051,-0.02,0.04,-0.02,"Clinical explanation: AMR risk is high with prior antibiotic exposure=1, prior resistant organism=ESBL, and ward resistance rate=45.4%. Review feature attributions before making a clinical decision.",Meropenem + Vancomycin,Ceftazidime-Avibactam,84.2,Renal adjustment review required,Renal adjustment review required,Accept,Clinician accepted the displayed first-line option,Meropenem + Vancomycin,Positive,2026-07-26 03:29:18,P. aeruginosa,MDR Pseudomonas,Concordant,Improved,No,Renal impairment,"Admitted to Surgical Ward with Complicated UTI from Urinary Tract Infection. Initial vitals: T 36.4 C, HR 75, BP 121/64, SpO2 95%. History: Liver disease; kidney function Moderate impairment; allergy None known; prior antibiotic exposure in 90d 1; previous resistant organism ESBL. Culture status Positive.",1,0.73779744,1,True Positive
PX-107773,ENC-20257773,True,2026-07-23 08:43:05,Clinical Patient 7774,65,Male,Not applicable,General Medicine,22,Active Inpatient,Complicated intra-abdominal infection,Intra-abdominal Infection,E. coli,39.5,92,106,64,92,15,29.4,Hypertension; Immunosuppression,Normal,Moderate impairment,None known,,3,Ertapenem,21,None known,0.308,0.606,60.6,High,0.579,0.482,0.483,0.469,0.1,-0.02,0.014,-0.02,0.04,0.05,"Clinical explanation: AMR risk is high with prior antibiotic exposure=3, prior resistant organism=None known, and ward resistance rate=30.8%. Review feature attributions before making a clinical decision.",Meropenem + Vancomycin,Ceftazidime-Avibactam,95.5,No renal adjustment flag,No renal adjustment flag,Accept,Clinician accepted the displayed first-line option,Meropenem + Vancomycin,Positive,2026-07-26 08:43:05,E. coli,ESBL,Concordant,Recovered,No,Standard scenario,"Admitted to General Medicine with Complicated intra-abdominal infection from Intra-abdominal Infection. Initial vitals: T 39.5 C, HR 92, BP 106/64, SpO2 92%. History: Hypertension; Immunosuppression; kidney function Normal; allergy None known; prior antibiotic exposure in 90d 3; previous resistant organism None known. Culture status Positive.",1,0.47633046,0,False Negative (Type II Error - Critical Missed Resistance)
PX-107774,ENC-20257774,True,2026-07-23 13:16:49,Clinical Patient 7775,59,Female,Not applicable,General Medicine,37,Discharged,Complicated intra-abdominal infection,Intra-abdominal Infection,E. coli,37.1,89,122,76,96,24,8.1,,Normal,Normal,Vancomycin,Anaphylaxis,1,Ertapenem,7,ESBL,0.29,0.706,70.6,High,0.558,0.368,0.456,0.184,0.02,0.08,0.01,-0.02,-0.02,-0.02,"Clinical explanation: AMR risk is high with prior antibiotic exposure=1, prior resistant organism=ESBL, and ward resistance rate=29.0%. Review feature attributions before making a clinical decision.",Meropenem + Vancomycin,Ceftazidime-Avibactam,80.8,No renal adjustment flag,Documented Vancomycin allergy,Modify,Dose/frequency adjusted after clinical review,Ceftazidime-Avibactam,Positive,2026-07-27 13:16:49,E. coli,ESBL,Concordant,Improved,No,Allergy/safety edge case,"Admitted to General Medicine with Complicated intra-abdominal infection from Intra-abdominal Infection. Initial vitals: T 37.1 C, HR 89, BP 122/76, SpO2 96%. History: None; kidney function Normal; allergy Vancomycin; prior antibiotic exposure in 90d 1; previous resistant organism ESBL. Culture status Positive.",1,0.7355293,1,True Positive
PX-107784,ENC-20257784,True,2026-07-24 12:43:08,Clinical Patient 7785,79,Female,Not applicable,Surgical Ward,30,Active Inpatient,Late-onset VAP,Ventilator-Associated Pneumonia,Enterobacter cloacae complex,38.1,110,94,65,84,20,49.2,Hypertension; Liver disease,Normal,Normal,Vancomycin,Anaphylaxis,1,Piperacillin-Tazobactam,10,None known,0.326,0.649,64.9,High,0.511,0.28,0.589,0.424,0.02,-0.02,0.019,-0.02,0.04,0.05,"Clinical explanation: AMR risk is high with prior antibiotic exposure=1, prior resistant organism=None known, and ward resistance rate=32.6%. Review feature attributions before making a clinical decision.",Meropenem + Vancomycin,Ceftazidime-Avibactam,66.0,No renal adjustment flag,Documented Vancomycin allergy,Accept,Clinician accepted the displayed first-line option,Meropenem + Vancomycin,Positive,2026-07-25 12:43:08,Enterobacter cloacae complex,None detected,Discordant,Escalated care,Yes,Allergy/safety edge case,"Admitted to Surgical Ward with Late-onset VAP from Ventilator-Associated Pneumonia. Initial vitals: T 38.1 C, HR 110, BP 94/65, SpO2 84%. History: Hypertension; Liver disease; kidney function Normal; allergy Vancomycin; prior antibiotic exposure in 90d 1; previous resistant organism None known. Culture status Positive.",0,0.565623,1,False Positive (Type I Error)
PX-107796,ENC-20257796,True,2026-07-25 16:58:18,Clinical Patient 7797,59,Female,Not applicable,Emergency Department,5,Transferred,Complicated UTI,Urinary Tract Infection,E. coli,38.8,91,135,86,94,20,14.4,Immunosuppression,Mild impairment,Normal,None known,,0,None prior,0,None known,0.207,0.292,29.2,Low,0.24,0.113,0.282,0.187,-0.02,-0.02,-0.011,-0.02,0.04,0.05,"Clinical explanation: AMR risk is low with prior antibiotic exposure=0, prior resistant organism=None known, and ward resistance rate=20.7%. Review feature attributions before making a clinical decision.",Ceftriaxone,Cefepime,95.6,Renal adjustment review required,Renal adjustment review required,Accept,Clinician accepted the displayed first-line option,Ceftriaxone,Positive,2026-07-29 16:58:18,E. coli,None detected,Concordant,Recovered,No,Renal impairment,"Admitted to Emergency Department with Complicated UTI from Urinary Tract Infection. Initial vitals: T 38.8 C, HR 91, BP 135/86, SpO2 94%. History: Immunosuppression; kidney function Mild impairment; allergy None known; prior antibiotic exposure in 90d 0; previous resistant organism None known. Culture status Positive.",0,0.22368877,0,True Negative
PX-107825,ENC-20257825,True,2026-07-28 00:31:21,Clinical Patient 7826,63,Female,Not applicable,Surgical Ward,3,Active Inpatient,CAP,Community-Acquired Pneumonia,S. aureus,37.5,66,133,90,92,27,20.5,,Normal,Normal,None known,,0,None in prior 90 days,0,ESBL,0.32,0.443,44.3,Medium,0.364,0.141,0.288,0.094,-0.02,0.08,0.018,-0.02,-0.02,-0.02,"Clinical explanation: AMR risk is medium with prior antibiotic exposure=0, prior resistant organism=ESBL, and ward resistance rate=32.0%. Review feature attributions before making a clinical decision.",Piperacillin-Tazobactam,Cefepime + Vancomycin,88.5,No renal adjustment flag,No renal adjustment flag,Accept,Clinician accepted the displayed first-line option,Piperacillin-Tazobactam,Positive,2026-08-01 00:31:21,S. aureus,MRSA,Discordant,Improved,No,Prior resistant organism,"Admitted to Surgical Ward with CAP from Community-Acquired Pneumonia. Initial vitals: T 37.5 C, HR 66, BP 133/90, SpO2 92%. History: None; kidney function Normal; allergy None known; prior antibiotic exposure in 90d 0; previous resistant organism ESBL. Culture status Positive.",1,0.5711498,1,True Positive
PX-107833,ENC-20257833,True,2026-07-28 14:08:03,Clinical Patient 7834,68,Male,Not applicable,General Medicine,17,Active Inpatient,Suspected bacteremia,Bloodstream Infection,Enterococcus faecalis,38.6,120,87,50,97,18,35.7,CKD; Diabetes; Heart failure,Normal,Normal,None known,,0,None prior,0,None known,0.228,0.273,27.3,Low,0.239,0.216,0.213,0.147,-0.02,-0.02,-0.005,-0.02,0.04,0.05,"Clinical explanation: AMR risk is low with prior antibiotic exposure=0, prior resistant organism=None known, and ward resistance rate=22.8%. Review feature attributions before making a clinical decision.",Ceftriaxone,Cefepime,92.1,No renal adjustment flag,No renal adjustment flag,Accept,Clinician accepted the displayed first-line option,Ceftriaxone,Positive,2026-07-30 14:08:03,Enterococcus faecalis,None detected,Concordant,Escalated care,Yes,Standard scenario,"Admitted to General Medicine with Suspected bacteremia from Bloodstream Infection. Initial vitals: T 38.6 C, HR 120, BP 87/50, SpO2 97%. History: CKD; Diabetes; Heart failure; kidney function Normal; allergy None known; prior antibiotic exposure in 90d 0; previous resistant organism None known. Culture status Positive.",0,0.25821045,0,True Negative
PX-107838,ENC-20257838,True,2026-07-28 19:09:57,Clinical Patient 7839,62,Female,Not applicable,Surgical Ward,27,Active Inpatient,Appendicitis with abscess,Intra-abdominal Infection,P. aeruginosa,38.3,64,134,79,96,21,8.9,,Moderate impairment,Normal,Penicillin,Mild/rash,0,None prior,0,MRSA,0.338,0.72,72.0,High,0.536,0.265,0.47,0.46,-0.02,0.08,0.022,-0.02,-0.02,-0.02,"Clinical explanation: AMR risk is high with prior antibiotic exposure=0, prior resistant organism=MRSA, and ward resistance rate=33.8%. Review feature attributions before making a clinical decision.",Meropenem + Vancomycin,Ceftazidime-Avibactam,80.7,Renal adjustment review required,Documented Penicillin allergy | Renal adjustment review required,Override,Alternative source-control plan,Clinician-selected regimen,Positive,2026-07-31 19:09:57,P. aeruginosa,MDR Pseudomonas,Concordant,Improved,No,Renal impairment,"Admitted to Surgical Ward with Appendicitis with abscess from Intra-abdominal Infection. Initial vitals: T 38.3 C, HR 64, BP 134/79, SpO2 96%. History: None; kidney function Moderate impairment; allergy Penicillin; prior antibiotic exposure in 90d 0; previous resistant organism MRSA. Culture status Positive.",1,0.56815314,1,True Positive
PX-107848,ENC-20257848,True,2026-07-30 00:12:02,Clinical Patient 7849,34,Male,Not applicable,ICU,22,Discharged,Aspiration pneumonia,Community-Acquired Pneumonia,S. aureus,39.2,121,119,78,92,26,57.3,CKD; Diabetes,Normal,Normal,None known,,0,None in prior 90 days,0,ESBL,0.486,0.43,43.0,Medium,0.373,0.237,0.407,0.315,-0.02,0.08,0.059,0.06,0.04,0.05,"Clinical explanation: AMR risk is medium with prior antibiotic exposure=0, prior resistant organism=ESBL, and ward resistance rate=48.6%. Review feature attributions before making a clinical decision.",Piperacillin-Tazobactam,Cefepime + Vancomycin,86.1,No renal adjustment flag,No renal adjustment flag,Accept,Clinician accepted the displayed first-line option,Piperacillin-Tazobactam,Positive,2026-08-01 00:12:02,S. aureus,None detected,Concordant,Recovered,No,Prior resistant organism,"Admitted to ICU with Aspiration pneumonia from Community-Acquired Pneumonia. Initial vitals: T 39.2 C, HR 121, BP 119/78, SpO2 92%. History: CKD; Diabetes; kidney function Normal; allergy None known; prior antibiotic exposure in 90d 0; previous resistant organism ESBL. Culture status Positive.",0,0.69204944,1,False Positive (Type I Error)
PX-107853,ENC-20257853,True,2026-07-30 04:36:44,Clinical Patient 7854,46,Male,Not applicable,General Medicine,29,Active Inpatient,Late-onset VAP,Ventilator-Associated Pneumonia,Enterobacter cloacae complex,38.2,90,115,59,92,28,71.2,,Normal,Normal,Cephalosporin,Mild/rash,2,Levofloxacin,3,None known,0.222,0.561,56.1,Medium,0.516,0.32,0.265,0.297,0.06,-0.02,-0.007,-0.02,-0.02,-0.02,"Clinical explanation: AMR risk is medium with prior antibiotic exposure=2, prior resistant organism=None known, and ward resistance rate=22.2%. Review feature attributions before making a clinical decision.",Piperacillin-Tazobactam,Cefepime + Vancomycin,88.2,No renal adjustment flag,Documented Cephalosporin allergy,Accept,Clinician accepted the displayed first-line option,Piperacillin-Tazobactam,Positive,2026-08-02 04:36:44,Enterobacter cloacae complex,None detected,Discordant,Improved,No,Allergy/safety edge case,"Admitted to General Medicine with Late-onset VAP from Ventilator-Associated Pneumonia. Initial vitals: T 38.2 C, HR 90, BP 115/59, SpO2 92%. History: None; kidney function Normal; allergy Cephalosporin; prior antibiotic exposure in 90d 2; previous resistant organism None known. Culture status Positive.",0,0.3779744,0,True Negative
PX-107856,ENC-20257856,True,2026-07-30 05:58:35,Clinical Patient 7857,60,Male,Not applicable,ICU,29,Active Inpatient,Wound infection,Skin/Soft Tissue Infection,K. pneumoniae,38.0,136,91,53,94,26,8.0,COPD; Heart failure; Hypertension,Moderate impairment,Normal,None known,,0,None in prior 90 days,0,None known,0.373,0.398,39.8,Medium,0.282,0.272,0.392,0.225,-0.02,-0.02,0.031,0.06,0.04,0.05,"Clinical explanation: AMR risk is medium with prior antibiotic exposure=0, prior resistant organism=None known, and ward resistance rate=37.3%. Review feature attributions before making a clinical decision.",Piperacillin-Tazobactam,Cefepime + Vancomycin,69.2,Renal adjustment review required,Renal adjustment review required,Modify,Dose/frequency adjusted after clinical review,Cefepime + Vancomycin,Positive,2026-08-02 05:58:35,K. pneumoniae,ESBL,Discordant,Recovered,No,Renal impairment,"Admitted to ICU with Wound infection from Skin/Soft Tissue Infection. Initial vitals: T 38.0 C, HR 136, BP 91/53, SpO2 94%. History: COPD; Heart failure; Hypertension; kidney function Moderate impairment; allergy None known; prior antibiotic exposure in 90d 0; previous resistant organism None known. Culture status Positive.",1,0.46453458,0,False Negative (Type II Error - Critical Missed Resistance)
PX-107858,ENC-20257858,True,2026-07-30 12:22:55,Clinical Patient 7859,67,Female,Not applicable,Emergency Department,17,Active Inpatient,Superficial SSI,Surgical Site Infection,Mixed flora,37.9,83,150,92,94,14,29.7,,Mild impairment,Normal,Sulfonamide,IgE-mediated,1,Ertapenem,7,None known,0.202,0.233,23.3,Low,0.253,0.194,0.202,0.051,0.02,-0.02,-0.012,-0.02,-0.02,-0.02,"Clinical explanation: AMR risk is low with prior antibiotic exposure=1, prior resistant organism=None known, and ward resistance rate=20.2%. Review feature attributions before making a clinical decision.",Ceftriaxone,Cefepime,68.5,Renal adjustment review required,Documented Sulfonamide allergy | Renal adjustment review required,Accept,Clinician accepted the displayed first-line option,Ceftriaxone,Positive,2026-07-31 12:22:55,P. aeruginosa,None detected,Concordant,Recovered,No,Renal impairment,"Admitted to Emergency Department with Superficial SSI from Surgical Site Infection. Initial vitals: T 37.9 C, HR 83, BP 150/92, SpO2 94%. History: None; kidney function Mild impairment; allergy Sulfonamide; prior antibiotic exposure in 90d 1; previous resistant organism None known. Culture status Positive.",0,0.3763244,0,True Negative
PX-107862,ENC-20257862,True,2026-07-30 15:36:24,Clinical Patient 7863,55,Female,Not applicable,ICU,36,Transferred,Pyelonephritis,Urinary Tract Infection,K. pneumoniae,39.1,97,132,79,92,18,126.0,,Normal,Normal,None known,,0,None in prior 90 days,0,None known,0.292,0.488,48.8,Medium,0.359,0.401,0.232,0.268,-0.02,-0.02,0.01,0.06,-0.02,0.05,"Clinical explanation: AMR risk is medium with prior antibiotic exposure=0, prior resistant organism=None known, and ward resistance rate=29.2%. Review feature attributions before making a clinical decision.",Piperacillin-Tazobactam,Cefepime + Vancomycin,66.7,No renal adjustment flag,No renal adjustment flag,Override,Alternative source-control plan,Clinician-selected regimen,Positive,2026-08-01 15:36:24,K. pneumoniae,Other MDR,Discordant,Improved,No,Missing/unknown clinical field,"Admitted to ICU with Pyelonephritis from Urinary Tract Infection. Initial vitals: T 39.1 C, HR 97, BP 132/79, SpO2 92%. History: None; kidney function Normal; allergy None known; prior antibiotic exposure in 90d 0; previous resistant organism None known. Culture status Positive.",1,0.45312873,0,False Negative (Type II Error - Critical Missed Resistance)
PX-107867,ENC-20257867,True,2026-07-31 04:27:39,Clinical Patient 7868,81,Male,Not applicable,Surgical Ward,20,Transferred,Diverticulitis with perforation,Intra-abdominal Infection,S. aureus,37.9,88,115,72,98,21,12.4,,Normal,Mild impairment,None known,,0,None in prior 90 days,0,None known,0.361,0.473,47.3,Medium,0.411,0.25,0.437,0.369,-0.02,-0.02,0.028,-0.02,-0.02,-0.02,"Clinical explanation: AMR risk is medium with prior antibiotic exposure=0, prior resistant organism=None known, and ward resistance rate=36.1%. Review feature attributions before making a clinical decision.",Piperacillin-Tazobactam,Cefepime + Vancomycin,84.8,No renal adjustment flag,No renal adjustment flag,Accept,Clinician accepted the displayed first-line option,Piperacillin-Tazobactam,Positive,2026-08-04 04:27:39,S. aureus,None detected,Concordant,Improved,No,Missing/unknown clinical field,"Admitted to Surgical Ward with Diverticulitis with perforation from Intra-abdominal Infection. Initial vitals: T 37.9 C, HR 88, BP 115/72, SpO2 98%. History: None; kidney function Normal; allergy None known; prior antibiotic exposure in 90d 0; previous resistant organism None known. Culture status Positive.",0,0.33400598,0,True Negative
PX-107877,ENC-20257877,True,2026-07-31 16:24:55,Clinical Patient 7878,29,Male,Not applicable,General Medicine,9,Transferred,Complicated intra-abdominal infection,Intra-abdominal Infection,S. aureus,37.4,93,116,80,90,19,25.8,COPD; Cancer,Normal,Mild impairment,None known,,0,None in prior 90 days,0,ESBL,0.305,0.663,66.3,High,0.726,0.368,0.613,0.246,-0.02,0.08,0.014,-0.02,0.04,-0.02,"Clinical explanation: AMR risk is high with prior antibiotic exposure=0, prior resistant organism=ESBL, and ward resistance rate=30.5%. Review feature attributions before making a clinical decision.",Meropenem + Vancomycin,Ceftazidime-Avibactam,82.0,No renal adjustment flag,No renal adjustment flag,Modify,Dose/frequency adjusted after clinical review,Ceftazidime-Avibactam,Positive,2026-08-01 16:24:55,S. aureus,MRSA,Concordant,Improved,No,Prior resistant organism,"Admitted to General Medicine with Complicated intra-abdominal infection from Intra-abdominal Infection. Initial vitals: T 37.4 C, HR 93, BP 116/80, SpO2 90%. History: COPD; Cancer; kidney function Normal; allergy None known; prior antibiotic exposure in 90d 0; previous resistant organism ESBL. Culture status Positive.",1,0.5729539,1,True Positive
PX-107888,ENC-20257888,True,2026-08-01 12:42:38,Clinical Patient 7889,60,Female,Not applicable,Emergency Department,35,Active Inpatient,Appendicitis with abscess,Intra-abdominal Infection,K. pneumoniae,38.9,52,134,81,95,23,8.4,,Normal,Mild impairment,Penicillin,IgE-mediated,1,Cefepime,3,None known,0.235,0.398,39.8,Medium,0.299,0.34,0.377,0.235,0.02,-0.02,-0.004,-0.02,-0.02,0.05,"Clinical explanation: AMR risk is medium with prior antibiotic exposure=1, prior resistant organism=None known, and ward resistance rate=23.5%. Review feature attributions before making a clinical decision.",Piperacillin-Tazobactam,Cefepime + Vancomycin,77.7,No renal adjustment flag,Documented Penicillin allergy,Accept,Clinician accepted the displayed first-line option,Piperacillin-Tazobactam,Positive,2026-08-02 12:42:38,K. pneumoniae,ESBL,Discordant,Improved,No,Allergy/safety edge case,"Admitted to Emergency Department with Appendicitis with abscess from Intra-abdominal Infection. Initial vitals: T 38.9 C, HR 52, BP 134/81, SpO2 95%. History: None; kidney function Normal; allergy Penicillin; prior antibiotic exposure in 90d 1; previous resistant organism None known. Culture status Positive.",1,0.3232356,0,False Negative (Type II Error - Critical Missed Resistance)
PX-107898,ENC-20257898,True,2026-08-02 09:57:19,Clinical Patient 7899,76,Female,Not applicable,General Medicine,28,Active Inpatient,Peritonitis,Intra-abdominal Infection,P. aeruginosa,38.6,98,117,67,98,16,75.2,,Normal,Normal,Penicillin,Mild/rash,2,Cefepime,28,None known,0.168,0.65,65.0,High,0.633,0.3,0.618,0.365,0.06,-0.02,-0.02,-0.02,-0.02,0.05,"Clinical explanation: AMR risk is high with prior antibiotic exposure=2, prior resistant organism=None known, and ward resistance rate=16.8%. Review feature attributions before making a clinical decision.",Meropenem + Vancomycin,Ceftazidime-Avibactam,65.4,No renal adjustment flag,Documented Penicillin allergy,Modify,Dose/frequency adjusted after clinical review,Ceftazidime-Avibactam,Positive,2026-08-04 09:57:19,P. aeruginosa,None detected,Discordant,Improved,No,Allergy/safety edge case,"Admitted to General Medicine with Peritonitis from Intra-abdominal Infection. Initial vitals: T 38.6 C, HR 98, BP 117/67, SpO2 98%. History: None; kidney function Normal; allergy Penicillin; prior antibiotic exposure in 90d 2; previous resistant organism None known. Culture status Positive.",0,0.5449794,1,False Positive (Type I Error)
PX-107917,ENC-20257917,True,2026-08-04 02:28:23,Clinical Patient 7918,38,Male,Not applicable,Emergency Department,14,Active Inpatient,Catheter-associated UTI,Urinary Tract Infection,Enterococcus faecalis,38.2,114,100,60,92,18,145.3,CKD,Unknown,Normal,None known,,4,Meropenem,14,None known,0.224,0.62,62.0,High,0.653,0.409,0.292,0.236,0.14,-0.02,-0.006,-0.02,0.04,0.05,"Clinical explanation: AMR risk is high with prior antibiotic exposure=4, prior resistant organism=None known, and ward resistance rate=22.4%. Review feature attributions before making a clinical decision.",Meropenem + Vancomycin,Ceftazidime-Avibactam,72.8,No renal adjustment flag,No renal adjustment flag,Accept,Clinician accepted the displayed first-line option,Meropenem + Vancomycin,Positive,2026-08-07 02:28:23,Enterococcus faecalis,ESBL,Concordant,Improved,No,Standard scenario,"Admitted to Emergency Department with Catheter-associated UTI from Urinary Tract Infection. Initial vitals: T 38.2 C, HR 114, BP 100/60, SpO2 92%. History: CKD; kidney function Unknown; allergy None known; prior antibiotic exposure in 90d 4; previous resistant organism None known. Culture status Positive.",1,0.5749186,1,True Positive
PX-107921,ENC-20257921,True,2026-08-04 09:55:33,Clinical Patient 7922,64,Male,Not applicable,General Medicine,23,Active Inpatient,Aspiration pneumonia,Community-Acquired Pneumonia,S. aureus,37.5,63,127,73,92,23,51.5,CKD,Mild impairment,Normal,None known,,0,None in prior 90 days,0,None known,0.242,0.248,24.8,Low,0.209,0.13,0.192,0.11,-0.02,-0.02,-0.002,-0.02,0.04,-0.02,"Clinical explanation: AMR risk is low with prior antibiotic exposure=0, prior resistant organism=None known, and ward resistance rate=24.2%. Review feature attributions before making a clinical decision.",Ceftriaxone,Cefepime,71.1,Renal adjustment review required,Renal adjustment review required,Accept,Clinician accepted the displayed first-line option,Ceftriaxone,Positive,2026-08-08 09:55:33,S. aureus,MRSA,Discordant,Improved,No,Renal impairment,"Admitted to General Medicine with Aspiration pneumonia from Community-Acquired Pneumonia. Initial vitals: T 37.5 C, HR 63, BP 127/73, SpO2 92%. History: CKD; kidney function Mild impairment; allergy None known; prior antibiotic exposure in 90d 0; previous resistant organism None known. Culture status Positive.",1,0.2527539,0,False Negative (Type II Error - Critical Missed Resistance)
PX-107925,ENC-20257925,True,2026-08-04 17:13:28,Clinical Patient 7926,47,Male,Not applicable,General Medicine,19,Active Inpatient,Suspected bacteremia,Bloodstream Infection,S. aureus,38.4,122,79,48,97,18,27.4,Immunosuppression,Normal,Normal,None known,,0,None in prior 90 days,0,ESBL,0.289,0.604,60.4,High,0.596,0.26,0.587,0.41,-0.02,0.08,0.01,-0.02,0.04,0.05,"Clinical explanation: AMR risk is high with prior antibiotic exposure=0, prior resistant organism=ESBL, and ward resistance rate=28.9%. Review feature attributions before making a clinical decision.",Meropenem + Vancomycin,Ceftazidime-Avibactam,81.8,No renal adjustment flag,No renal adjustment flag,Override,Alternative source-control plan,Clinician-selected regimen,Positive,2026-08-05 17:13:28,S. aureus,None detected,Discordant,Improved,No,Prior resistant organism,"Admitted to General Medicine with Suspected bacteremia from Bloodstream Infection. Initial vitals: T 38.4 C, HR 122, BP 79/48, SpO2 97%. History: Immunosuppression; kidney function Normal; allergy None known; prior antibiotic exposure in 90d 0; previous resistant organism ESBL. Culture status Positive.",0,0.56970656,1,False Positive (Type I Error)
PX-107955,ENC-20257955,True,2026-08-06 18:55:01,Clinical Patient 7956,57,Male,Not applicable,ICU,23,Active Inpatient,Pyelonephritis,Urinary Tract Infection,P. aeruginosa,35.4,112,122,70,92,21,25.3,Cancer,Normal,Normal,None known,,2,Vancomycin,7,None known,0.381,0.936,93.6,High,0.695,0.538,0.817,0.675,0.06,-0.02,0.033,0.06,0.04,0.05,"Clinical explanation: AMR risk is high with prior antibiotic exposure=2, prior resistant organism=None known, and ward resistance rate=38.1%. Review feature attributions before making a clinical decision.",Meropenem + Vancomycin,Ceftazidime-Avibactam,74.3,No renal adjustment flag,No renal adjustment flag,Accept,Clinician accepted the displayed first-line option,Meropenem + Vancomycin,Positive,2026-08-08 18:55:01,P. aeruginosa,MDR Pseudomonas,Concordant,Recovered,No,Standard scenario,"Admitted to ICU with Pyelonephritis from Urinary Tract Infection. Initial vitals: T 35.4 C, HR 112, BP 122/70, SpO2 92%. History: Cancer; kidney function Normal; allergy None known; prior antibiotic exposure in 90d 2; previous resistant organism None known. Culture status Positive.",1,0.6579285,1,True Positive
PX-107956,ENC-20257956,True,2026-08-07 03:55:35,Clinical Patient 7957,62,Male,Not applicable,Emergency Department,12,Active Inpatient,Aspiration pneumonia,Community-Acquired Pneumonia,No organism identified,37.7,88,123,63,94,20,39.6,COPD,Mild impairment,Normal,Penicillin,IgE-mediated,0,None prior,0,None known,0.174,0.317,31.7,Medium,0.286,0.169,0.231,0.127,-0.02,-0.02,-0.019,-0.02,0.04,-0.02,"Clinical explanation: AMR risk is medium with prior antibiotic exposure=0, prior resistant organism=None known, and ward resistance rate=17.4%. Review feature attributions before making a clinical decision.",Piperacillin-Tazobactam,Cefepime + Vancomycin,82.2,Renal adjustment review required,Documented Penicillin allergy | Renal adjustment review required,Accept,Clinician accepted the displayed first-line option,Piperacillin-Tazobactam,Positive,2026-08-11 03:55:35,S. aureus,MRSA,Discordant,Improved,No,Renal impairment,"Admitted to Emergency Department with Aspiration pneumonia from Community-Acquired Pneumonia. Initial vitals: T 37.7 C, HR 88, BP 123/63, SpO2 94%. History: COPD; kidney function Mild impairment; allergy Penicillin; prior antibiotic exposure in 90d 0; previous resistant organism None known. Culture status Positive.",1,0.22424869,0,False Negative (Type II Error - Critical Missed Resistance)
PX-107960,ENC-20257960,True,2026-08-07 07:18:35,Clinical Patient 7961,72,Male,Not applicable,Surgical Ward,38,Transferred,Wound infection,Skin/Soft Tissue Infection,P. aeruginosa,38.1,49,112,64,97,19,7.7,Heart failure,AKI,Mild impairment,None known,,0,None prior,0,None known,0.309,0.448,44.8,Medium,0.329,0.383,0.195,0.164,-0.02,-0.02,0.015,-0.02,0.04,-0.02,"Clinical explanation: AMR risk is medium with prior antibiotic exposure=0, prior resistant organism=None known, and ward resistance rate=30.9%. Review feature attributions before making a clinical decision.",Piperacillin-Tazobactam,Cefepime + Vancomycin,68.6,Renal adjustment review required,Renal adjustment review required,Accept,Clinician accepted the displayed first-line option,Piperacillin-Tazobactam,Positive,2026-08-11 07:18:35,P. aeruginosa,None detected,Concordant,Recovered,No,Standard scenario,"Admitted to Surgical Ward with Wound infection from Skin/Soft Tissue Infection. Initial vitals: T 38.1 C, HR 49, BP 112/64, SpO2 97%. History: Heart failure; kidney function AKI; allergy None known; prior antibiotic exposure in 90d 0; previous resistant organism None known. Culture status Positive.",0,0.3157281,0,True Negative
PX-107961,ENC-20257961,True,2026-08-07 09:57:16,Clinical Patient 7962,73,Male,Not applicable,General Medicine,36,Active Inpatient,Severe HAP,Hospital-Acquired Pneumonia,Enterobacter cloacae complex,40.1,128,112,64,95,20,33.0,COPD; Diabetes,Normal,Mild impairment,None known,,0,None prior,0,MRSA,0.234,0.502,50.2,Medium,0.441,0.317,0.46,0.283,-0.02,0.08,-0.004,-0.02,0.04,0.05,"Clinical explanation: AMR risk is medium with prior antibiotic exposure=0, prior resistant organism=MRSA, and ward resistance rate=23.4%. Review feature attributions before making a clinical decision.",Piperacillin-Tazobactam,Cefepime + Vancomycin,92.7,No renal adjustment flag,No renal adjustment flag,Accept,Clinician accepted the displayed first-line option,Piperacillin-Tazobactam,Positive,2026-08-08 09:57:16,Enterobacter cloacae complex,CRE,Concordant,Improved,No,Prior resistant organism,"Admitted to General Medicine with Severe HAP from Hospital-Acquired Pneumonia. Initial vitals: T 40.1 C, HR 128, BP 112/64, SpO2 95%. History: COPD; Diabetes; kidney function Normal; allergy None known; prior antibiotic exposure in 90d 0; previous resistant organism MRSA. Culture status Positive.",1,0.5621059,1,True Positive
PX-107962,ENC-20257962,True,2026-08-07 11:54:17,Clinical Patient 7963,76,Female,Not applicable,General Medicine,1,Active Inpatient,Post-op wound infection,Surgical Site Infection,S. pneumoniae,36.8,83,118,67,93,21,30.2,CKD; Hypertension,Normal,Moderate impairment,Cephalosporin,Anaphylaxis,0,None prior,0,None known,0.238,0.11,11.0,Low,0.117,0.037,0.066,0.057,-0.02,-0.02,-0.003,-0.02,0.04,-0.02,"Clinical explanation: AMR risk is low with prior antibiotic exposure=0, prior resistant organism=None known, and ward resistance rate=23.8%. Review feature attributions before making a clinical decision.",Ceftriaxone,Cefepime,95.8,No renal adjustment flag,Documented Cephalosporin allergy,Modify,Dose/frequency adjusted after clinical review,Cefepime,Positive,2026-08-09 11:54:17,S. pneumoniae,None detected,Concordant,Improved,No,Allergy/safety edge case,"Admitted to General Medicine with Post-op wound infection from Surgical Site Infection. Initial vitals: T 36.8 C, HR 83, BP 118/67, SpO2 93%. History: CKD; Hypertension; kidney function Normal; allergy Cephalosporin; prior antibiotic exposure in 90d 0; previous resistant organism None known. Culture status Positive.",0,0.2638501,0,True Negative
PX-107970,ENC-20257970,True,2026-08-07 23:58:19,Clinical Patient 7971,69,Female,Not applicable,Emergency Department,30,Discharged,Biliary tract infection,Intra-abdominal Infection,No organism identified,39.1,75,133,76,95,16,22.1,,Normal,Normal,None known,,0,None in prior 90 days,0,None known,0.196,0.26,26.0,Low,0.276,0.233,0.138,0.201,-0.02,-0.02,-0.013,-0.02,-0.02,0.05,"Clinical explanation: AMR risk is low with prior antibiotic exposure=0, prior resistant organism=None known, and ward resistance rate=19.6%. Review feature attributions before making a clinical decision.",Ceftriaxone,Cefepime,70.2,No renal adjustment flag,No renal adjustment flag,Accept,Clinician accepted the displayed first-line option,Ceftriaxone,Positive,2026-08-09 23:58:19,P. aeruginosa,None detected,Concordant,Recovered,No,Missing/unknown clinical field,"Admitted to Emergency Department with Biliary tract infection from Intra-abdominal Infection. Initial vitals: T 39.1 C, HR 75, BP 133/76, SpO2 95%. History: None; kidney function Normal; allergy None known; prior antibiotic exposure in 90d 0; previous resistant organism None known. Culture status Positive.",0,0.22458935,0,True Negative
PX-107972,ENC-20257972,True,2026-08-08 03:36:13,Clinical Patient 7973,37,Female,No,ICU,38,Active Inpatient,Peritonitis,Intra-abdominal Infection,P. aeruginosa,38.5,111,118,75,89,24,67.2,,Normal,Normal,Penicillin,Mild/rash,4,Ciprofloxacin,7,None known,0.291,0.604,60.4,High,0.641,0.493,0.515,0.238,0.14,-0.02,0.01,0.06,-0.02,0.05,"Clinical explanation: AMR risk is high with prior antibiotic exposure=4, prior resistant organism=None known, and ward resistance rate=29.1%. Review feature attributions before making a clinical decision.",Meropenem + Vancomycin,Ceftazidime-Avibactam,70.0,No renal adjustment flag,Documented Penicillin allergy,Accept,Clinician accepted the displayed first-line option,Meropenem + Vancomycin,Positive,2026-08-09 03:36:13,P. aeruginosa,MDR Pseudomonas,Concordant,Recovered,No,Allergy/safety edge case,"Admitted to ICU with Peritonitis from Intra-abdominal Infection. Initial vitals: T 38.5 C, HR 111, BP 118/75, SpO2 89%. History: None; kidney function Normal; allergy Penicillin; prior antibiotic exposure in 90d 4; previous resistant organism None known. Culture status Positive.",1,0.5791732,1,True Positive
PX-107974,ENC-20257974,True,2026-08-08 06:10:26,Clinical Patient 7975,78,Male,Not applicable,Surgical Ward,12,Discharged,Pyelonephritis,Urinary Tract Infection,E. coli,38.5,112,131,83,93,23,6.8,Liver disease,Normal,Normal,Cephalosporin,IgE-mediated,0,None in prior 90 days,0,None known,0.423,0.519,51.9,Medium,0.474,0.185,0.491,0.368,-0.02,-0.02,0.043,-0.02,0.04,0.05,"Clinical explanation: AMR risk is medium with prior antibiotic exposure=0, prior resistant organism=None known, and ward resistance rate=42.3%. Review feature attributions before making a clinical decision.",Piperacillin-Tazobactam,Cefepime + Vancomycin,74.0,No renal adjustment flag,Documented Cephalosporin allergy,Modify,Dose/frequency adjusted after clinical review,Cefepime + Vancomycin,Positive,2026-08-12 06:10:26,E. coli,None detected,Discordant,Improved,No,Allergy/safety edge case,"Admitted to Surgical Ward with Pyelonephritis from Urinary Tract Infection. Initial vitals: T 38.5 C, HR 112, BP 131/83, SpO2 93%. History: Liver disease; kidney function Normal; allergy Cephalosporin; prior antibiotic exposure in 90d 0; previous resistant organism None known. Culture status Positive.",0,0.39848447,0,True Negative
PX-107977,ENC-20257977,True,2026-08-08 16:16:02,Clinical Patient 7978,56,Female,Not applicable,General Medicine,1,Active Inpatient,Aspiration pneumonia,Community-Acquired Pneumonia,Enterobacter cloacae complex,39.5,67,116,78,96,20,11.5,Immunosuppression,Normal,Normal,None known,,0,None prior,0,ESBL,0.287,0.569,56.9,Medium,0.586,0.367,0.541,0.369,-0.02,0.08,0.009,-0.02,0.04,0.05,"Clinical explanation: AMR risk is medium with prior antibiotic exposure=0, prior resistant organism=ESBL, and ward resistance rate=28.7%. Review feature attributions before making a clinical decision.",Piperacillin-Tazobactam,Cefepime + Vancomycin,85.0,No renal adjustment flag,No renal adjustment flag,Accept,Clinician accepted the displayed first-line option,Piperacillin-Tazobactam,Positive,2026-08-10 16:16:02,Enterobacter cloacae complex,CRE,Concordant,Improved,No,Prior resistant organism,"Admitted to General Medicine with Aspiration pneumonia from Community-Acquired Pneumonia. Initial vitals: T 39.5 C, HR 67, BP 116/78, SpO2 96%. History: Immunosuppression; kidney function Normal; allergy None known; prior antibiotic exposure in 90d 0; previous resistant organism ESBL. Culture status Positive.",1,0.5170764,1,True Positive
PX-107980,ENC-20257980,True,2026-08-08 23:03:12,Clinical Patient 7981,68,Male,Not applicable,Surgical Ward,1,Active Inpatient,Wound infection,Skin/Soft Tissue Infection,Enterococcus faecalis,38.2,130,115,68,96,18,55.0,Diabetes,Normal,Normal,None known,,2,Levofloxacin,3,ESBL,0.383,0.77,77.0,High,0.832,0.451,0.524,0.4,0.06,0.08,0.033,-0.02,0.04,0.05,"Clinical explanation: AMR risk is high with prior antibiotic exposure=2, prior resistant organism=ESBL, and ward resistance rate=38.3%. Review feature attributions before making a clinical decision.",Meropenem + Vancomycin,Ceftazidime-Avibactam,70.0,No renal adjustment flag,No renal adjustment flag,Accept,Clinician accepted the displayed first-line option,Meropenem + Vancomycin,Positive,2026-08-09 23:03:12,Enterococcus faecalis,MRSA,Concordant,Escalated care,Yes,Prior resistant organism,"Admitted to Surgical Ward with Wound infection from Skin/Soft Tissue Infection. Initial vitals: T 38.2 C, HR 130, BP 115/68, SpO2 96%. History: Diabetes; kidney function Normal; allergy None known; prior antibiotic exposure in 90d 2; previous resistant organism ESBL. Culture status Positive.",1,0.8097376,1,True Positive
PX-108022,ENC-20258022,True,2026-08-11 17:14:52,Clinical Patient 8023,63,Male,Not applicable,General Medicine,40,Active Inpatient,Peritonitis,Intra-abdominal Infection,Mixed flora,38.7,125,94,51,93,19,47.1,COPD,Mild impairment,Normal,None known,,2,Amoxicillin-Clavulanate,21,None known,0.252,0.849,84.9,High,0.628,0.758,0.842,0.338,0.06,-0.02,0.001,-0.02,0.04,0.05,"Clinical explanation: AMR risk is high with prior antibiotic exposure=2, prior resistant organism=None known, and ward resistance rate=25.2%. Review feature attributions before making a clinical decision.",Meropenem + Vancomycin,Ceftazidime-Avibactam,73.4,Renal adjustment review required,Renal adjustment review required,Override,Alternative source-control plan,Clinician-selected regimen,Positive,2026-08-12 17:14:52,Enterococcus faecalis,None detected,Discordant,Improved,No,Renal impairment,"Admitted to General Medicine with Peritonitis from Intra-abdominal Infection. Initial vitals: T 38.7 C, HR 125, BP 94/51, SpO2 93%. History: COPD; kidney function Mild impairment; allergy None known; prior antibiotic exposure in 90d 2; previous resistant organism None known. Culture status Positive.",0,0.5527586,1,False Positive (Type I Error)
PX-108041,ENC-20258041,True,2026-08-12 19:50:03,Clinical Patient 8042,64,Male,Not applicable,General Medicine,21,Active Inpatient,Pyelonephritis,Urinary Tract Infection,No organism identified,37.0,70,160,87,98,13,13.7,,Normal,Normal,Penicillin,Anaphylaxis,0,None prior,0,MRSA,0.303,0.407,40.7,Medium,0.413,0.345,0.281,0.325,-0.02,0.08,0.013,-0.02,-0.02,-0.02,"Clinical explanation: AMR risk is medium with prior antibiotic exposure=0, prior resistant organism=MRSA, and ward resistance rate=30.3%. Review feature attributions before making a clinical decision.",Piperacillin-Tazobactam,Cefepime + Vancomycin,70.8,No renal adjustment flag,Documented Penicillin allergy,Modify,Dose/frequency adjusted after clinical review,Cefepime + Vancomycin,Positive,2026-08-14 19:50:03,P. aeruginosa,MDR Pseudomonas,Discordant,Improved,No,Allergy/safety edge case,"Admitted to General Medicine with Pyelonephritis from Urinary Tract Infection. Initial vitals: T 37.0 C, HR 70, BP 160/87, SpO2 98%. History: None; kidney function Normal; allergy Penicillin; prior antibiotic exposure in 90d 0; previous resistant organism MRSA. Culture status Positive.",1,0.61689335,1,True Positive
PX-108049,ENC-20258049,True,2026-08-13 02:08:03,Clinical Patient 8050,28,Female,No,General Medicine,28,Active Inpatient,Catheter-associated UTI,Urinary Tract Infection,S. aureus,38.8,79,125,67,96,20,11.9,Cancer; Hypertension,Severe impairment,Normal,None known,,0,None prior,0,None known,0.266,0.27,27.0,Low,0.24,0.198,0.231,0.085,-0.02,-0.02,0.004,-0.02,0.04,0.05,"Clinical explanation: AMR risk is low with prior antibiotic exposure=0, prior resistant organism=None known, and ward resistance rate=26.6%. Review feature attributions before making a clinical decision.",Ceftriaxone,Cefepime,67.3,Renal adjustment review required,Renal adjustment review required,Accept,Clinician accepted the displayed first-line option,Ceftriaxone,Positive,2026-08-17 02:08:03,S. aureus,None detected,Concordant,Improved,No,Renal impairment,"Admitted to General Medicine with Catheter-associated UTI from Urinary Tract Infection. Initial vitals: T 38.8 C, HR 79, BP 125/67, SpO2 96%. History: Cancer; Hypertension; kidney function Severe impairment; allergy None known; prior antibiotic exposure in 90d 0; previous resistant organism None known. Culture status Positive.",0,0.20179805,0,True Negative
PX-108069,ENC-20258069,True,2026-08-15 01:45:38,Clinical Patient 8070,60,Female,Not applicable,General Medicine,24,Active Inpatient,Diverticulitis with perforation,Intra-abdominal Infection,P. aeruginosa,38.9,79,130,80,95,21,14.9,COPD,Normal,Normal,None known,,0,None in prior 90 days,0,MDR Pseudomonas,0.282,0.525,52.5,Medium,0.43,0.229,0.284,0.397,-0.02,0.08,0.008,-0.02,0.04,0.05,"Clinical explanation: AMR risk is medium with prior antibiotic exposure=0, prior resistant organism=MDR Pseudomonas, and ward resistance rate=28.2%. Review feature attributions before making a clinical decision.",Piperacillin-Tazobactam,Cefepime + Vancomycin,82.3,No renal adjustment flag,No renal adjustment flag,Modify,Dose/frequency adjusted after clinical review,Cefepime + Vancomycin,Positive,2026-08-16 01:45:38,P. aeruginosa,Other MDR,Concordant,Improved,No,Prior resistant organism,"Admitted to General Medicine with Diverticulitis with perforation from Intra-abdominal Infection. Initial vitals: T 38.9 C, HR 79, BP 130/80, SpO2 95%. History: COPD; kidney function Normal; allergy None known; prior antibiotic exposure in 90d 0; previous resistant organism MDR Pseudomonas. Culture status Positive.",1,0.53205216,1,True Positive
PX-108089,ENC-20258089,True,2026-08-16 05:00:13,Clinical Patient 8090,28,Male,Not applicable,ICU,16,Active Inpatient,Catheter-associated UTI,Urinary Tract Infection,Mixed flora,38.7,108,89,57,84,20,27.7,,Normal,Mild impairment,Sulfonamide,Mild/rash,0,None prior,0,None known,0.401,0.246,24.6,Low,0.264,0.169,0.233,0.096,-0.02,-0.02,0.038,0.06,-0.02,0.05,"Clinical explanation: AMR risk is low with prior antibiotic exposure=0, prior resistant organism=None known, and ward resistance rate=40.1%. Review feature attributions before making a clinical decision.",Ceftriaxone,Cefepime,88.6,No renal adjustment flag,Documented Sulfonamide allergy,Accept,Clinician accepted the displayed first-line option,Ceftriaxone,Positive,2026-08-18 05:00:13,E. coli,None detected,Concordant,Treatment modified after deterioration,Yes,Allergy/safety edge case,"Admitted to ICU with Catheter-associated UTI from Urinary Tract Infection. Initial vitals: T 38.7 C, HR 108, BP 89/57, SpO2 84%. History: None; kidney function Normal; allergy Sulfonamide; prior antibiotic exposure in 90d 0; previous resistant organism None known. Culture status Positive.",0,0.4200382,0,True Negative
PX-108105,ENC-20258105,True,2026-08-17 11:20:01,Clinical Patient 8106,69,Male,Not applicable,Surgical Ward,30,Active Inpatient,Complicated UTI,Urinary Tract Infection,S. pneumoniae,38.3,90,142,80,96,14,5.3,Hypertension; Liver disease,Mild impairment,Normal,Cephalosporin,Mild/rash,0,None prior,0,None known,0.257,0.323,32.3,Medium,0.298,0.23,0.226,0.086,-0.02,-0.02,0.002,-0.02,0.04,-0.02,"Clinical explanation: AMR risk is medium with prior antibiotic exposure=0, prior resistant organism=None known, and ward resistance rate=25.7%. Review feature attributions before making a clinical decision.",Piperacillin-Tazobactam,Cefepime + Vancomycin,68.1,Renal adjustment review required,Documented Cephalosporin allergy | Renal adjustment review required,Override,Alternative source-control plan,Clinician-selected regimen,Positive,2026-08-18 11:20:01,S. pneumoniae,None detected,Concordant,Improved,No,Renal impairment,"Admitted to Surgical Ward with Complicated UTI from Urinary Tract Infection. Initial vitals: T 38.3 C, HR 90, BP 142/80, SpO2 96%. History: Hypertension; Liver disease; kidney function Mild impairment; allergy Cephalosporin; prior antibiotic exposure in 90d 0; previous resistant organism None known. Culture status Positive.",0,0.27270514,0,True Negative
PX-108135,ENC-20258135,True,2026-08-20 05:02:15,Clinical Patient 8136,31,Female,No,General Medicine,34,Active Inpatient,Suspected bacteremia,Bloodstream Infection,No organism identified,38.6,118,90,53,98,15,78.1,,Normal,Normal,None known,,0,None in prior 90 days,0,None known,0.169,0.154,15.4,Low,0.125,0.08,0.075,0.09,-0.02,-0.02,-0.02,-0.02,-0.02,0.05,"Clinical explanation: AMR risk is low with prior antibiotic exposure=0, prior resistant organism=None known, and ward resistance rate=16.9%. Review feature attributions before making a clinical decision.",Ceftriaxone,Cefepime,94.9,No renal adjustment flag,No renal adjustment flag,Pending,Decision not yet recorded,Clinician-selected regimen,Positive,2026-08-23 05:02:15,Enterococcus faecalis,None detected,Concordant,Recovered,No,Missing/unknown clinical field,"Admitted to General Medicine with Suspected bacteremia from Bloodstream Infection. Initial vitals: T 38.6 C, HR 118, BP 90/53, SpO2 98%. History: None; kidney function Normal; allergy None known; prior antibiotic exposure in 90d 0; previous resistant organism None known. Culture status Positive.",0,0.22511274,0,True Negative
PX-108146,ENC-20258146,True,2026-08-20 22:38:57,Clinical Patient 8147,49,Female,No,Surgical Ward,7,Active Inpatient,Suspected bacteremia,Bloodstream Infection,S. aureus,38.5,105,83,64,97,20,26.6,Cancer; Hypertension; Immunosuppression,Normal,Normal,None known,,3,Cefepime,21,None known,0.317,0.728,72.8,High,0.694,0.323,0.337,0.252,0.1,-0.02,0.017,-0.02,0.04,-0.02,"Clinical explanation: AMR risk is high with prior antibiotic exposure=3, prior resistant organism=None known, and ward resistance rate=31.7%. Review feature attributions before making a clinical decision.",Meropenem + Vancomycin,Ceftazidime-Avibactam,81.5,No renal adjustment flag,No renal adjustment flag,Accept,Clinician accepted the displayed first-line option,Meropenem + Vancomycin,Positive,2026-08-21 22:38:57,S. aureus,None detected,Discordant,Recovered,No,Standard scenario,"Admitted to Surgical Ward with Suspected bacteremia from Bloodstream Infection. Initial vitals: T 38.5 C, HR 105, BP 83/64, SpO2 97%. History: Cancer; Hypertension; Immunosuppression; kidney function Normal; allergy None known; prior antibiotic exposure in 90d 3; previous resistant organism None known. Culture status Positive.",0,0.59764016,1,False Positive (Type I Error)
PX-108160,ENC-20258160,True,2026-08-22 05:25:45,Clinical Patient 8161,45,Male,Not applicable,General Medicine,28,Discharged,Catheter-associated UTI,Urinary Tract Infection,No organism identified,40.1,79,127,79,95,19,13.8,Heart failure,Normal,Normal,Cephalosporin,Anaphylaxis,1,Amoxicillin-Clavulanate,14,ESBL,0.282,0.655,65.5,High,0.703,0.415,0.298,0.199,0.02,0.08,0.008,-0.02,0.04,0.05,"Clinical explanation: AMR risk is high with prior antibiotic exposure=1, prior resistant organism=ESBL, and ward resistance rate=28.2%. Review feature attributions before making a clinical decision.",Meropenem + Vancomycin,Ceftazidime-Avibactam,75.5,No renal adjustment flag,Documented Cephalosporin allergy,Override,Alternative source-control plan,Clinician-selected regimen,Positive,2026-08-26 05:25:45,P. aeruginosa,MDR Pseudomonas,Concordant,Improved,No,Allergy/safety edge case,"Admitted to General Medicine with Catheter-associated UTI from Urinary Tract Infection. Initial vitals: T 40.1 C, HR 79, BP 127/79, SpO2 95%. History: Heart failure; kidney function Normal; allergy Cephalosporin; prior antibiotic exposure in 90d 1; previous resistant organism ESBL. Culture status Positive.",1,0.57614684,1,True Positive
PX-108164,ENC-20258164,True,2026-08-22 13:36:13,Clinical Patient 8165,87,Male,Not applicable,Surgical Ward,31,Active Inpatient,Catheter-associated UTI,Urinary Tract Infection,S. pneumoniae,38.7,93,138,88,93,21,20.8,Cancer; Immunosuppression,Normal,Normal,None known,,1,Meropenem,21,None known,0.374,0.57,57.0,Medium,0.617,0.441,0.309,0.166,0.02,-0.02,0.031,-0.02,0.04,0.05,"Clinical explanation: AMR risk is medium with prior antibiotic exposure=1, prior resistant organism=None known, and ward resistance rate=37.4%. Review feature attributions before making a clinical decision.",Piperacillin-Tazobactam,Cefepime + Vancomycin,71.1,No renal adjustment flag,No renal adjustment flag,Accept,Clinician accepted the displayed first-line option,Piperacillin-Tazobactam,Positive,2026-08-23 13:36:13,S. pneumoniae,MRSA,Concordant,Improved,No,Standard scenario,"Admitted to Surgical Ward with Catheter-associated UTI from Urinary Tract Infection. Initial vitals: T 38.7 C, HR 93, BP 138/88, SpO2 93%. History: Cancer; Immunosuppression; kidney function Normal; allergy None known; prior antibiotic exposure in 90d 1; previous resistant organism None known. Culture status Positive.",1,0.6077623,1,True Positive
PX-108181,ENC-20258181,True,2026-08-24 08:16:00,Clinical Patient 8182,60,Male,Not applicable,ICU,11,Active Inpatient,HAP,Hospital-Acquired Pneumonia,Enterobacter cloacae complex,39.0,116,117,67,91,29,61.3,,Mild impairment,Normal,Cephalosporin,IgE-mediated,0,None in prior 90 days,0,MDR Pseudomonas,0.43,0.716,71.6,High,0.514,0.245,0.471,0.557,-0.02,0.08,0.045,0.06,-0.02,0.05,"Clinical explanation: AMR risk is high with prior antibiotic exposure=0, prior resistant organism=MDR Pseudomonas, and ward resistance rate=43.0%. Review feature attributions before making a clinical decision.",Meropenem + Vancomycin,Ceftazidime-Avibactam,86.8,Renal adjustment review required,Documented Cephalosporin allergy | Renal adjustment review required,Override,Alternative source-control plan,Clinician-selected regimen,Positive,2026-08-25 08:16:00,Enterobacter cloacae complex,Other MDR,Concordant,Improved,No,Renal impairment,"Admitted to ICU with HAP from Hospital-Acquired Pneumonia. Initial vitals: T 39.0 C, HR 116, BP 117/67, SpO2 91%. History: None; kidney function Mild impairment; allergy Cephalosporin; prior antibiotic exposure in 90d 0; previous resistant organism MDR Pseudomonas. Culture status Positive.",1,0.7500827,1,True Positive
PX-108184,ENC-20258184,True,2026-08-24 10:28:32,Clinical Patient 8185,61,Male,Not applicable,General Medicine,26,Discharged,Aspiration pneumonia,Community-Acquired Pneumonia,Enterococcus faecalis,36.9,85,156,93,99,21,13.0,Liver disease,Mild impairment,Normal,Penicillin,Mild/rash,0,None in prior 90 days,0,MRSA,0.229,0.716,71.6,High,0.732,0.254,0.683,0.206,-0.02,0.08,-0.005,-0.02,0.04,-0.02,"Clinical explanation: AMR risk is high with prior antibiotic exposure=0, prior resistant organism=MRSA, and ward resistance rate=22.9%. Review feature attributions before making a clinical decision.",Meropenem + Vancomycin,Ceftazidime-Avibactam,65.3,Renal adjustment review required,Documented Penicillin allergy | Renal adjustment review required,Override,Alternative source-control plan,Clinician-selected regimen,Positive,2026-08-25 10:28:32,Enterococcus faecalis,None detected,Discordant,Improved,No,Renal impairment,"Admitted to General Medicine with Aspiration pneumonia from Community-Acquired Pneumonia. Initial vitals: T 36.9 C, HR 85, BP 156/93, SpO2 99%. History: Liver disease; kidney function Mild impairment; allergy Penicillin; prior antibiotic exposure in 90d 0; previous resistant organism MRSA. Culture status Positive.",0,0.6036324,1,False Positive (Type I Error)
PX-108195,ENC-20258195,True,2026-08-24 18:57:18,Clinical Patient 8196,50,Male,Not applicable,General Medicine,22,Active Inpatient,Complicated intra-abdominal infection,Intra-abdominal Infection,S. pneumoniae,39.3,80,119,83,96,16,30.7,Diabetes,Mild impairment,Normal,None known,,1,Piperacillin-Tazobactam,21,None known,0.298,0.387,38.7,Medium,0.318,0.224,0.192,0.298,0.02,-0.02,0.012,-0.02,0.04,0.05,"Clinical explanation: AMR risk is medium with prior antibiotic exposure=1, prior resistant organism=None known, and ward resistance rate=29.8%. Review feature attributions before making a clinical decision.",Piperacillin-Tazobactam,Cefepime + Vancomycin,74.6,Renal adjustment review required,Renal adjustment review required,Accept,Clinician accepted the displayed first-line option,Piperacillin-Tazobactam,Positive,2026-08-26 18:57:18,S. pneumoniae,None detected,Concordant,Recovered,No,Renal impairment,"Admitted to General Medicine with Complicated intra-abdominal infection from Intra-abdominal Infection. Initial vitals: T 39.3 C, HR 80, BP 119/83, SpO2 96%. History: Diabetes; kidney function Mild impairment; allergy None known; prior antibiotic exposure in 90d 1; previous resistant organism None known. Culture status Positive.",0,0.4036925,0,True Negative
PX-108201,ENC-20258201,True,2026-08-24 23:17:01,Clinical Patient 8202,68,Male,Not applicable,ICU,36,Active Inpatient,Primary bacteremia,Bloodstream Infection,S. pneumoniae,39.3,77,113,75,92,19,25.5,,Unknown,Normal,None known,,0,None prior,0,None known,0.432,0.233,23.3,Low,0.204,0.172,0.163,0.074,-0.02,-0.02,0.045,0.06,-0.02,0.05,"Clinical explanation: AMR risk is low with prior antibiotic exposure=0, prior resistant organism=None known, and ward resistance rate=43.2%. Review feature attributions before making a clinical decision.",Ceftriaxone,Cefepime,84.3,No renal adjustment flag,No renal adjustment flag,Accept,Clinician accepted the displayed first-line option,Ceftriaxone,Positive,2026-08-28 23:17:01,S. pneumoniae,None detected,Concordant,Improved,No,Missing/unknown clinical field,"Admitted to ICU with Primary bacteremia from Bloodstream Infection. Initial vitals: T 39.3 C, HR 77, BP 113/75, SpO2 92%. History: None; kidney function Unknown; allergy None known; prior antibiotic exposure in 90d 0; previous resistant organism None known. Culture status Positive.",0,0.41235512,0,True Negative
PX-108217,ENC-20258217,True,2026-08-25 17:32:16,Clinical Patient 8218,18,Male,Not applicable,General Medicine,32,Active Inpatient,Catheter-associated UTI,Urinary Tract Infection,Mixed flora,38.6,88,134,96,95,17,40.4,,Normal,Normal,Penicillin,IgE-mediated,1,Ceftriaxone,21,None known,0.272,0.577,57.7,Medium,0.479,0.252,0.555,0.393,0.02,-0.02,0.006,-0.02,-0.02,0.05,"Clinical explanation: AMR risk is medium with prior antibiotic exposure=1, prior resistant organism=None known, and ward resistance rate=27.2%. Review feature attributions before making a clinical decision.",Piperacillin-Tazobactam,Cefepime + Vancomycin,73.0,No renal adjustment flag,Documented Penicillin allergy,Accept,Clinician accepted the displayed first-line option,Piperacillin-Tazobactam,Positive,2026-08-29 17:32:16,S. aureus,None detected,Discordant,No documented outcome,No,Allergy/safety edge case,"Admitted to General Medicine with Catheter-associated UTI from Urinary Tract Infection. Initial vitals: T 38.6 C, HR 88, BP 134/96, SpO2 95%. History: None; kidney function Normal; allergy Penicillin; prior antibiotic exposure in 90d 1; previous resistant organism None known. Culture status Positive.",0,0.3035943,0,True Negative
PX-108223,ENC-20258223,True,2026-08-26 00:54:57,Clinical Patient 8224,18,Female,No,General Medicine,18,Active Inpatient,Late-onset VAP,Ventilator-Associated Pneumonia,S. aureus,39.3,115,76,44,82,20,21.2,Diabetes,Normal,Moderate impairment,Cephalosporin,Anaphylaxis,0,None prior,0,MRSA,0.256,0.764,76.4,High,0.686,0.482,0.588,0.44,-0.02,0.08,0.002,-0.02,0.04,0.05,"Clinical explanation: AMR risk is high with prior antibiotic exposure=0, prior resistant organism=MRSA, and ward resistance rate=25.6%. Review feature attributions before making a clinical decision.",Meropenem + Vancomycin,Ceftazidime-Avibactam,75.5,No renal adjustment flag,Documented Cephalosporin allergy,Modify,Dose/frequency adjusted after clinical review,Ceftazidime-Avibactam,Positive,2026-08-30 00:54:57,S. aureus,MRSA,Concordant,Treatment modified after deterioration,Yes,Allergy/safety edge case,"Admitted to General Medicine with Late-onset VAP from Ventilator-Associated Pneumonia. Initial vitals: T 39.3 C, HR 115, BP 76/44, SpO2 82%. History: Diabetes; kidney function Normal; allergy Cephalosporin; prior antibiotic exposure in 90d 0; previous resistant organism MRSA. Culture status Positive.",1,0.4524176,0,False Negative (Type II Error - Critical Missed Resistance)
PX-108242,ENC-20258242,True,2026-08-27 11:04:10,Clinical Patient 8243,75,Female,Not applicable,General Medicine,23,Active Inpatient,Pyelonephritis,Urinary Tract Infection,Mixed flora,38.5,86,154,80,94,20,18.0,Immunosuppression,Normal,Normal,None known,,0,None in prior 90 days,0,None known,0.1,0.219,21.9,Low,0.23,0.195,0.094,0.158,-0.02,-0.02,-0.037,-0.02,0.04,-0.02,"Clinical explanation: AMR risk is low with prior antibiotic exposure=0, prior resistant organism=None known, and ward resistance rate=10.0%. Review feature attributions before making a clinical decision.",Ceftriaxone,Cefepime,91.4,No renal adjustment flag,No renal adjustment flag,Accept,Clinician accepted the displayed first-line option,Ceftriaxone,Positive,2026-08-29 11:04:10,E. coli,None detected,Concordant,Improved,No,Standard scenario,"Admitted to General Medicine with Pyelonephritis from Urinary Tract Infection. Initial vitals: T 38.5 C, HR 86, BP 154/80, SpO2 94%. History: Immunosuppression; kidney function Normal; allergy None known; prior antibiotic exposure in 90d 0; previous resistant organism None known. Culture status Positive.",0,0.24752572,0,True Negative
PX-108269,ENC-20258269,True,2026-08-29 06:26:59,Clinical Patient 8270,43,Female,No,ICU,36,Active Inpatient,Aspiration pneumonia,Community-Acquired Pneumonia,Enterobacter cloacae complex,35.7,99,70,45,92,27,24.2,Hypertension,Severe impairment,Normal,None known,,2,Ciprofloxacin,28,None known,0.47,0.812,81.2,High,0.692,0.258,0.523,0.633,0.06,-0.02,0.055,0.06,0.04,-0.02,"Clinical explanation: AMR risk is high with prior antibiotic exposure=2, prior resistant organism=None known, and ward resistance rate=47.0%. Review feature attributions before making a clinical decision.",Meropenem + Vancomycin,Ceftazidime-Avibactam,88.5,Renal adjustment review required,Renal adjustment review required,Accept,Clinician accepted the displayed first-line option,Meropenem + Vancomycin,Positive,2026-08-30 06:26:59,Enterobacter cloacae complex,ESBL,Concordant,Improved,No,Renal impairment,"Admitted to ICU with Aspiration pneumonia from Community-Acquired Pneumonia. Initial vitals: T 35.7 C, HR 99, BP 70/45, SpO2 92%. History: Hypertension; kidney function Severe impairment; allergy None known; prior antibiotic exposure in 90d 2; previous resistant organism None known. Culture status Positive.",1,0.70984167,1,True Positive
PX-108275,ENC-20258275,True,2026-08-29 12:09:25,Clinical Patient 8276,70,Male,Not applicable,General Medicine,21,Active Inpatient,Urosepsis,Urinary Tract Infection,Enterobacter cloacae complex,37.1,83,156,100,96,18,22.9,,Normal,Normal,None known,,0,None in prior 90 days,0,None known,0.242,0.141,14.1,Low,0.132,0.12,0.078,0.034,-0.02,-0.02,-0.002,-0.02,-0.02,-0.02,"Clinical explanation: AMR risk is low with prior antibiotic exposure=0, prior resistant organism=None known, and ward resistance rate=24.2%. Review feature attributions before making a clinical decision.",Ceftriaxone,Cefepime,88.5,No renal adjustment flag,No renal adjustment flag,Accept,Clinician accepted the displayed first-line option,Ceftriaxone,Positive,2026-08-30 12:09:25,Enterobacter cloacae complex,None detected,Concordant,Recovered,No,Missing/unknown clinical field,"Admitted to General Medicine with Urosepsis from Urinary Tract Infection. Initial vitals: T 37.1 C, HR 83, BP 156/100, SpO2 96%. History: None; kidney function Normal; allergy None known; prior antibiotic exposure in 90d 0; previous resistant organism None known. Culture status Positive.",0,0.24908715,0,True Negative
PX-108286,ENC-20258286,True,2026-08-30 17:22:47,Clinical Patient 8287,50,Female,No,General Medicine,12,Active Inpatient,Aspiration pneumonia,Community-Acquired Pneumonia,No organism identified,39.5,81,135,78,91,20,7.6,Cancer; Immunosuppression,Normal,Mild impairment,None known,,1,Vancomycin,5,None known,0.327,0.579,57.9,Medium,0.469,0.373,0.382,0.145,0.02,-0.02,0.019,-0.02,0.04,0.05,"Clinical explanation: AMR risk is medium with prior antibiotic exposure=1, prior resistant organism=None known, and ward resistance rate=32.7%. Review feature attributions before making a clinical decision.",Piperacillin-Tazobactam,Cefepime + Vancomycin,68.5,No renal adjustment flag,No renal adjustment flag,Accept,Clinician accepted the displayed first-line option,Piperacillin-Tazobactam,Positive,2026-09-03 17:22:47,E. coli,None detected,Discordant,Improved,No,Standard scenario,"Admitted to General Medicine with Aspiration pneumonia from Community-Acquired Pneumonia. Initial vitals: T 39.5 C, HR 81, BP 135/78, SpO2 91%. History: Cancer; Immunosuppression; kidney function Normal; allergy None known; prior antibiotic exposure in 90d 1; previous resistant organism None known. Culture status Positive.",0,0.3901577,0,True Negative
PX-108300,ENC-20258300,True,2026-08-31 14:16:51,Clinical Patient 8301,39,Female,No,ICU,3,Discharged,Catheter-associated UTI,Urinary Tract Infection,S. aureus,38.3,119,97,58,99,25,21.4,,Mild impairment,Normal,Penicillin,IgE-mediated,0,None prior,0,None known,0.409,0.431,43.1,Medium,0.409,0.148,0.314,0.283,-0.02,-0.02,0.04,0.06,-0.02,0.05,"Clinical explanation: AMR risk is medium with prior antibiotic exposure=0, prior resistant organism=None known, and ward resistance rate=40.9%. Review feature attributions before making a clinical decision.",Piperacillin-Tazobactam,Cefepime + Vancomycin,65.1,Renal adjustment review required,Documented Penicillin allergy | Renal adjustment review required,Override,Alternative source-control plan,Clinician-selected regimen,Positive,2026-09-02 14:16:51,S. aureus,MRSA,Discordant,Improved,No,Renal impairment,"Admitted to ICU with Catheter-associated UTI from Urinary Tract Infection. Initial vitals: T 38.3 C, HR 119, BP 97/58, SpO2 99%. History: None; kidney function Mild impairment; allergy Penicillin; prior antibiotic exposure in 90d 0; previous resistant organism None known. Culture status Positive.",1,0.39021507,0,False Negative (Type II Error - Critical Missed Resistance)
PX-108302,ENC-20258302,True,2026-08-31 14:46:42,Clinical Patient 8303,50,Female,No,Surgical Ward,38,Discharged,Peritonitis,Intra-abdominal Infection,Mixed flora,38.2,70,102,63,98,17,5.1,,Unknown,Normal,None known,,0,None in prior 90 days,0,None known,0.268,0.451,45.1,Medium,0.469,0.387,0.207,0.247,-0.02,-0.02,0.005,-0.02,-0.02,-0.02,"Clinical explanation: AMR risk is medium with prior antibiotic exposure=0, prior resistant organism=None known, and ward resistance rate=26.8%. Review feature attributions before making a clinical decision.",Piperacillin-Tazobactam,Cefepime + Vancomycin,65.3,No renal adjustment flag,No renal adjustment flag,Accept,Clinician accepted the displayed first-line option,Piperacillin-Tazobactam,Positive,2026-09-01 14:46:42,E. coli,None detected,Concordant,Improved,No,Missing/unknown clinical field,"Admitted to Surgical Ward with Peritonitis from Intra-abdominal Infection. Initial vitals: T 38.2 C, HR 70, BP 102/63, SpO2 98%. History: None; kidney function Unknown; allergy None known; prior antibiotic exposure in 90d 0; previous resistant organism None known. Culture status Positive.",0,0.21845192,0,True Negative
PX-108317,ENC-20258317,True,2026-09-01 09:50:15,Clinical Patient 8318,45,Male,Not applicable,General Medicine,37,Active Inpatient,CAP,Community-Acquired Pneumonia,E. coli,37.9,74,114,82,85,26,57.2,COPD,Moderate impairment,Normal,None known,,0,None prior,0,ESBL,0.285,0.661,66.1,High,0.631,0.294,0.349,0.363,-0.02,0.08,0.009,-0.02,0.04,-0.02,"Clinical explanation: AMR risk is high with prior antibiotic exposure=0, prior resistant organism=ESBL, and ward resistance rate=28.5%. Review feature attributions before making a clinical decision.",Meropenem + Vancomycin,Ceftazidime-Avibactam,93.8,Renal adjustment review required,Renal adjustment review required,Pending,Decision not yet recorded,Clinician-selected regimen,Positive,2026-09-02 09:50:15,E. coli,None detected,Discordant,Escalated care,Yes,Renal impairment,"Admitted to General Medicine with CAP from Community-Acquired Pneumonia. Initial vitals: T 37.9 C, HR 74, BP 114/82, SpO2 85%. History: COPD; kidney function Moderate impairment; allergy None known; prior antibiotic exposure in 90d 0; previous resistant organism ESBL. Culture status Positive.",0,0.5544245,1,False Positive (Type I Error)
PX-108325,ENC-20258325,True,2026-09-02 00:06:07,Clinical Patient 8326,71,Male,Not applicable,General Medicine,35,Active Inpatient,Appendicitis with abscess,Intra-abdominal Infection,Enterobacter cloacae complex,38.4,125,130,80,92,19,107.1,COPD; Diabetes,Moderate impairment,Severe impairment,None known,,4,Ceftriaxone + Azithromycin,10,MDR Pseudomonas,0.3,0.764,76.4,High,0.822,0.634,0.665,0.389,0.14,0.08,0.012,-0.02,0.04,0.05,"Clinical explanation: AMR risk is high with prior antibiotic exposure=4, prior resistant organism=MDR Pseudomonas, and ward resistance rate=30.0%. Review feature attributions before making a clinical decision.",Meropenem + Vancomycin,Ceftazidime-Avibactam,91.2,Renal adjustment review required,Renal adjustment review required,Accept,Clinician accepted the displayed first-line option,Meropenem + Vancomycin,Positive,2026-09-04 00:06:07,Enterobacter cloacae complex,ESBL,Concordant,Improved,No,Renal impairment,"Admitted to General Medicine with Appendicitis with abscess from Intra-abdominal Infection. Initial vitals: T 38.4 C, HR 125, BP 130/80, SpO2 92%. History: COPD; Diabetes; kidney function Moderate impairment; allergy None known; prior antibiotic exposure in 90d 4; previous resistant organism MDR Pseudomonas. Culture status Positive.",1,0.8477634,1,True Positive
PX-108336,ENC-20258336,True,2026-09-03 03:56:25,Clinical Patient 8337,72,Female,Not applicable,General Medicine,30,Active Inpatient,Urosepsis,Urinary Tract Infection,E. coli,38.2,89,152,89,96,26,20.7,Hypertension,AKI,Moderate impairment,Cephalosporin,Mild/rash,0,None in prior 90 days,0,None known,0.231,0.449,44.9,Medium,0.396,0.203,0.341,0.145,-0.02,-0.02,-0.005,-0.02,0.04,-0.02,"Clinical explanation: AMR risk is medium with prior antibiotic exposure=0, prior resistant organism=None known, and ward resistance rate=23.1%. Review feature attributions before making a clinical decision.",Piperacillin-Tazobactam,Cefepime + Vancomycin,76.3,Renal adjustment review required,Documented Cephalosporin allergy | Renal adjustment review required,Modify,Dose/frequency adjusted after clinical review,Cefepime + Vancomycin,Positive,2026-09-04 03:56:25,E. coli,None detected,Concordant,Improved,No,Allergy/safety edge case,"Admitted to General Medicine with Urosepsis from Urinary Tract Infection. Initial vitals: T 38.2 C, HR 89, BP 152/89, SpO2 96%. History: Hypertension; kidney function AKI; allergy Cephalosporin; prior antibiotic exposure in 90d 0; previous resistant organism None known. Culture status Positive.",0,0.3142052,0,True Negative
PX-108354,ENC-20258354,True,2026-09-04 12:56:53,Clinical Patient 8355,51,Female,Not applicable,Surgical Ward,39,Active Inpatient,Superficial SSI,Surgical Site Infection,Mixed flora,36.7,85,129,91,94,19,3.1,,Normal,Normal,None known,,0,None prior,0,ESBL,0.268,0.642,64.2,High,0.592,0.517,0.551,0.322,-0.02,0.08,0.005,-0.02,-0.02,-0.02,"Clinical explanation: AMR risk is high with prior antibiotic exposure=0, prior resistant organism=ESBL, and ward resistance rate=26.8%. Review feature attributions before making a clinical decision.",Meropenem + Vancomycin,Ceftazidime-Avibactam,87.4,No renal adjustment flag,No renal adjustment flag,Accept,Clinician accepted the displayed first-line option,Meropenem + Vancomycin,Positive,2026-09-07 12:56:53,E. coli,CRE,Concordant,Recovered,No,Prior resistant organism,"Admitted to Surgical Ward with Superficial SSI from Surgical Site Infection. Initial vitals: T 36.7 C, HR 85, BP 129/91, SpO2 94%. History: None; kidney function Normal; allergy None known; prior antibiotic exposure in 90d 0; previous resistant organism ESBL. Culture status Positive.",1,0.52959335,1,True Positive
PX-108357,ENC-20258357,True,2026-09-04 14:30:11,Clinical Patient 8358,61,Female,Not applicable,Surgical Ward,6,Active Inpatient,Peritonitis,Intra-abdominal Infection,Enterococcus faecalis,39.0,85,130,85,100,17,23.9,,Normal,Mild impairment,None known,,1,Meropenem,3,MRSA,0.297,0.627,62.7,High,0.651,0.221,0.296,0.196,0.02,0.08,0.012,-0.02,-0.02,0.05,"Clinical explanation: AMR risk is high with prior antibiotic exposure=1, prior resistant organism=MRSA, and ward resistance rate=29.7%. Review feature attributions before making a clinical decision.",Meropenem + Vancomycin,Ceftazidime-Avibactam,65.9,No renal adjustment flag,No renal adjustment flag,Accept,Clinician accepted the displayed first-line option,Meropenem + Vancomycin,Positive,2026-09-08 14:30:11,Enterococcus faecalis,None detected,Discordant,Improved,No,Prior resistant organism,"Admitted to Surgical Ward with Peritonitis from Intra-abdominal Infection. Initial vitals: T 39.0 C, HR 85, BP 130/85, SpO2 100%. History: None; kidney function Normal; allergy None known; prior antibiotic exposure in 90d 1; previous resistant organism MRSA. Culture status Positive.",0,0.7654503,1,False Positive (Type I Error)
PX-108371,ENC-20258371,True,2026-09-05 11:46:39,Clinical Patient 8372,36,Male,Not applicable,General Medicine,39,Active Inpatient,Diverticulitis with perforation,Intra-abdominal Infection,S. aureus,38.6,123,82,45,99,16,50.1,,Moderate impairment,Moderate impairment,None known,,4,Ceftriaxone + Azithromycin,7,ESBL,0.184,0.378,37.8,Medium,0.267,0.136,0.292,0.24,0.14,0.08,-0.017,-0.02,-0.02,0.05,"Clinical explanation: AMR risk is medium with prior antibiotic exposure=4, prior resistant organism=ESBL, and ward resistance rate=18.4%. Review feature attributions before making a clinical decision.",Piperacillin-Tazobactam,Cefepime + Vancomycin,93.7,Renal adjustment review required,Renal adjustment review required,Accept,Clinician accepted the displayed first-line option,Piperacillin-Tazobactam,Positive,2026-09-09 11:46:39,S. aureus,MRSA,Discordant,Treatment modified after deterioration,Yes,Renal impairment,"Admitted to General Medicine with Diverticulitis with perforation from Intra-abdominal Infection. Initial vitals: T 38.6 C, HR 123, BP 82/45, SpO2 99%. History: None; kidney function Moderate impairment; allergy None known; prior antibiotic exposure in 90d 4; previous resistant organism ESBL. Culture status Positive.",1,0.7701354,1,True Positive
PX-108387,ENC-20258387,True,2026-09-06 13:56:10,Clinical Patient 8388,40,Female,No,General Medicine,22,Discharged,HAP,Hospital-Acquired Pneumonia,E. coli,39.9,102,88,53,95,24,58.4,COPD; Hypertension; Immunosuppression,Normal,Normal,None known,,0,None in prior 90 days,0,None known,0.229,0.555,55.5,Medium,0.564,0.475,0.447,0.283,-0.02,-0.02,-0.005,-0.02,0.04,0.05,"Clinical explanation: AMR risk is medium with prior antibiotic exposure=0, prior resistant organism=None known, and ward resistance rate=22.9%. Review feature attributions before making a clinical decision.",Piperacillin-Tazobactam,Cefepime + Vancomycin,93.8,No renal adjustment flag,No renal adjustment flag,Accept,Clinician accepted the displayed first-line option,Piperacillin-Tazobactam,Positive,2026-09-10 13:56:10,E. coli,ESBL,Concordant,Improved,No,Boundary vitals,"Admitted to General Medicine with HAP from Hospital-Acquired Pneumonia. Initial vitals: T 39.9 C, HR 102, BP 88/53, SpO2 95%. History: COPD; Hypertension; Immunosuppression; kidney function Normal; allergy None known; prior antibiotic exposure in 90d 0; previous resistant organism None known. Culture status Positive.",1,0.23911938,0,False Negative (Type II Error - Critical Missed Resistance)
PX-108419,ENC-20258419,True,2026-09-09 04:48:55,Clinical Patient 8420,66,Male,Not applicable,ICU,1,Active Inpatient,Diverticulitis with perforation,Intra-abdominal Infection,Enterobacter cloacae complex,38.6,108,84,57,89,25,31.7,Liver disease,Severe impairment,Normal,Unknown,,2,Vancomycin,7,None known,0.387,0.695,69.5,High,0.493,0.461,0.341,0.144,0.06,-0.02,0.034,0.06,0.04,0.05,"Clinical explanation: AMR risk is high with prior antibiotic exposure=2, prior resistant organism=None known, and ward resistance rate=38.7%. Review feature attributions before making a clinical decision.",Meropenem + Vancomycin,Ceftazidime-Avibactam,76.3,Renal adjustment review required,Renal adjustment review required,Accept,Clinician accepted the displayed first-line option,Meropenem + Vancomycin,Positive,2026-09-13 04:48:55,Enterobacter cloacae complex,Other MDR,Concordant,Recovered,No,Renal impairment,"Admitted to ICU with Diverticulitis with perforation from Intra-abdominal Infection. Initial vitals: T 38.6 C, HR 108, BP 84/57, SpO2 89%. History: Liver disease; kidney function Severe impairment; allergy Unknown; prior antibiotic exposure in 90d 2; previous resistant organism None known. Culture status Positive.",1,0.6249097,1,True Positive
PX-108430,ENC-20258430,True,2026-09-09 18:32:26,Clinical Patient 8431,74,Female,Not applicable,General Medicine,17,Discharged,Aspiration pneumonia,Community-Acquired Pneumonia,No organism identified,36.8,77,133,77,99,20,8.7,Cancer,Mild impairment,Mild impairment,None known,,0,None in prior 90 days,0,None known,0.303,0.453,45.3,Medium,0.378,0.31,0.368,0.339,-0.02,-0.02,0.013,-0.02,0.04,-0.02,"Clinical explanation: AMR risk is medium with prior antibiotic exposure=0, prior resistant organism=None known, and ward resistance rate=30.3%. Review feature attributions before making a clinical decision.",Piperacillin-Tazobactam,Cefepime + Vancomycin,82.1,Renal adjustment review required,Renal adjustment review required,Modify,Dose/frequency adjusted after clinical review,Cefepime + Vancomycin,Positive,2026-09-12 18:32:26,K. pneumoniae,ESBL,Discordant,Recovered,No,Renal impairment,"Admitted to General Medicine with Aspiration pneumonia from Community-Acquired Pneumonia. Initial vitals: T 36.8 C, HR 77, BP 133/77, SpO2 99%. History: Cancer; kidney function Mild impairment; allergy None known; prior antibiotic exposure in 90d 0; previous resistant organism None known. Culture status Positive.",1,0.3742483,0,False Negative (Type II Error - Critical Missed Resistance)
PX-108469,ENC-20258469,True,2026-09-13 12:39:49,Clinical Patient 8470,73,Female,Not applicable,Emergency Department,18,Active Inpatient,Catheter-related bloodstream infection,Bloodstream Infection,P. aeruginosa,39.0,78,92,43,96,22,25.7,Cancer; Immunosuppression,Unknown,Mild impairment,Penicillin,Mild/rash,0,None in prior 90 days,0,None known,0.116,0.371,37.1,Medium,0.395,0.174,0.28,0.208,-0.02,-0.02,-0.034,-0.02,0.04,0.05,"Clinical explanation: AMR risk is medium with prior antibiotic exposure=0, prior resistant organism=None known, and ward resistance rate=11.6%. Review feature attributions before making a clinical decision.",Piperacillin-Tazobactam,Cefepime + Vancomycin,80.8,No renal adjustment flag,Documented Penicillin allergy,Override,Alternative source-control plan,Clinician-selected regimen,Positive,2026-09-15 12:39:49,P. aeruginosa,None detected,Concordant,Improved,No,Allergy/safety edge case,"Admitted to Emergency Department with Catheter-related bloodstream infection from Bloodstream Infection. Initial vitals: T 39.0 C, HR 78, BP 92/43, SpO2 96%. History: Cancer; Immunosuppression; kidney function Unknown; allergy Penicillin; prior antibiotic exposure in 90d 0; previous resistant organism None known. Culture status Positive.",0,0.30547357,0,True Negative
PX-108499,ENC-20258499,True,2026-09-15 00:41:35,Clinical Patient 8500,63,Female,Not applicable,Emergency Department,20,Transferred,Biliary tract infection,Intra-abdominal Infection,No organism identified,38.8,121,70,42,100,21,29.0,Liver disease,Mild impairment,Mild impairment,None known,,3,Piperacillin-Tazobactam,7,ESBL,0.161,0.73,73.0,High,0.742,0.321,0.392,0.499,0.1,0.08,-0.022,-0.02,0.04,0.05,"Clinical explanation: AMR risk is high with prior antibiotic exposure=3, prior resistant organism=ESBL, and ward resistance rate=16.1%. Review feature attributions before making a clinical decision.",Meropenem + Vancomycin,Ceftazidime-Avibactam,92.3,Renal adjustment review required,Renal adjustment review required,Accept,Clinician accepted the displayed first-line option,Meropenem + Vancomycin,Positive,2026-09-17 00:41:35,Enterococcus faecalis,ESBL,Concordant,Recovered,No,Renal impairment,"Admitted to Emergency Department with Biliary tract infection from Intra-abdominal Infection. Initial vitals: T 38.8 C, HR 121, BP 70/42, SpO2 100%. History: Liver disease; kidney function Mild impairment; allergy None known; prior antibiotic exposure in 90d 3; previous resistant organism ESBL. Culture status Positive.",1,0.82401,1,True Positive
PX-106420,ENC-20258516,True,2026-09-16 06:09:49,Clinical Patient 8517,22,Female,No,General Medicine,10,Discharged,Appendicitis with abscess,Intra-abdominal Infection,Enterobacter cloacae complex,38.0,108,135,75,98,19,9.3,,Normal,Normal,None known,,0,None in prior 90 days,0,None known,0.312,0.262,26.2,Low,0.259,0.23,0.119,0.055,-0.02,-0.02,0.015,-0.02,-0.02,0.05,"Clinical explanation: AMR risk is low with prior antibiotic exposure=0, prior resistant organism=None known, and ward resistance rate=31.2%. Review feature attributions before making a clinical decision.",Ceftriaxone,Cefepime,89.5,No renal adjustment flag,No renal adjustment flag,Modify,Dose/frequency adjusted after clinical review,Cefepime,Positive,2026-09-19 06:09:49,Enterobacter cloacae complex,None detected,Concordant,Improved,No,Missing/unknown clinical field,"Admitted to General Medicine with Appendicitis with abscess from Intra-abdominal Infection. Initial vitals: T 38.0 C, HR 108, BP 135/75, SpO2 98%. History: None; kidney function Normal; allergy None known; prior antibiotic exposure in 90d 0; previous resistant organism None known. Culture status Positive.",0,0.22476202,0,True Negative
PX-106235,ENC-20258540,True,2026-09-17 15:27:16,Clinical Patient 8541,89,Female,Not applicable,General Medicine,31,Active Inpatient,Urosepsis,Urinary Tract Infection,No organism identified,39.8,99,138,81,97,17,13.2,COPD; Liver disease,Normal,Normal,None known,,1,Azithromycin,28,MRSA,0.285,0.956,95.6,High,0.95,0.494,0.529,0.746,0.02,0.08,0.009,-0.02,0.04,0.05,"Clinical explanation: AMR risk is high with prior antibiotic exposure=1, prior resistant organism=MRSA, and ward resistance rate=28.5%. Review feature attributions before making a clinical decision.",Meropenem + Vancomycin,Ceftazidime-Avibactam,86.3,No renal adjustment flag,No renal adjustment flag,Accept,Clinician accepted the displayed first-line option,Meropenem + Vancomycin,Positive,2026-09-21 15:27:16,E. coli,ESBL,Concordant,Improved,No,Prior resistant organism,"Admitted to General Medicine with Urosepsis from Urinary Tract Infection. Initial vitals: T 39.8 C, HR 99, BP 138/81, SpO2 97%. History: COPD; Liver disease; kidney function Normal; allergy None known; prior antibiotic exposure in 90d 1; previous resistant organism MRSA. Culture status Positive.",1,0.7763249,1,True Positive
PX-101585,ENC-20258546,True,2026-09-18 05:54:46,Clinical Patient 8547,71,Female,Not applicable,General Medicine,23,Active Inpatient,VAP,Ventilator-Associated Pneumonia,P. aeruginosa,38.7,99,104,65,93,20,18.3,,Normal,Normal,Cephalosporin,Anaphylaxis,4,Ceftriaxone + Azithromycin,10,None known,0.345,0.709,70.9,High,0.714,0.272,0.678,0.251,0.14,-0.02,0.024,-0.02,-0.02,0.05,"Clinical explanation: AMR risk is high with prior antibiotic exposure=4, prior resistant organism=None known, and ward resistance rate=34.5%. Review feature attributions before making a clinical decision.",Meropenem + Vancomycin,Ceftazidime-Avibactam,94.1,No renal adjustment flag,Documented Cephalosporin allergy,Accept,Clinician accepted the displayed first-line option,Meropenem + Vancomycin,Positive,2026-09-22 05:54:46,P. aeruginosa,MDR Pseudomonas,Concordant,Improved,No,Allergy/safety edge case,"Admitted to General Medicine with VAP from Ventilator-Associated Pneumonia. Initial vitals: T 38.7 C, HR 99, BP 104/65, SpO2 93%. History: None; kidney function Normal; allergy Cephalosporin; prior antibiotic exposure in 90d 4; previous resistant organism None known. Culture status Positive.",1,0.6470383,1,True Positive
PX-104297,ENC-20258556,True,2026-09-19 00:53:53,Clinical Patient 8557,49,Male,Not applicable,General Medicine,15,Active Inpatient,Complicated UTI,Urinary Tract Infection,Mixed flora,37.6,86,118,74,93,20,10.2,Diabetes,Mild impairment,Normal,None known,,1,Azithromycin,7,None known,0.181,0.143,14.3,Low,0.155,0.111,0.134,0.045,0.02,-0.02,-0.017,-0.02,0.04,-0.02,"Clinical explanation: AMR risk is low with prior antibiotic exposure=1, prior resistant organism=None known, and ward resistance rate=18.1%. Review feature attributions before making a clinical decision.",Ceftriaxone,Cefepime,85.2,Renal adjustment review required,Renal adjustment review required,Accept,Clinician accepted the displayed first-line option,Ceftriaxone,Positive,2026-09-23 00:53:53,S. aureus,None detected,Concordant,Recovered,No,Renal impairment,"Admitted to General Medicine with Complicated UTI from Urinary Tract Infection. Initial vitals: T 37.6 C, HR 86, BP 118/74, SpO2 93%. History: Diabetes; kidney function Mild impairment; allergy None known; prior antibiotic exposure in 90d 1; previous resistant organism None known. Culture status Positive.",0,0.30722016,0,True Negative
PX-101016,ENC-20258559,True,2026-09-19 02:41:43,Clinical Patient 8560,63,Female,Not applicable,ICU,29,Discharged,Pyelonephritis,Urinary Tract Infection,E. coli,38.6,100,84,50,84,21,62.4,,Mild impairment,Normal,None known,,0,None prior,0,None known,0.45,0.6,60.0,Medium,0.657,0.374,0.389,0.197,-0.02,-0.02,0.05,0.06,-0.02,0.05,"Clinical explanation: AMR risk is medium with prior antibiotic exposure=0, prior resistant organism=None known, and ward resistance rate=45.0%. Review feature attributions before making a clinical decision.",Piperacillin-Tazobactam,Cefepime + Vancomycin,76.4,Renal adjustment review required,Renal adjustment review required,Accept,Clinician accepted the displayed first-line option,Piperacillin-Tazobactam,Positive,2026-09-22 02:41:43,E. coli,None detected,Discordant,Improved,No,Renal impairment,"Admitted to ICU with Pyelonephritis from Urinary Tract Infection. Initial vitals: T 38.6 C, HR 100, BP 84/50, SpO2 84%. History: None; kidney function Mild impairment; allergy None known; prior antibiotic exposure in 90d 0; previous resistant organism None known. Culture status Positive.",0,0.51607555,1,False Positive (Type I Error)
PX-100064,ENC-20258572,True,2026-09-19 15:17:49,Clinical Patient 8573,36,Female,No,General Medicine,35,Active Inpatient,Pyelonephritis,Urinary Tract Infection,P. aeruginosa,38.2,122,65,38,95,13,30.2,COPD,Mild impairment,Normal,Cephalosporin,Mild/rash,5,Ertapenem,10,None known,0.205,0.568,56.8,Medium,0.525,0.273,0.351,0.269,0.18,-0.02,-0.011,-0.02,0.04,0.05,"Clinical explanation: AMR risk is medium with prior antibiotic exposure=5, prior resistant organism=None known, and ward resistance rate=20.5%. Review feature attributions before making a clinical decision.",Piperacillin-Tazobactam,Cefepime + Vancomycin,79.5,Renal adjustment review required,Documented Cephalosporin allergy | Renal adjustment review required,Accept,Clinician accepted the displayed first-line option,Piperacillin-Tazobactam,Positive,2026-09-21 15:17:49,P. aeruginosa,MDR Pseudomonas,Concordant,Treatment modified after deterioration,Yes,Renal impairment,"Admitted to General Medicine with Pyelonephritis from Urinary Tract Infection. Initial vitals: T 38.2 C, HR 122, BP 65/38, SpO2 95%. History: COPD; kidney function Mild impairment; allergy Cephalosporin; prior antibiotic exposure in 90d 5; previous resistant organism None known. Culture status Positive.",1,0.49664053,0,False Negative (Type II Error - Critical Missed Resistance)
PX-108154,ENC-20258592,True,2026-09-20 23:03:20,Clinical Patient 8593,25,Female,No,Surgical Ward,9,Active Inpatient,Diverticulitis with perforation,Intra-abdominal Infection,P. aeruginosa,37.5,89,111,61,92,16,21.8,Heart failure,Normal,Normal,Penicillin,Mild/rash,1,Vancomycin,10,None known,0.36,0.279,27.9,Low,0.278,0.228,0.206,0.065,0.02,-0.02,0.027,-0.02,0.04,-0.02,"Clinical explanation: AMR risk is low with prior antibiotic exposure=1, prior resistant organism=None known, and ward resistance rate=36.0%. Review feature attributions before making a clinical decision.",Ceftriaxone,Cefepime,69.2,No renal adjustment flag,Documented Penicillin allergy,Accept,Clinician accepted the displayed first-line option,Ceftriaxone,Positive,2026-09-21 23:03:20,P. aeruginosa,None detected,Concordant,Improved,No,Allergy/safety edge case,"Admitted to Surgical Ward with Diverticulitis with perforation from Intra-abdominal Infection. Initial vitals: T 37.5 C, HR 89, BP 111/61, SpO2 92%. History: Heart failure; kidney function Normal; allergy Penicillin; prior antibiotic exposure in 90d 1; previous resistant organism None known. Culture status Positive.",0,0.41376048,0,True Negative
PX-102790,ENC-20258610,True,2026-09-22 16:01:38,Clinical Patient 8611,66,Male,Not applicable,ICU,24,Discharged,Post-op wound infection,Surgical Site Infection,Enterobacter cloacae complex,38.6,119,98,62,93,23,32.3,COPD,Normal,Normal,None known,,2,Ertapenem,3,None known,0.428,0.669,66.9,High,0.624,0.444,0.386,0.343,0.06,-0.02,0.044,0.06,0.04,0.05,"Clinical explanation: AMR risk is high with prior antibiotic exposure=2, prior resistant organism=None known, and ward resistance rate=42.8%. Review feature attributions before making a clinical decision.",Meropenem + Vancomycin,Ceftazidime-Avibactam,67.2,No renal adjustment flag,No renal adjustment flag,Override,Alternative source-control plan,Clinician-selected regimen,Positive,2026-09-26 16:01:38,Enterobacter cloacae complex,Other MDR,Concordant,Recovered,No,Standard scenario,"Admitted to ICU with Post-op wound infection from Surgical Site Infection. Initial vitals: T 38.6 C, HR 119, BP 98/62, SpO2 93%. History: COPD; kidney function Normal; allergy None known; prior antibiotic exposure in 90d 2; previous resistant organism None known. Culture status Positive.",1,0.5921323,1,True Positive
PX-102693,ENC-20258625,True,2026-09-23 11:22:42,Clinical Patient 8626,61,Male,Not applicable,Emergency Department,29,Active Inpatient,Complicated skin infection,Skin/Soft Tissue Infection,S. pneumoniae,37.8,112,91,57,99,15,35.0,,Mild impairment,Normal,None known,,2,Amoxicillin-Clavulanate,10,None known,0.208,0.23,23.0,Low,0.243,0.1,0.194,0.14,0.06,-0.02,-0.011,-0.02,-0.02,0.05,"Clinical explanation: AMR risk is low with prior antibiotic exposure=2, prior resistant organism=None known, and ward resistance rate=20.8%. Review feature attributions before making a clinical decision.",Ceftriaxone,Cefepime,86.4,Renal adjustment review required,Renal adjustment review required,Override,Alternative source-control plan,Clinician-selected regimen,Positive,2026-09-24 11:22:42,S. pneumoniae,None detected,Concordant,Improved,No,Renal impairment,"Admitted to Emergency Department with Complicated skin infection from Skin/Soft Tissue Infection. Initial vitals: T 37.8 C, HR 112, BP 91/57, SpO2 99%. History: None; kidney function Mild impairment; allergy None known; prior antibiotic exposure in 90d 2; previous resistant organism None known. Culture status Positive.",0,0.5015345,1,False Positive (Type I Error)
PX-105575,ENC-20258635,True,2026-09-24 08:35:38,Clinical Patient 8636,46,Male,Not applicable,General Medicine,24,Active Inpatient,Appendicitis with abscess,Intra-abdominal Infection,Enterococcus faecalis,37.5,76,126,73,95,17,6.4,,Normal,Normal,None known,,0,None prior,0,None known,0.218,0.311,31.1,Medium,0.24,0.265,0.25,0.189,-0.02,-0.02,-0.008,-0.02,-0.02,-0.02,"Clinical explanation: AMR risk is medium with prior antibiotic exposure=0, prior resistant organism=None known, and ward resistance rate=21.8%. Review feature attributions before making a clinical decision.",Piperacillin-Tazobactam,Cefepime + Vancomycin,90.7,No renal adjustment flag,No renal adjustment flag,Accept,Clinician accepted the displayed first-line option,Piperacillin-Tazobactam,Positive,2026-09-25 08:35:38,Enterococcus faecalis,None detected,Concordant,Improved,No,Missing/unknown clinical field,"Admitted to General Medicine with Appendicitis with abscess from Intra-abdominal Infection. Initial vitals: T 37.5 C, HR 76, BP 126/73, SpO2 95%. History: None; kidney function Normal; allergy None known; prior antibiotic exposure in 90d 0; previous resistant organism None known. Culture status Positive.",0,0.17784528,0,True Negative
PX-103304,ENC-20258643,True,2026-09-24 19:46:38,Clinical Patient 8644,55,Female,Not applicable,General Medicine,1,Active Inpatient,Complicated skin infection,Skin/Soft Tissue Infection,K. pneumoniae,38.9,83,137,79,98,17,22.6,Cancer; Immunosuppression; Liver disease,Mild impairment,Normal,None known,,0,None prior,0,None known,0.208,0.324,32.4,Medium,0.308,0.245,0.154,0.216,-0.02,-0.02,-0.011,-0.02,0.04,0.05,"Clinical explanation: AMR risk is medium with prior antibiotic exposure=0, prior resistant organism=None known, and ward resistance rate=20.8%. Review feature attributions before making a clinical decision.",Piperacillin-Tazobactam,Cefepime + Vancomycin,69.8,Renal adjustment review required,Renal adjustment review required,Accept,Clinician accepted the displayed first-line option,Piperacillin-Tazobactam,Positive,2026-09-26 19:46:38,K. pneumoniae,None detected,Concordant,Recovered,No,Renal impairment,"Admitted to General Medicine with Complicated skin infection from Skin/Soft Tissue Infection. Initial vitals: T 38.9 C, HR 83, BP 137/79, SpO2 98%. History: Cancer; Immunosuppression; Liver disease; kidney function Mild impairment; allergy None known; prior antibiotic exposure in 90d 0; previous resistant organism None known. Culture status Positive.",0,0.25582436,0,True Negative
PX-108164,ENC-20258657,True,2026-09-26 00:21:54,Clinical Patient 8658,40,Male,Not applicable,General Medicine,23,Active Inpatient,Catheter-associated UTI,Urinary Tract Infection,K. pneumoniae,37.6,91,150,85,97,11,15.3,Heart failure,Moderate impairment,Normal,Multiple antibiotics,,1,Azithromycin,10,None known,0.257,0.24,24.0,Low,0.218,0.186,0.131,0.105,0.02,-0.02,0.002,-0.02,0.04,-0.02,"Clinical explanation: AMR risk is low with prior antibiotic exposure=1, prior resistant organism=None known, and ward resistance rate=25.7%. Review feature attributions before making a clinical decision.",Ceftriaxone,Cefepime,80.8,Renal adjustment review required,Documented Multiple antibiotics allergy | Renal adjustment review required,Modify,Dose/frequency adjusted after clinical review,Cefepime,Positive,2026-09-28 00:21:54,K. pneumoniae,None detected,Concordant,Improved,No,Renal impairment,"Admitted to General Medicine with Catheter-associated UTI from Urinary Tract Infection. Initial vitals: T 37.6 C, HR 91, BP 150/85, SpO2 97%. History: Heart failure; kidney function Moderate impairment; allergy Multiple antibiotics; prior antibiotic exposure in 90d 1; previous resistant organism None known. Culture status Positive.",0,0.33197123,0,True Negative
PX-102327,ENC-20258671,True,2026-09-26 15:07:39,Clinical Patient 8672,66,Female,Not applicable,Surgical Ward,32,Active Inpatient,Complicated intra-abdominal infection,Intra-abdominal Infection,Enterococcus faecalis,38.2,106,93,52,99,15,33.0,Hypertension; Immunosuppression,Mild impairment,Unknown,None known,,4,Levofloxacin,10,None known,0.344,0.841,84.1,High,0.867,0.578,0.727,0.222,0.14,-0.02,0.023,-0.02,0.04,0.05,"Clinical explanation: AMR risk is high with prior antibiotic exposure=4, prior resistant organism=None known, and ward resistance rate=34.4%. Review feature attributions before making a clinical decision.",Meropenem + Vancomycin,Ceftazidime-Avibactam,89.5,Renal adjustment review required,Renal adjustment review required,Modify,Dose/frequency adjusted after clinical review,Ceftazidime-Avibactam,Positive,2026-09-27 15:07:39,Enterococcus faecalis,Other MDR,Concordant,Improved,No,Renal impairment,"Admitted to Surgical Ward with Complicated intra-abdominal infection from Intra-abdominal Infection. Initial vitals: T 38.2 C, HR 106, BP 93/52, SpO2 99%. History: Hypertension; Immunosuppression; kidney function Mild impairment; allergy None known; prior antibiotic exposure in 90d 4; previous resistant organism None known. Culture status Positive.",1,0.65581065,1,True Positive
PX-102811,ENC-20258682,True,2026-09-27 05:28:37,Clinical Patient 8683,46,Male,Not applicable,Surgical Ward,38,Active Inpatient,Peritonitis,Intra-abdominal Infection,E. coli,38.4,80,130,69,96,21,46.7,Immunosuppression,Normal,Normal,Sulfonamide,IgE-mediated,0,None in prior 90 days,0,ESBL,0.336,0.797,79.7,High,0.659,0.668,0.47,0.383,-0.02,0.08,0.022,-0.02,0.04,-0.02,"Clinical explanation: AMR risk is high with prior antibiotic exposure=0, prior resistant organism=ESBL, and ward resistance rate=33.6%. Review feature attributions before making a clinical decision.",Meropenem + Vancomycin,Ceftazidime-Avibactam,81.8,No renal adjustment flag,Documented Sulfonamide allergy,Modify,Dose/frequency adjusted after clinical review,Ceftazidime-Avibactam,Positive,2026-10-01 05:28:37,E. coli,Other MDR,Concordant,Improved,No,Allergy/safety edge case,"Admitted to Surgical Ward with Peritonitis from Intra-abdominal Infection. Initial vitals: T 38.4 C, HR 80, BP 130/69, SpO2 96%. History: Immunosuppression; kidney function Normal; allergy Sulfonamide; prior antibiotic exposure in 90d 0; previous resistant organism ESBL. Culture status Positive.",1,0.5610317,1,True Positive
PX-105759,ENC-20258692,True,2026-09-28 10:05:20,Clinical Patient 8693,49,Female,No,General Medicine,23,Active Inpatient,VAP,Ventilator-Associated Pneumonia,S. pneumoniae,38.0,126,86,50,92,27,59.6,,Moderate impairment,Normal,Penicillin,Mild/rash,1,Azithromycin,10,None known,0.279,0.578,57.8,Medium,0.617,0.465,0.555,0.214,0.02,-0.02,0.007,-0.02,-0.02,0.05,"Clinical explanation: AMR risk is medium with prior antibiotic exposure=1, prior resistant organism=None known, and ward resistance rate=27.9%. Review feature attributions before making a clinical decision.",Piperacillin-Tazobactam,Cefepime + Vancomycin,80.2,Renal adjustment review required,Documented Penicillin allergy | Renal adjustment review required,Accept,Clinician accepted the displayed first-line option,Piperacillin-Tazobactam,Positive,2026-09-29 10:05:20,S. pneumoniae,None detected,Discordant,Improved,No,Renal impairment,"Admitted to General Medicine with VAP from Ventilator-Associated Pneumonia. Initial vitals: T 38.0 C, HR 126, BP 86/50, SpO2 92%. History: None; kidney function Moderate impairment; allergy Penicillin; prior antibiotic exposure in 90d 1; previous resistant organism None known. Culture status Positive.",0,0.44642386,0,True Negative
PX-106616,ENC-20258699,True,2026-09-28 21:28:56,Clinical Patient 8700,29,Male,Not applicable,ICU,7,Active Inpatient,Appendicitis with abscess,Intra-abdominal Infection,No organism identified,37.3,99,85,43,89,24,235.6,Liver disease,Normal,Severe impairment,Penicillin,Anaphylaxis,2,Cefepime,14,None known,0.439,0.794,79.4,High,0.744,0.619,0.569,0.411,0.06,-0.02,0.047,0.06,0.04,-0.02,"Clinical explanation: AMR risk is high with prior antibiotic exposure=2, prior resistant organism=None known, and ward resistance rate=43.9%. Review feature attributions before making a clinical decision.",Meropenem + Vancomycin,Ceftazidime-Avibactam,80.9,No renal adjustment flag,Documented Penicillin allergy,Accept,Clinician accepted the displayed first-line option,Meropenem + Vancomycin,Positive,2026-09-29 21:28:56,P. aeruginosa,None detected,Discordant,Improved,No,Allergy/safety edge case,"Admitted to ICU with Appendicitis with abscess from Intra-abdominal Infection. Initial vitals: T 37.3 C, HR 99, BP 85/43, SpO2 89%. History: Liver disease; kidney function Normal; allergy Penicillin; prior antibiotic exposure in 90d 2; previous resistant organism None known. Culture status Positive.",0,0.6837227,1,False Positive (Type I Error)
PX-100956,ENC-20258728,True,2026-09-30 23:02:37,Clinical Patient 8729,90,Male,Not applicable,General Medicine,40,Active Inpatient,Severe CAP,Community-Acquired Pneumonia,E. coli,37.5,90,150,89,95,25,28.5,Hypertension,Normal,Mild impairment,Penicillin,Anaphylaxis,0,None in prior 90 days,0,None known,0.234,0.379,37.9,Medium,0.294,0.233,0.245,0.248,-0.02,-0.02,-0.004,-0.02,0.04,-0.02,"Clinical explanation: AMR risk is medium with prior antibiotic exposure=0, prior resistant organism=None known, and ward resistance rate=23.4%. Review feature attributions before making a clinical decision.",Piperacillin-Tazobactam,Cefepime + Vancomycin,81.5,No renal adjustment flag,Documented Penicillin allergy,Accept,Clinician accepted the displayed first-line option,Piperacillin-Tazobactam,Positive,2026-10-02 23:02:37,E. coli,ESBL,Discordant,Escalated care,Yes,Allergy/safety edge case,"Admitted to General Medicine with Severe CAP from Community-Acquired Pneumonia. Initial vitals: T 37.5 C, HR 90, BP 150/89, SpO2 95%. History: Hypertension; kidney function Normal; allergy Penicillin; prior antibiotic exposure in 90d 0; previous resistant organism None known. Culture status Positive.",1,0.2741657,0,False Negative (Type II Error - Critical Missed Resistance)
PX-104496,ENC-20258737,True,2026-10-01 13:33:17,Clinical Patient 8738,72,Female,Not applicable,General Medicine,13,Active Inpatient,Urosepsis,Urinary Tract Infection,No organism identified,39.1,94,120,66,95,20,24.5,Diabetes; Heart failure,Moderate impairment,Normal,None known,,0,None in prior 90 days,0,ESBL,0.227,0.601,60.1,High,0.46,0.329,0.342,0.243,-0.02,0.08,-0.006,-0.02,0.04,0.05,"Clinical explanation: AMR risk is high with prior antibiotic exposure=0, prior resistant organism=ESBL, and ward resistance rate=22.7%. Review feature attributions before making a clinical decision.",Meropenem + Vancomycin,Ceftazidime-Avibactam,90.6,Renal adjustment review required,Renal adjustment review required,Accept,Clinician accepted the displayed first-line option,Meropenem + Vancomycin,Positive,2026-10-03 13:33:17,K. pneumoniae,ESBL,Concordant,No documented outcome,No,Renal impairment,"Admitted to General Medicine with Urosepsis from Urinary Tract Infection. Initial vitals: T 39.1 C, HR 94, BP 120/66, SpO2 95%. History: Diabetes; Heart failure; kidney function Moderate impairment; allergy None known; prior antibiotic exposure in 90d 0; previous resistant organism ESBL. Culture status Positive.",1,0.54511976,1,True Positive
PX-104735,ENC-20258738,True,2026-10-01 14:05:04,Clinical Patient 8739,60,Female,Not applicable,ICU,7,Discharged,Diverticulitis with perforation,Intra-abdominal Infection,Enterobacter cloacae complex,38.4,102,99,56,92,27,25.3,Heart failure; Liver disease,Normal,Normal,None known,,0,None in prior 90 days,0,None known,0.408,0.269,26.9,Low,0.252,0.167,0.187,0.16,-0.02,-0.02,0.039,0.06,0.04,-0.02,"Clinical explanation: AMR risk is low with prior antibiotic exposure=0, prior resistant organism=None known, and ward resistance rate=40.8%. Review feature attributions before making a clinical decision.",Ceftriaxone,Cefepime,93.7,No renal adjustment flag,No renal adjustment flag,Override,Alternative source-control plan,Clinician-selected regimen,Positive,2026-10-02 14:05:04,Enterobacter cloacae complex,None detected,Concordant,Improved,No,Standard scenario,"Admitted to ICU with Diverticulitis with perforation from Intra-abdominal Infection. Initial vitals: T 38.4 C, HR 102, BP 99/56, SpO2 92%. History: Heart failure; Liver disease; kidney function Normal; allergy None known; prior antibiotic exposure in 90d 0; previous resistant organism None known. Culture status Positive.",0,0.4879802,0,True Negative
PX-108050,ENC-20258740,True,2026-10-01 17:28:55,Clinical Patient 8741,38,Male,Not applicable,Emergency Department,11,Active Inpatient,Complicated UTI,Urinary Tract Infection,Enterococcus faecalis,38.6,89,154,89,99,19,14.8,,Normal,Normal,None known,,0,None in prior 90 days,0,None known,0.204,0.165,16.5,Low,0.154,0.061,0.162,0.054,-0.02,-0.02,-0.012,-0.02,-0.02,0.05,"Clinical explanation: AMR risk is low with prior antibiotic exposure=0, prior resistant organism=None known, and ward resistance rate=20.4%. Review feature attributions before making a clinical decision.",Ceftriaxone,Cefepime,66.7,No renal adjustment flag,No renal adjustment flag,Modify,Dose/frequency adjusted after clinical review,Cefepime,Positive,2026-10-05 17:28:55,Enterococcus faecalis,None detected,Concordant,Improved,No,Missing/unknown clinical field,"Admitted to Emergency Department with Complicated UTI from Urinary Tract Infection. Initial vitals: T 38.6 C, HR 89, BP 154/89, SpO2 99%. History: None; kidney function Normal; allergy None known; prior antibiotic exposure in 90d 0; previous resistant organism None known. Culture status Positive.",0,0.22801195,0,True Negative
PX-106893,ENC-20258743,True,2026-10-01 19:06:33,Clinical Patient 8744,67,Male,Not applicable,Emergency Department,26,Active Inpatient,Severe HAP,Hospital-Acquired Pneumonia,No organism identified,39.2,122,98,68,97,22,80.5,,Normal,Normal,None known,,0,None prior,0,None known,0.187,0.418,41.8,Medium,0.391,0.326,0.304,0.122,-0.02,-0.02,-0.016,-0.02,-0.02,0.05,"Clinical explanation: AMR risk is medium with prior antibiotic exposure=0, prior resistant organism=None known, and ward resistance rate=18.7%. Review feature attributions before making a clinical decision.",Piperacillin-Tazobactam,Cefepime + Vancomycin,69.3,No renal adjustment flag,No renal adjustment flag,Accept,Clinician accepted the displayed first-line option,Piperacillin-Tazobactam,Positive,2026-10-02 19:06:33,S. aureus,MRSA,Discordant,Recovered,No,Missing/unknown clinical field,"Admitted to Emergency Department with Severe HAP from Hospital-Acquired Pneumonia. Initial vitals: T 39.2 C, HR 122, BP 98/68, SpO2 97%. History: None; kidney function Normal; allergy None known; prior antibiotic exposure in 90d 0; previous resistant organism None known. Culture status Positive.",1,0.3051404,0,False Negative (Type II Error - Critical Missed Resistance)
PX-103354,ENC-20258747,True,2026-10-02 01:05:57,Clinical Patient 8748,69,Male,Not applicable,Surgical Ward,12,Active Inpatient,Peritonitis,Intra-abdominal Infection,No organism identified,37.0,73,115,68,95,17,14.2,Heart failure,Normal,Normal,None known,,0,None prior,0,MRSA,0.353,0.568,56.8,Medium,0.437,0.213,0.468,0.389,-0.02,0.08,0.026,-0.02,0.04,-0.02,"Clinical explanation: AMR risk is medium with prior antibiotic exposure=0, prior resistant organism=MRSA, and ward resistance rate=35.3%. Review feature attributions before making a clinical decision.",Piperacillin-Tazobactam,Cefepime + Vancomycin,72.0,No renal adjustment flag,No renal adjustment flag,Override,Alternative source-control plan,Clinician-selected regimen,Positive,2026-10-03 01:05:57,P. aeruginosa,MDR Pseudomonas,Concordant,Improved,No,Prior resistant organism,"Admitted to Surgical Ward with Peritonitis from Intra-abdominal Infection. Initial vitals: T 37.0 C, HR 73, BP 115/68, SpO2 95%. History: Heart failure; kidney function Normal; allergy None known; prior antibiotic exposure in 90d 0; previous resistant organism MRSA. Culture status Positive.",1,0.60984486,1,True Positive
PX-100606,ENC-20258765,True,2026-10-03 11:52:34,Clinical Patient 8766,45,Female,No,Surgical Ward,24,Active Inpatient,Pyelonephritis,Urinary Tract Infection,E. coli,36.8,91,113,63,99,19,15.2,,Moderate impairment,Mild impairment,None known,,0,None prior,0,None known,0.39,0.255,25.5,Low,0.235,0.144,0.11,0.094,-0.02,-0.02,0.035,-0.02,-0.02,-0.02,"Clinical explanation: AMR risk is low with prior antibiotic exposure=0, prior resistant organism=None known, and ward resistance rate=39.0%. Review feature attributions before making a clinical decision.",Ceftriaxone,Cefepime,91.7,Renal adjustment review required,Renal adjustment review required,Accept,Clinician accepted the displayed first-line option,Ceftriaxone,Positive,2026-10-04 11:52:34,E. coli,None detected,Concordant,Improved,No,Renal impairment,"Admitted to Surgical Ward with Pyelonephritis from Urinary Tract Infection. Initial vitals: T 36.8 C, HR 91, BP 113/63, SpO2 99%. History: None; kidney function Moderate impairment; allergy None known; prior antibiotic exposure in 90d 0; previous resistant organism None known. Culture status Positive.",0,0.29624337,0,True Negative
PX-100980,ENC-20258770,True,2026-10-03 22:21:17,Clinical Patient 8771,45,Female,No,Surgical Ward,40,Active Inpatient,Aspiration pneumonia,Community-Acquired Pneumonia,K. pneumoniae,37.0,76,141,87,86,17,31.5,,Normal,Normal,None known,,1,Ceftriaxone,28,ESBL,0.352,0.697,69.7,High,0.745,0.359,0.461,0.537,0.02,0.08,0.025,-0.02,-0.02,-0.02,"Clinical explanation: AMR risk is high with prior antibiotic exposure=1, prior resistant organism=ESBL, and ward resistance rate=35.2%. Review feature attributions before making a clinical decision.",Meropenem + Vancomycin,Ceftazidime-Avibactam,84.8,No renal adjustment flag,No renal adjustment flag,Accept,Clinician accepted the displayed first-line option,Meropenem + Vancomycin,Positive,2026-10-07 22:21:17,K. pneumoniae,ESBL,Concordant,Escalated care,Yes,Prior resistant organism,"Admitted to Surgical Ward with Aspiration pneumonia from Community-Acquired Pneumonia. Initial vitals: T 37.0 C, HR 76, BP 141/87, SpO2 86%. History: None; kidney function Normal; allergy None known; prior antibiotic exposure in 90d 1; previous resistant organism ESBL. Culture status Positive.",1,0.6824216,1,True Positive
PX-108096,ENC-20258793,True,2026-10-05 12:05:51,Clinical Patient 8794,45,Male,Not applicable,Emergency Department,12,Active Inpatient,Post-op wound infection,Surgical Site Infection,Mixed flora,37.6,82,139,84,94,17,19.5,Immunosuppression,Normal,Normal,None known,,0,None in prior 90 days,0,None known,0.121,0.088,8.8,Low,0.07,0.035,0.065,0.056,-0.02,-0.02,-0.032,-0.02,0.04,-0.02,"Clinical explanation: AMR risk is low with prior antibiotic exposure=0, prior resistant organism=None known, and ward resistance rate=12.1%. Review feature attributions before making a clinical decision.",Ceftriaxone,Cefepime,82.1,No renal adjustment flag,No renal adjustment flag,Accept,Clinician accepted the displayed first-line option,Ceftriaxone,Positive,2026-10-09 12:05:51,Enterococcus faecalis,None detected,Concordant,Improved,No,Standard scenario,"Admitted to Emergency Department with Post-op wound infection from Surgical Site Infection. Initial vitals: T 37.6 C, HR 82, BP 139/84, SpO2 94%. History: Immunosuppression; kidney function Normal; allergy None known; prior antibiotic exposure in 90d 0; previous resistant organism None known. Culture status Positive.",0,0.20715076,0,True Negative
PX-107343,ENC-20258795,True,2026-10-05 15:40:43,Clinical Patient 8796,38,Female,No,General Medicine,37,Active Inpatient,Complicated UTI,Urinary Tract Infection,S. aureus,38.9,104,132,77,97,16,4.9,,Severe impairment,Moderate impairment,None known,,0,None prior,0,None known,0.26,0.456,45.6,Medium,0.423,0.169,0.248,0.276,-0.02,-0.02,0.003,-0.02,-0.02,0.05,"Clinical explanation: AMR risk is medium with prior antibiotic exposure=0, prior resistant organism=None known, and ward resistance rate=26.0%. Review feature attributions before making a clinical decision.",Piperacillin-Tazobactam,Cefepime + Vancomycin,65.0,Renal adjustment review required,Renal adjustment review required,Accept,Clinician accepted the displayed first-line option,Piperacillin-Tazobactam,Positive,2026-10-09 15:40:43,S. aureus,None detected,Concordant,Improved,No,Renal impairment,"Admitted to General Medicine with Complicated UTI from Urinary Tract Infection. Initial vitals: T 38.9 C, HR 104, BP 132/77, SpO2 97%. History: None; kidney function Severe impairment; allergy None known; prior antibiotic exposure in 90d 0; previous resistant organism None known. Culture status Positive.",0,0.19997807,0,True Negative
PX-105801,ENC-20258798,True,2026-10-05 20:35:24,Clinical Patient 8799,88,Male,Not applicable,General Medicine,7,Discharged,Peritonitis,Intra-abdominal Infection,E. coli,37.2,93,114,74,97,20,15.5,Diabetes,Normal,Normal,None known,,0,None prior,0,ESBL,0.213,0.783,78.3,High,0.613,0.6,0.765,0.157,-0.02,0.08,-0.009,-0.02,0.04,-0.02,"Clinical explanation: AMR risk is high with prior antibiotic exposure=0, prior resistant organism=ESBL, and ward resistance rate=21.3%. Review feature attributions before making a clinical decision.",Meropenem + Vancomycin,Ceftazidime-Avibactam,81.2,No renal adjustment flag,No renal adjustment flag,Accept,Clinician accepted the displayed first-line option,Meropenem + Vancomycin,Positive,2026-10-08 20:35:24,E. coli,CRE,Concordant,Improved,No,Prior resistant organism,"Admitted to General Medicine with Peritonitis from Intra-abdominal Infection. Initial vitals: T 37.2 C, HR 93, BP 114/74, SpO2 97%. History: Diabetes; kidney function Normal; allergy None known; prior antibiotic exposure in 90d 0; previous resistant organism ESBL. Culture status Positive.",1,0.593027,1,True Positive
PX-102806,ENC-20258799,True,2026-10-05 20:53:28,Clinical Patient 8800,64,Female,Not applicable,Surgical Ward,2,Active Inpatient,Aspiration pneumonia,Community-Acquired Pneumonia,P. aeruginosa,38.9,109,135,81,86,24,10.6,Immunosuppression; Liver disease,Moderate impairment,Normal,Vancomycin,Mild/rash,0,None in prior 90 days,0,ESBL,0.394,0.712,71.2,High,0.614,0.31,0.538,0.547,-0.02,0.08,0.036,-0.02,0.04,0.05,"Clinical explanation: AMR risk is high with prior antibiotic exposure=0, prior resistant organism=ESBL, and ward resistance rate=39.4%. Review feature attributions before making a clinical decision.",Meropenem + Vancomycin,Ceftazidime-Avibactam,79.9,Renal adjustment review required,Documented Vancomycin allergy | Renal adjustment review required,Accept,Clinician accepted the displayed first-line option,Meropenem + Vancomycin,Positive,2026-10-09 20:53:28,P. aeruginosa,MDR Pseudomonas,Concordant,Recovered,No,Renal impairment,"Admitted to Surgical Ward with Aspiration pneumonia from Community-Acquired Pneumonia. Initial vitals: T 38.9 C, HR 109, BP 135/81, SpO2 86%. History: Immunosuppression; Liver disease; kidney function Moderate impairment; allergy Vancomycin; prior antibiotic exposure in 90d 0; previous resistant organism ESBL. Culture status Positive.",1,0.7347152,1,True Positive
PX-100853,ENC-20258815,True,2026-10-07 06:49:46,Clinical Patient 8816,41,Male,Not applicable,Emergency Department,26,Active Inpatient,Severe HAP,Hospital-Acquired Pneumonia,P. aeruginosa,36.3,136,93,65,89,32,36.7,Diabetes; Hypertension,Normal,Normal,None known,,0,None prior,0,None known,0.16,0.208,20.8,Low,0.22,0.107,0.11,0.117,-0.02,-0.02,-0.022,-0.02,0.04,0.05,"Clinical explanation: AMR risk is low with prior antibiotic exposure=0, prior resistant organism=None known, and ward resistance rate=16.0%. Review feature attributions before making a clinical decision.",Ceftriaxone,Cefepime,77.7,No renal adjustment flag,No renal adjustment flag,Override,Alternative source-control plan,Clinician-selected regimen,Positive,2026-10-10 06:49:46,P. aeruginosa,None detected,Concordant,Recovered,No,Standard scenario,"Admitted to Emergency Department with Severe HAP from Hospital-Acquired Pneumonia. Initial vitals: T 36.3 C, HR 136, BP 93/65, SpO2 89%. History: Diabetes; Hypertension; kidney function Normal; allergy None known; prior antibiotic exposure in 90d 0; previous resistant organism None known. Culture status Positive.",0,0.29098272,0,True Negative
PX-104465,ENC-20258840,True,2026-10-09 06:40:09,Clinical Patient 8841,76,Male,Not applicable,General Medicine,37,Active Inpatient,Complicated UTI,Urinary Tract Infection,No organism identified,37.5,98,124,79,96,15,31.0,CKD,Normal,Unknown,None known,,1,Ceftriaxone,10,None known,0.314,0.623,62.3,High,0.648,0.309,0.528,0.461,0.02,-0.02,0.016,-0.02,0.04,-0.02,"Clinical explanation: AMR risk is high with prior antibiotic exposure=1, prior resistant organism=None known, and ward resistance rate=31.4%. Review feature attributions before making a clinical decision.",Meropenem + Vancomycin,Ceftazidime-Avibactam,81.3,No renal adjustment flag,No renal adjustment flag,Modify,Dose/frequency adjusted after clinical review,Ceftazidime-Avibactam,Positive,2026-10-13 06:40:09,S. aureus,None detected,Discordant,Recovered,No,Standard scenario,"Admitted to General Medicine with Complicated UTI from Urinary Tract Infection. Initial vitals: T 37.5 C, HR 98, BP 124/79, SpO2 96%. History: CKD; kidney function Normal; allergy None known; prior antibiotic exposure in 90d 1; previous resistant organism None known. Culture status Positive.",0,0.44476277,0,True Negative
PX-104452,ENC-20258878,True,2026-10-12 01:07:08,Clinical Patient 8879,49,Female,No,ICU,28,Active Inpatient,HAP,Hospital-Acquired Pneumonia,Enterobacter cloacae complex,37.9,99,88,55,90,23,23.5,,AKI,Normal,Penicillin,IgE-mediated,1,Cefepime,3,None known,0.437,0.743,74.3,High,0.768,0.571,0.314,0.483,0.02,-0.02,0.047,0.06,-0.02,-0.02,"Clinical explanation: AMR risk is high with prior antibiotic exposure=1, prior resistant organism=None known, and ward resistance rate=43.7%. Review feature attributions before making a clinical decision.",Meropenem + Vancomycin,Ceftazidime-Avibactam,69.7,Renal adjustment review required,Documented Penicillin allergy | Renal adjustment review required,Accept,Clinician accepted the displayed first-line option,Meropenem + Vancomycin,Positive,2026-10-13 01:07:08,Enterobacter cloacae complex,CRE,Concordant,Recovered,No,Allergy/safety edge case,"Admitted to ICU with HAP from Hospital-Acquired Pneumonia. Initial vitals: T 37.9 C, HR 99, BP 88/55, SpO2 90%. History: None; kidney function AKI; allergy Penicillin; prior antibiotic exposure in 90d 1; previous resistant organism None known. Culture status Positive.",1,0.643539,1,True Positive
PX-106665,ENC-20258880,True,2026-10-12 03:31:28,Clinical Patient 8881,40,Female,No,General Medicine,33,Active Inpatient,CAP,Community-Acquired Pneumonia,Enterobacter cloacae complex,38.2,98,119,77,87,24,11.1,Heart failure,Mild impairment,Normal,None known,,0,None in prior 90 days,0,ESBL,0.239,0.429,42.9,Medium,0.386,0.207,0.37,0.219,-0.02,0.08,-0.003,-0.02,0.04,-0.02,"Clinical explanation: AMR risk is medium with prior antibiotic exposure=0, prior resistant organism=ESBL, and ward resistance rate=23.9%. Review feature attributions before making a clinical decision.",Piperacillin-Tazobactam,Cefepime + Vancomycin,95.9,Renal adjustment review required,Renal adjustment review required,Modify,Dose/frequency adjusted after clinical review,Cefepime + Vancomycin,Positive,2026-10-15 03:31:28,Enterobacter cloacae complex,None detected,Concordant,Recovered,No,Renal impairment,"Admitted to General Medicine with CAP from Community-Acquired Pneumonia. Initial vitals: T 38.2 C, HR 98, BP 119/77, SpO2 87%. History: Heart failure; kidney function Mild impairment; allergy None known; prior antibiotic exposure in 90d 0; previous resistant organism ESBL. Culture status Positive.",0,0.54867125,1,False Positive (Type I Error)
PX-106905,ENC-20258883,True,2026-10-12 11:38:45,Clinical Patient 8884,51,Male,Not applicable,General Medicine,8,Transferred,Severe CAP,Community-Acquired Pneumonia,K. pneumoniae,39.1,104,98,47,88,24,45.6,CKD; Immunosuppression,Mild impairment,Mild impairment,Cephalosporin,Mild/rash,0,None in prior 90 days,0,None known,0.308,0.335,33.5,Medium,0.296,0.261,0.188,0.248,-0.02,-0.02,0.014,-0.02,0.04,0.05,"Clinical explanation: AMR risk is medium with prior antibiotic exposure=0, prior resistant organism=None known, and ward resistance rate=30.8%. Review feature attributions before making a clinical decision.",Piperacillin-Tazobactam,Cefepime + Vancomycin,88.3,Renal adjustment review required,Documented Cephalosporin allergy | Renal adjustment review required,Accept,Clinician accepted the displayed first-line option,Piperacillin-Tazobactam,Positive,2026-10-13 11:38:45,K. pneumoniae,None detected,Concordant,Recovered,No,Renal impairment,"Admitted to General Medicine with Severe CAP from Community-Acquired Pneumonia. Initial vitals: T 39.1 C, HR 104, BP 98/47, SpO2 88%. History: CKD; Immunosuppression; kidney function Mild impairment; allergy Cephalosporin; prior antibiotic exposure in 90d 0; previous resistant organism None known. Culture status Positive.",0,0.3389123,0,True Negative
PX-105052,ENC-20258894,True,2026-10-13 14:34:31,Clinical Patient 8895,62,Female,Not applicable,General Medicine,16,Active Inpatient,Severe HAP,Hospital-Acquired Pneumonia,No organism identified,38.8,110,88,68,96,26,9.4,Cancer; Heart failure; Immunosuppression,Mild impairment,Normal,Penicillin,Mild/rash,1,Ciprofloxacin,3,None known,0.259,0.555,55.5,Medium,0.577,0.491,0.238,0.334,0.02,-0.02,0.002,-0.02,0.04,0.05,"Clinical explanation: AMR risk is medium with prior antibiotic exposure=1, prior resistant organism=None known, and ward resistance rate=25.9%. Review feature attributions before making a clinical decision.",Piperacillin-Tazobactam,Cefepime + Vancomycin,69.9,Renal adjustment review required,Documented Penicillin allergy | Renal adjustment review required,Pending,Decision not yet recorded,Clinician-selected regimen,Positive,2026-10-16 14:34:31,P. aeruginosa,None detected,Discordant,Improved,No,Renal impairment,"Admitted to General Medicine with Severe HAP from Hospital-Acquired Pneumonia. Initial vitals: T 38.8 C, HR 110, BP 88/68, SpO2 96%. History: Cancer; Heart failure; Immunosuppression; kidney function Mild impairment; allergy Penicillin; prior antibiotic exposure in 90d 1; previous resistant organism None known. Culture status Positive.",0,0.4911856,0,True Negative
PX-105104,ENC-20258929,True,2026-10-15 22:30:47,Clinical Patient 8930,43,Female,No,General Medicine,40,Active Inpatient,Urosepsis,Urinary Tract Infection,No organism identified,37.7,64,134,80,96,18,28.3,Hypertension; Immunosuppression,Normal,Normal,None known,,0,None prior,0,None known,0.273,0.41,41.0,Medium,0.445,0.236,0.358,0.144,-0.02,-0.02,0.006,-0.02,0.04,-0.02,"Clinical explanation: AMR risk is medium with prior antibiotic exposure=0, prior resistant organism=None known, and ward resistance rate=27.3%. Review feature attributions before making a clinical decision.",Piperacillin-Tazobactam,Cefepime + Vancomycin,68.9,No renal adjustment flag,No renal adjustment flag,Override,Alternative source-control plan,Clinician-selected regimen,Positive,2026-10-18 22:30:47,P. aeruginosa,MDR Pseudomonas,Discordant,Recovered,No,Standard scenario,"Admitted to General Medicine with Urosepsis from Urinary Tract Infection. Initial vitals: T 37.7 C, HR 64, BP 134/80, SpO2 96%. History: Hypertension; Immunosuppression; kidney function Normal; allergy None known; prior antibiotic exposure in 90d 0; previous resistant organism None known. Culture status Positive.",1,0.16718175,0,False Negative (Type II Error - Critical Missed Resistance)
PX-107357,ENC-20258932,True,2026-10-16 01:32:01,Clinical Patient 8933,70,Male,Not applicable,General Medicine,2,Discharged,Early-onset VAP,Ventilator-Associated Pneumonia,Mixed flora,38.1,107,106,42,93,24,43.6,Heart failure,Moderate impairment,Mild impairment,None known,,0,None prior,0,ESBL,0.227,0.548,54.8,Medium,0.451,0.371,0.532,0.429,-0.02,0.08,-0.006,-0.02,0.04,0.05,"Clinical explanation: AMR risk is medium with prior antibiotic exposure=0, prior resistant organism=ESBL, and ward resistance rate=22.7%. Review feature attributions before making a clinical decision.",Piperacillin-Tazobactam,Cefepime + Vancomycin,90.4,Renal adjustment review required,Renal adjustment review required,Accept,Clinician accepted the displayed first-line option,Piperacillin-Tazobactam,Positive,2026-10-18 01:32:01,S. aureus,None detected,Discordant,Improved,No,Renal impairment,"Admitted to General Medicine with Early-onset VAP from Ventilator-Associated Pneumonia. Initial vitals: T 38.1 C, HR 107, BP 106/42, SpO2 93%. History: Heart failure; kidney function Moderate impairment; allergy None known; prior antibiotic exposure in 90d 0; previous resistant organism ESBL. Culture status Positive.",0,0.6325766,1,False Positive (Type I Error)
PX-102914,ENC-20258936,True,2026-10-16 04:09:53,Clinical Patient 8937,70,Male,Not applicable,Emergency Department,14,Active Inpatient,CAP,Community-Acquired Pneumonia,K. pneumoniae,38.0,79,134,88,95,26,12.5,Liver disease,Normal,Normal,None known,,1,Ceftriaxone,14,None known,0.135,0.355,35.5,Medium,0.331,0.305,0.256,0.227,0.02,-0.02,-0.029,-0.02,0.04,-0.02,"Clinical explanation: AMR risk is medium with prior antibiotic exposure=1, prior resistant organism=None known, and ward resistance rate=13.5%. Review feature attributions before making a clinical decision.",Piperacillin-Tazobactam,Cefepime + Vancomycin,78.1,No renal adjustment flag,No renal adjustment flag,Modify,Dose/frequency adjusted after clinical review,Cefepime + Vancomycin,Positive,2026-10-18 04:09:53,K. pneumoniae,ESBL,Discordant,Escalated care,Yes,Standard scenario,"Admitted to Emergency Department with CAP from Community-Acquired Pneumonia. Initial vitals: T 38.0 C, HR 79, BP 134/88, SpO2 95%. History: Liver disease; kidney function Normal; allergy None known; prior antibiotic exposure in 90d 1; previous resistant organism None known. Culture status Positive.",1,0.4394261,0,False Negative (Type II Error - Critical Missed Resistance)
PX-101365,ENC-20258940,True,2026-10-16 10:13:54,Clinical Patient 8941,35,Female,No,ICU,15,Active Inpatient,VAP,Ventilator-Associated Pneumonia,K. pneumoniae,38.4,108,95,49,97,26,120.3,,Normal,Normal,Penicillin,Mild/rash,3,Azithromycin,7,None known,0.399,0.85,85.0,High,0.75,0.428,0.416,0.471,0.1,-0.02,0.037,0.06,-0.02,0.05,"Clinical explanation: AMR risk is high with prior antibiotic exposure=3, prior resistant organism=None known, and ward resistance rate=39.9%. Review feature attributions before making a clinical decision.",Meropenem + Vancomycin,Ceftazidime-Avibactam,77.7,No renal adjustment flag,Documented Penicillin allergy,Modify,Dose/frequency adjusted after clinical review,Ceftazidime-Avibactam,Positive,2026-10-17 10:13:54,K. pneumoniae,ESBL,Concordant,Recovered,No,Allergy/safety edge case,"Admitted to ICU with VAP from Ventilator-Associated Pneumonia. Initial vitals: T 38.4 C, HR 108, BP 95/49, SpO2 97%. History: None; kidney function Normal; allergy Penicillin; prior antibiotic exposure in 90d 3; previous resistant organism None known. Culture status Positive.",1,0.67199016,1,True Positive
PX-104360,ENC-20258948,True,2026-10-16 22:52:40,Clinical Patient 8949,72,Female,Not applicable,ICU,35,Active Inpatient,Complicated UTI,Urinary Tract Infection,K. pneumoniae,36.4,90,88,56,94,21,91.3,Cancer,Mild impairment,Normal,Penicillin,IgE-mediated,0,None in prior 90 days,0,None known,0.491,0.663,66.3,High,0.498,0.199,0.3,0.271,-0.02,-0.02,0.06,0.06,0.04,-0.02,"Clinical explanation: AMR risk is high with prior antibiotic exposure=0, prior resistant organism=None known, and ward resistance rate=49.1%. Review feature attributions before making a clinical decision.",Meropenem + Vancomycin,Ceftazidime-Avibactam,66.5,Renal adjustment review required,Documented Penicillin allergy | Renal adjustment review required,Accept,Clinician accepted the displayed first-line option,Meropenem + Vancomycin,Positive,2026-10-17 22:52:40,K. pneumoniae,None detected,Discordant,No documented outcome,No,Renal impairment,"Admitted to ICU with Complicated UTI from Urinary Tract Infection. Initial vitals: T 36.4 C, HR 90, BP 88/56, SpO2 94%. History: Cancer; kidney function Mild impairment; allergy Penicillin; prior antibiotic exposure in 90d 0; previous resistant organism None known. Culture status Positive.",0,0.5550601,1,False Positive (Type I Error)
PX-105486,ENC-20258953,True,2026-10-17 06:34:57,Clinical Patient 8954,67,Male,Not applicable,ICU,12,Discharged,HAP,Hospital-Acquired Pneumonia,Enterococcus faecalis,38.1,140,80,40,96,19,62.8,Hypertension,Normal,Mild impairment,Vancomycin,IgE-mediated,1,Meropenem,7,MRSA,0.469,0.92,92.0,High,0.742,0.279,0.748,0.669,0.02,0.08,0.055,0.06,0.04,0.05,"Clinical explanation: AMR risk is high with prior antibiotic exposure=1, prior resistant organism=MRSA, and ward resistance rate=46.9%. Review feature attributions before making a clinical decision.",Meropenem + Vancomycin,Ceftazidime-Avibactam,86.9,No renal adjustment flag,Documented Vancomycin allergy,Modify,Dose/frequency adjusted after clinical review,Ceftazidime-Avibactam,Positive,2026-10-21 06:34:57,Enterococcus faecalis,MRSA,Concordant,Recovered,No,Allergy/safety edge case,"Admitted to ICU with HAP from Hospital-Acquired Pneumonia. Initial vitals: T 38.1 C, HR 140, BP 80/40, SpO2 96%. History: Hypertension; kidney function Normal; allergy Vancomycin; prior antibiotic exposure in 90d 1; previous resistant organism MRSA. Culture status Positive.",1,0.8191941,1,True Positive
PX-106731,ENC-20258976,True,2026-10-19 02:17:14,Clinical Patient 8977,43,Male,Not applicable,Surgical Ward,12,Discharged,Diverticulitis with perforation,Intra-abdominal Infection,S. aureus,36.9,81,136,93,100,16,56.7,Diabetes; Liver disease,Normal,Moderate impairment,None known,,0,None prior,0,None known,0.255,0.367,36.7,Medium,0.397,0.111,0.302,0.096,-0.02,-0.02,0.001,-0.02,0.04,-0.02,"Clinical explanation: AMR risk is medium with prior antibiotic exposure=0, prior resistant organism=None known, and ward resistance rate=25.5%. Review feature attributions before making a clinical decision.",Piperacillin-Tazobactam,Cefepime + Vancomycin,87.1,No renal adjustment flag,No renal adjustment flag,Modify,Dose/frequency adjusted after clinical review,Cefepime + Vancomycin,Positive,2026-10-23 02:17:14,S. aureus,MRSA,Discordant,Recovered,No,Standard scenario,"Admitted to Surgical Ward with Diverticulitis with perforation from Intra-abdominal Infection. Initial vitals: T 36.9 C, HR 81, BP 136/93, SpO2 100%. History: Diabetes; Liver disease; kidney function Normal; allergy None known; prior antibiotic exposure in 90d 0; previous resistant organism None known. Culture status Positive.",1,0.27075073,0,False Negative (Type II Error - Critical Missed Resistance)
PX-106172,ENC-20258988,True,2026-10-20 03:06:33,Clinical Patient 8989,84,Male,Not applicable,Surgical Ward,30,Active Inpatient,Post-op wound infection,Surgical Site Infection,P. aeruginosa,36.7,101,145,90,94,15,30.1,,Normal,Normal,None known,,1,Levofloxacin,28,None known,0.293,0.618,61.8,High,0.444,0.366,0.369,0.326,0.02,-0.02,0.011,-0.02,-0.02,-0.02,"Clinical explanation: AMR risk is high with prior antibiotic exposure=1, prior resistant organism=None known, and ward resistance rate=29.3%. Review feature attributions before making a clinical decision.",Meropenem + Vancomycin,Ceftazidime-Avibactam,79.1,No renal adjustment flag,No renal adjustment flag,Accept,Clinician accepted the displayed first-line option,Meropenem + Vancomycin,Positive,2026-10-22 03:06:33,P. aeruginosa,MDR Pseudomonas,Concordant,Improved,No,Missing/unknown clinical field,"Admitted to Surgical Ward with Post-op wound infection from Surgical Site Infection. Initial vitals: T 36.7 C, HR 101, BP 145/90, SpO2 94%. History: None; kidney function Normal; allergy None known; prior antibiotic exposure in 90d 1; previous resistant organism None known. Culture status Positive.",1,0.54672474,1,True Positive
PX-101365,ENC-20258990,True,2026-10-20 07:47:30,Clinical Patient 8991,47,Male,Not applicable,Surgical Ward,2,Transferred,Severe CAP,Community-Acquired Pneumonia,No organism identified,39.1,103,139,85,91,18,22.1,Heart failure,Mild impairment,Normal,None known,,0,None in prior 90 days,0,None known,0.266,0.289,28.9,Low,0.218,0.146,0.16,0.119,-0.02,-0.02,0.004,-0.02,0.04,0.05,"Clinical explanation: AMR risk is low with prior antibiotic exposure=0, prior resistant organism=None known, and ward resistance rate=26.6%. Review feature attributions before making a clinical decision.",Ceftriaxone,Cefepime,76.3,Renal adjustment review required,Renal adjustment review required,Accept,Clinician accepted the displayed first-line option,Ceftriaxone,Positive,2026-10-21 07:47:30,P. aeruginosa,None detected,Concordant,Improved,No,Renal impairment,"Admitted to Surgical Ward with Severe CAP from Community-Acquired Pneumonia. Initial vitals: T 39.1 C, HR 103, BP 139/85, SpO2 91%. History: Heart failure; kidney function Mild impairment; allergy None known; prior antibiotic exposure in 90d 0; previous resistant organism None known. Culture status Positive.",0,0.23474172,0,True Negative
PX-102000,ENC-20259085,True,2026-10-26 11:31:06,Clinical Patient 9086,43,Female,No,General Medicine,24,Active Inpatient,HAP,Hospital-Acquired Pneumonia,P. aeruginosa,39.4,136,94,51,89,28,81.0,CKD,Normal,Normal,None known,,2,Azithromycin,3,MDR Pseudomonas,0.293,0.845,84.5,High,0.653,0.665,0.653,0.284,0.06,0.08,0.011,-0.02,0.04,0.05,"Clinical explanation: AMR risk is high with prior antibiotic exposure=2, prior resistant organism=MDR Pseudomonas, and ward resistance rate=29.3%. Review feature attributions before making a clinical decision.",Meropenem + Vancomycin,Ceftazidime-Avibactam,75.0,No renal adjustment flag,No renal adjustment flag,Accept,Clinician accepted the displayed first-line option,Meropenem + Vancomycin,Positive,2026-10-27 11:31:06,P. aeruginosa,MDR Pseudomonas,Concordant,Improved,No,Prior resistant organism,"Admitted to General Medicine with HAP from Hospital-Acquired Pneumonia. Initial vitals: T 39.4 C, HR 136, BP 94/51, SpO2 89%. History: CKD; kidney function Normal; allergy None known; prior antibiotic exposure in 90d 2; previous resistant organism MDR Pseudomonas. Culture status Positive.",1,0.6971673,1,True Positive
PX-101077,ENC-20259108,True,2026-10-27 20:16:16,Clinical Patient 9109,61,Female,Not applicable,Surgical Ward,34,Active Inpatient,Complicated intra-abdominal infection,Intra-abdominal Infection,P. aeruginosa,38.2,91,117,74,97,20,7.4,,Normal,Normal,None known,,1,Ceftriaxone,28,None known,0.273,0.401,40.1,Medium,0.35,0.292,0.288,0.121,0.02,-0.02,0.006,-0.02,-0.02,-0.02,"Clinical explanation: AMR risk is medium with prior antibiotic exposure=1, prior resistant organism=None known, and ward resistance rate=27.3%. Review feature attributions before making a clinical decision.",Piperacillin-Tazobactam,Cefepime + Vancomycin,88.5,No renal adjustment flag,No renal adjustment flag,Modify,Dose/frequency adjusted after clinical review,Cefepime + Vancomycin,Positive,2026-10-28 20:16:16,P. aeruginosa,None detected,Concordant,Improved,No,Missing/unknown clinical field,"Admitted to Surgical Ward with Complicated intra-abdominal infection from Intra-abdominal Infection. Initial vitals: T 38.2 C, HR 91, BP 117/74, SpO2 97%. History: None; kidney function Normal; allergy None known; prior antibiotic exposure in 90d 1; previous resistant organism None known. Culture status Positive.",0,0.43908194,0,True Negative
PX-103579,ENC-20259142,True,2026-10-30 19:17:32,Clinical Patient 9143,42,Female,No,General Medicine,26,Active Inpatient,VAP,Ventilator-Associated Pneumonia,Mixed flora,38.4,137,93,55,97,21,89.9,,Mild impairment,Moderate impairment,Penicillin,Mild/rash,0,None prior,0,None known,0.212,0.257,25.7,Low,0.276,0.119,0.179,0.071,-0.02,-0.02,-0.01,-0.02,-0.02,0.05,"Clinical explanation: AMR risk is low with prior antibiotic exposure=0, prior resistant organism=None known, and ward resistance rate=21.2%. Review feature attributions before making a clinical decision.",Ceftriaxone,Cefepime,66.1,Renal adjustment review required,Documented Penicillin allergy | Renal adjustment review required,Accept,Clinician accepted the displayed first-line option,Ceftriaxone,Positive,2026-10-31 19:17:32,S. aureus,None detected,Concordant,Recovered,No,Renal impairment,"Admitted to General Medicine with VAP from Ventilator-Associated Pneumonia. Initial vitals: T 38.4 C, HR 137, BP 93/55, SpO2 97%. History: None; kidney function Mild impairment; allergy Penicillin; prior antibiotic exposure in 90d 0; previous resistant organism None known. Culture status Positive.",0,0.22424114,0,True Negative
PX-104300,ENC-20259147,True,2026-10-31 03:38:33,Clinical Patient 9148,42,Female,No,General Medicine,13,Transferred,Severe HAP,Hospital-Acquired Pneumonia,Enterobacter cloacae complex,35.5,126,76,38,88,32,99.3,,Normal,Normal,None known,,1,Vancomycin,3,None known,0.265,0.568,56.8,Medium,0.622,0.25,0.536,0.194,0.02,-0.02,0.004,-0.02,-0.02,0.05,"Clinical explanation: AMR risk is medium with prior antibiotic exposure=1, prior resistant organism=None known, and ward resistance rate=26.5%. Review feature attributions before making a clinical decision.",Piperacillin-Tazobactam,Cefepime + Vancomycin,91.4,No renal adjustment flag,No renal adjustment flag,Accept,Clinician accepted the displayed first-line option,Piperacillin-Tazobactam,Positive,2026-11-03 03:38:33,Enterobacter cloacae complex,CRE,Concordant,Improved,No,Boundary vitals,"Admitted to General Medicine with Severe HAP from Hospital-Acquired Pneumonia. Initial vitals: T 35.5 C, HR 126, BP 76/38, SpO2 88%. History: None; kidney function Normal; allergy None known; prior antibiotic exposure in 90d 1; previous resistant organism None known. Culture status Positive.",1,0.5166205,1,True Positive
PX-107956,ENC-20259167,True,2026-11-02 03:23:06,Clinical Patient 9168,81,Male,Not applicable,General Medicine,22,Active Inpatient,Catheter-related bloodstream infection,Bloodstream Infection,Enterobacter cloacae complex,38.1,136,94,60,95,15,30.1,,Normal,Normal,None known,,1,Piperacillin-Tazobactam,14,None known,0.242,0.405,40.5,Medium,0.344,0.167,0.336,0.322,0.02,-0.02,-0.002,-0.02,-0.02,0.05,"Clinical explanation: AMR risk is medium with prior antibiotic exposure=1, prior resistant organism=None known, and ward resistance rate=24.2%. Review feature attributions before making a clinical decision.",Piperacillin-Tazobactam,Cefepime + Vancomycin,80.9,No renal adjustment flag,No renal adjustment flag,Modify,Dose/frequency adjusted after clinical review,Cefepime + Vancomycin,Positive,2026-11-04 03:23:06,Enterobacter cloacae complex,None detected,Concordant,Improved,No,Missing/unknown clinical field,"Admitted to General Medicine with Catheter-related bloodstream infection from Bloodstream Infection. Initial vitals: T 38.1 C, HR 136, BP 94/60, SpO2 95%. History: None; kidney function Normal; allergy None known; prior antibiotic exposure in 90d 1; previous resistant organism None known. Culture status Positive.",0,0.5641472,1,False Positive (Type I Error)
PX-102878,ENC-20259183,True,2026-11-03 11:21:35,Clinical Patient 9184,86,Male,Not applicable,General Medicine,29,Active Inpatient,Wound infection,Skin/Soft Tissue Infection,E. coli,36.1,108,69,44,93,16,40.9,Diabetes,Normal,Normal,Penicillin,,4,Ertapenem,3,None known,0.298,0.425,42.5,Medium,0.377,0.212,0.367,0.169,0.14,-0.02,0.012,-0.02,0.04,0.05,"Clinical explanation: AMR risk is medium with prior antibiotic exposure=4, prior resistant organism=None known, and ward resistance rate=29.8%. Review feature attributions before making a clinical decision.",Piperacillin-Tazobactam,Cefepime + Vancomycin,94.9,No renal adjustment flag,Documented Penicillin allergy,Accept,Clinician accepted the displayed first-line option,Piperacillin-Tazobactam,Positive,2026-11-07 11:21:35,E. coli,ESBL,Discordant,Improved,No,Allergy/safety edge case,"Admitted to General Medicine with Wound infection from Skin/Soft Tissue Infection. Initial vitals: T 36.1 C, HR 108, BP 69/44, SpO2 93%. History: Diabetes; kidney function Normal; allergy Penicillin; prior antibiotic exposure in 90d 4; previous resistant organism None known. Culture status Positive.",1,0.6138243,1,True Positive
PX-103086,ENC-20259211,True,2026-11-05 13:11:08,Clinical Patient 9212,49,Male,Not applicable,General Medicine,3,Active Inpatient,CAP,Community-Acquired Pneumonia,Enterobacter cloacae complex,39.2,99,70,36,93,25,42.0,COPD,Normal,Normal,None known,,5,Ciprofloxacin,3,ESBL,0.264,0.412,41.2,Medium,0.326,0.254,0.179,0.268,0.18,0.08,0.004,-0.02,0.04,0.05,"Clinical explanation: AMR risk is medium with prior antibiotic exposure=5, prior resistant organism=ESBL, and ward resistance rate=26.4%. Review feature attributions before making a clinical decision.",Piperacillin-Tazobactam,Cefepime + Vancomycin,84.5,No renal adjustment flag,No renal adjustment flag,Accept,Clinician accepted the displayed first-line option,Piperacillin-Tazobactam,Positive,2026-11-07 13:11:08,Enterobacter cloacae complex,None detected,Concordant,Treatment modified after deterioration,Yes,Prior resistant organism,"Admitted to General Medicine with CAP from Community-Acquired Pneumonia. Initial vitals: T 39.2 C, HR 99, BP 70/36, SpO2 93%. History: COPD; kidney function Normal; allergy None known; prior antibiotic exposure in 90d 5; previous resistant organism ESBL. Culture status Positive.",0,0.71462554,1,False Positive (Type I Error)
PX-106371,ENC-20259227,True,2026-11-06 16:13:07,Clinical Patient 9228,42,Female,No,ICU,9,Discharged,Cellulitis,Skin/Soft Tissue Infection,S. pneumoniae,38.9,117,117,61,88,26,12.1,CKD,Mild impairment,Normal,None known,,0,None in prior 90 days,0,None known,0.409,0.569,56.9,Medium,0.47,0.258,0.388,0.207,-0.02,-0.02,0.04,0.06,0.04,0.05,"Clinical explanation: AMR risk is medium with prior antibiotic exposure=0, prior resistant organism=None known, and ward resistance rate=40.9%. Review feature attributions before making a clinical decision.",Piperacillin-Tazobactam,Cefepime + Vancomycin,93.4,Renal adjustment review required,Renal adjustment review required,Accept,Clinician accepted the displayed first-line option,Piperacillin-Tazobactam,Positive,2026-11-09 16:13:07,S. pneumoniae,None detected,Discordant,Treatment modified after deterioration,Yes,Renal impairment,"Admitted to ICU with Cellulitis from Skin/Soft Tissue Infection. Initial vitals: T 38.9 C, HR 117, BP 117/61, SpO2 88%. History: CKD; kidney function Mild impairment; allergy None known; prior antibiotic exposure in 90d 0; previous resistant organism None known. Culture status Positive.",0,0.49750364,0,True Negative
PX-106986,ENC-20259243,True,2026-11-08 00:34:26,Clinical Patient 9244,79,Male,Not applicable,General Medicine,37,Transferred,Catheter-associated UTI,Urinary Tract Infection,K. pneumoniae,39.0,90,137,93,96,19,24.5,,AKI,Moderate impairment,None known,,0,None in prior 90 days,0,None known,0.161,0.194,19.4,Low,0.151,0.126,0.116,0.043,-0.02,-0.02,-0.022,-0.02,-0.02,0.05,"Clinical explanation: AMR risk is low with prior antibiotic exposure=0, prior resistant organism=None known, and ward resistance rate=16.1%. Review feature attributions before making a clinical decision.",Ceftriaxone,Cefepime,71.2,Renal adjustment review required,Renal adjustment review required,Accept,Clinician accepted the displayed first-line option,Ceftriaxone,Positive,2026-11-11 00:34:26,K. pneumoniae,None detected,Concordant,Improved,No,Missing/unknown clinical field,"Admitted to General Medicine with Catheter-associated UTI from Urinary Tract Infection. Initial vitals: T 39.0 C, HR 90, BP 137/93, SpO2 96%. History: None; kidney function AKI; allergy None known; prior antibiotic exposure in 90d 0; previous resistant organism None known. Culture status Positive.",0,0.32329243,0,True Negative
PX-101063,ENC-20259248,True,2026-11-08 10:48:17,Clinical Patient 9249,44,Female,No,Surgical Ward,32,Active Inpatient,Suspected bacteremia,Bloodstream Infection,No organism identified,38.2,112,127,70,96,13,40.3,COPD,Mild impairment,Normal,Penicillin,Mild/rash,0,None prior,0,None known,0.368,0.471,47.1,Medium,0.493,0.317,0.463,0.119,-0.02,-0.02,0.029,-0.02,0.04,0.05,"Clinical explanation: AMR risk is medium with prior antibiotic exposure=0, prior resistant organism=None known, and ward resistance rate=36.8%. Review feature attributions before making a clinical decision.",Piperacillin-Tazobactam,Cefepime + Vancomycin,80.8,Renal adjustment review required,Documented Penicillin allergy | Renal adjustment review required,Accept,Clinician accepted the displayed first-line option,Piperacillin-Tazobactam,Positive,2026-11-09 10:48:17,P. aeruginosa,MDR Pseudomonas,Discordant,Improved,No,Renal impairment,"Admitted to Surgical Ward with Suspected bacteremia from Bloodstream Infection. Initial vitals: T 38.2 C, HR 112, BP 127/70, SpO2 96%. History: COPD; kidney function Mild impairment; allergy Penicillin; prior antibiotic exposure in 90d 0; previous resistant organism None known. Culture status Positive.",1,0.2787927,0,False Negative (Type II Error - Critical Missed Resistance)
PX-100117,ENC-20259255,True,2026-11-08 21:17:10,Clinical Patient 9256,79,Female,Not applicable,Emergency Department,40,Transferred,Appendicitis with abscess,Intra-abdominal Infection,S. pneumoniae,39.3,90,111,48,96,18,19.6,Liver disease,Mild impairment,Normal,Cephalosporin,IgE-mediated,1,Vancomycin,10,None known,0.167,0.271,27.1,Low,0.236,0.194,0.237,0.08,0.02,-0.02,-0.021,-0.02,0.04,0.05,"Clinical explanation: AMR risk is low with prior antibiotic exposure=1, prior resistant organism=None known, and ward resistance rate=16.7%. Review feature attributions before making a clinical decision.",Ceftriaxone,Cefepime,81.8,Renal adjustment review required,Documented Cephalosporin allergy | Renal adjustment review required,Accept,Clinician accepted the displayed first-line option,Ceftriaxone,Positive,2026-11-12 21:17:10,S. pneumoniae,None detected,Concordant,Improved,No,Renal impairment,"Admitted to Emergency Department with Appendicitis with abscess from Intra-abdominal Infection. Initial vitals: T 39.3 C, HR 90, BP 111/48, SpO2 96%. History: Liver disease; kidney function Mild impairment; allergy Cephalosporin; prior antibiotic exposure in 90d 1; previous resistant organism None known. Culture status Positive.",0,0.37852043,0,True Negative
PX-102048,ENC-20259265,True,2026-11-09 14:25:10,Clinical Patient 9266,56,Male,Not applicable,Surgical Ward,37,Active Inpatient,Urosepsis,Urinary Tract Infection,P. aeruginosa,38.3,91,144,77,96,18,23.9,,AKI,Normal,Sulfonamide,Anaphylaxis,0,None in prior 90 days,0,None known,0.337,0.191,19.1,Low,0.182,0.117,0.145,0.072,-0.02,-0.02,0.022,-0.02,-0.02,-0.02,"Clinical explanation: AMR risk is low with prior antibiotic exposure=0, prior resistant organism=None known, and ward resistance rate=33.7%. Review feature attributions before making a clinical decision.",Ceftriaxone,Cefepime,80.5,Renal adjustment review required,Documented Sulfonamide allergy | Renal adjustment review required,Modify,Dose/frequency adjusted after clinical review,Cefepime,Positive,2026-11-11 14:25:10,P. aeruginosa,None detected,Concordant,Treatment modified after deterioration,Yes,Allergy/safety edge case,"Admitted to Surgical Ward with Urosepsis from Urinary Tract Infection. Initial vitals: T 38.3 C, HR 91, BP 144/77, SpO2 96%. History: None; kidney function AKI; allergy Sulfonamide; prior antibiotic exposure in 90d 0; previous resistant organism None known. Culture status Positive.",0,0.37245372,0,True Negative
PX-103530,ENC-20259290,True,2026-11-11 07:27:05,Clinical Patient 9291,72,Male,Not applicable,ICU,2,Active Inpatient,Cellulitis,Skin/Soft Tissue Infection,E. coli,38.5,120,86,54,90,20,35.5,Cancer,Normal,Normal,None known,,0,None in prior 90 days,0,None known,0.427,0.455,45.5,Medium,0.329,0.201,0.381,0.312,-0.02,-0.02,0.044,0.06,0.04,0.05,"Clinical explanation: AMR risk is medium with prior antibiotic exposure=0, prior resistant organism=None known, and ward resistance rate=42.7%. Review feature attributions before making a clinical decision.",Piperacillin-Tazobactam,Cefepime + Vancomycin,80.4,No renal adjustment flag,No renal adjustment flag,Modify,Dose/frequency adjusted after clinical review,Cefepime + Vancomycin,Positive,2026-11-14 07:27:05,E. coli,ESBL,Discordant,Improved,No,Standard scenario,"Admitted to ICU with Cellulitis from Skin/Soft Tissue Infection. Initial vitals: T 38.5 C, HR 120, BP 86/54, SpO2 90%. History: Cancer; kidney function Normal; allergy None known; prior antibiotic exposure in 90d 0; previous resistant organism None known. Culture status Positive.",1,0.5360609,1,True Positive
PX-108162,ENC-20259293,True,2026-11-11 12:46:54,Clinical Patient 9294,36,Male,Not applicable,General Medicine,9,Active Inpatient,Severe CAP,Community-Acquired Pneumonia,P. aeruginosa,37.0,64,144,86,90,28,20.2,Hypertension; Immunosuppression,Severe impairment,Mild impairment,None known,,0,None prior,0,MRSA,0.283,0.492,49.2,Medium,0.433,0.419,0.396,0.112,-0.02,0.08,0.008,-0.02,0.04,-0.02,"Clinical explanation: AMR risk is medium with prior antibiotic exposure=0, prior resistant organism=MRSA, and ward resistance rate=28.3%. Review feature attributions before making a clinical decision.",Piperacillin-Tazobactam,Cefepime + Vancomycin,95.5,Renal adjustment review required,Renal adjustment review required,Accept,Clinician accepted the displayed first-line option,Piperacillin-Tazobactam,Positive,2026-11-13 12:46:54,P. aeruginosa,None detected,Concordant,Treatment modified after deterioration,Yes,Renal impairment,"Admitted to General Medicine with Severe CAP from Community-Acquired Pneumonia. Initial vitals: T 37.0 C, HR 64, BP 144/86, SpO2 90%. History: Hypertension; Immunosuppression; kidney function Severe impairment; allergy None known; prior antibiotic exposure in 90d 0; previous resistant organism MRSA. Culture status Positive.",0,0.47768217,0,True Negative
PX-103391,ENC-20259296,True,2026-11-11 18:14:33,Clinical Patient 9297,56,Male,Not applicable,ICU,33,Active Inpatient,HAP,Hospital-Acquired Pneumonia,K. pneumoniae,38.5,128,89,54,87,27,21.4,,Normal,Mild impairment,None known,,1,Levofloxacin,21,None known,0.292,0.675,67.5,High,0.513,0.265,0.285,0.331,0.02,-0.02,0.01,0.06,-0.02,0.05,"Clinical explanation: AMR risk is high with prior antibiotic exposure=1, prior resistant organism=None known, and ward resistance rate=29.2%. Review feature attributions before making a clinical decision.",Meropenem + Vancomycin,Ceftazidime-Avibactam,79.4,No renal adjustment flag,No renal adjustment flag,Pending,Decision not yet recorded,Clinician-selected regimen,Positive,2026-11-14 18:14:33,K. pneumoniae,None detected,Discordant,Improved,No,Missing/unknown clinical field,"Admitted to ICU with HAP from Hospital-Acquired Pneumonia. Initial vitals: T 38.5 C, HR 128, BP 89/54, SpO2 87%. History: None; kidney function Normal; allergy None known; prior antibiotic exposure in 90d 1; previous resistant organism None known. Culture status Positive.",0,0.694564,1,False Positive (Type I Error)
PX-102136,ENC-20259310,True,2026-11-13 06:28:25,Clinical Patient 9311,77,Female,Not applicable,Emergency Department,30,Discharged,Appendicitis with abscess,Intra-abdominal Infection,No organism identified,38.9,124,77,49,96,19,29.9,,Moderate impairment,Normal,None known,,3,Ceftriaxone,7,None known,0.205,0.371,37.1,Medium,0.311,0.3,0.24,0.156,0.1,-0.02,-0.011,-0.02,-0.02,0.05,"Clinical explanation: AMR risk is medium with prior antibiotic exposure=3, prior resistant organism=None known, and ward resistance rate=20.5%. Review feature attributions before making a clinical decision.",Piperacillin-Tazobactam,Cefepime + Vancomycin,88.0,Renal adjustment review required,Renal adjustment review required,Accept,Clinician accepted the displayed first-line option,Piperacillin-Tazobactam,Positive,2026-11-14 06:28:25,E. coli,CRE,Discordant,Recovered,No,Renal impairment,"Admitted to Emergency Department with Appendicitis with abscess from Intra-abdominal Infection. Initial vitals: T 38.9 C, HR 124, BP 77/49, SpO2 96%. History: None; kidney function Moderate impairment; allergy None known; prior antibiotic exposure in 90d 3; previous resistant organism None known. Culture status Positive.",1,0.49123478,0,False Negative (Type II Error - Critical Missed Resistance)
PX-102712,ENC-20259318,True,2026-11-14 01:12:22,Clinical Patient 9319,63,Male,Not applicable,Surgical Ward,1,Discharged,Peritonitis,Intra-abdominal Infection,S. pneumoniae,35.3,112,114,72,96,21,19.6,Hypertension,Normal,Normal,Multiple antibiotics,Mild/rash,2,Azithromycin,5,MDR Pseudomonas,0.372,0.901,90.1,High,0.775,0.609,0.619,0.324,0.06,0.08,0.03,-0.02,0.04,0.05,"Clinical explanation: AMR risk is high with prior antibiotic exposure=2, prior resistant organism=MDR Pseudomonas, and ward resistance rate=37.2%. Review feature attributions before making a clinical decision.",Meropenem + Vancomycin,Ceftazidime-Avibactam,85.4,No renal adjustment flag,Documented Multiple antibiotics allergy,Modify,Dose/frequency adjusted after clinical review,Ceftazidime-Avibactam,Positive,2026-11-18 01:12:22,S. pneumoniae,MRSA,Concordant,Recovered,No,Allergy/safety edge case,"Admitted to Surgical Ward with Peritonitis from Intra-abdominal Infection. Initial vitals: T 35.3 C, HR 112, BP 114/72, SpO2 96%. History: Hypertension; kidney function Normal; allergy Multiple antibiotics; prior antibiotic exposure in 90d 2; previous resistant organism MDR Pseudomonas. Culture status Positive.",1,0.7301456,1,True Positive
PX-103687,ENC-20259323,True,2026-11-14 08:10:35,Clinical Patient 9324,52,Male,Not applicable,Surgical Ward,12,Active Inpatient,Complicated intra-abdominal infection,Intra-abdominal Infection,Enterobacter cloacae complex,37.8,60,130,76,95,12,19.3,CKD; Cancer; Diabetes,Normal,Mild impairment,Penicillin,IgE-mediated,0,None prior,0,ESBL,0.259,0.87,87.0,High,0.95,0.588,0.466,0.565,-0.02,0.08,0.002,-0.02,0.04,-0.02,"Clinical explanation: AMR risk is high with prior antibiotic exposure=0, prior resistant organism=ESBL, and ward resistance rate=25.9%. Review feature attributions before making a clinical decision.",Meropenem + Vancomycin,Ceftazidime-Avibactam,89.9,No renal adjustment flag,Documented Penicillin allergy,Modify,Dose/frequency adjusted after clinical review,Ceftazidime-Avibactam,Positive,2026-11-17 08:10:35,Enterobacter cloacae complex,ESBL,Concordant,Improved,No,Allergy/safety edge case,"Admitted to Surgical Ward with Complicated intra-abdominal infection from Intra-abdominal Infection. Initial vitals: T 37.8 C, HR 60, BP 130/76, SpO2 95%. History: CKD; Cancer; Diabetes; kidney function Normal; allergy Penicillin; prior antibiotic exposure in 90d 0; previous resistant organism ESBL. Culture status Positive.",1,0.55726254,1,True Positive
PX-101970,ENC-20259325,True,2026-11-14 13:19:31,Clinical Patient 9326,57,Male,Not applicable,ICU,34,Transferred,Complicated UTI,Urinary Tract Infection,S. pneumoniae,38.9,105,83,43,97,28,32.9,,Severe impairment,Normal,None known,,1,Piperacillin-Tazobactam,14,CRE,0.33,0.882,88.2,High,0.681,0.544,0.859,0.525,0.02,0.08,0.02,0.06,-0.02,0.05,"Clinical explanation: AMR risk is high with prior antibiotic exposure=1, prior resistant organism=CRE, and ward resistance rate=33.0%. Review feature attributions before making a clinical decision.",Meropenem + Vancomycin,Ceftazidime-Avibactam,93.7,Renal adjustment review required,Renal adjustment review required,Accept,Clinician accepted the displayed first-line option,Meropenem + Vancomycin,Positive,2026-11-15 13:19:31,S. pneumoniae,MRSA,Concordant,Improved,No,Renal impairment,"Admitted to ICU with Complicated UTI from Urinary Tract Infection. Initial vitals: T 38.9 C, HR 105, BP 83/43, SpO2 97%. History: None; kidney function Severe impairment; allergy None known; prior antibiotic exposure in 90d 1; previous resistant organism CRE. Culture status Positive.",1,0.7872261,1,True Positive
PX-102336,ENC-20259340,True,2026-11-15 08:35:54,Clinical Patient 9341,92,Female,Not applicable,General Medicine,1,Transferred,Diverticulitis with perforation,Intra-abdominal Infection,E. coli,37.4,73,149,93,96,18,11.0,COPD,Normal,Normal,None known,,0,None in prior 90 days,0,MRSA,0.287,0.673,67.3,High,0.543,0.342,0.416,0.479,-0.02,0.08,0.009,-0.02,0.04,-0.02,"Clinical explanation: AMR risk is high with prior antibiotic exposure=0, prior resistant organism=MRSA, and ward resistance rate=28.7%. Review feature attributions before making a clinical decision.",Meropenem + Vancomycin,Ceftazidime-Avibactam,71.6,No renal adjustment flag,No renal adjustment flag,Override,Alternative source-control plan,Clinician-selected regimen,Positive,2026-11-18 08:35:54,E. coli,CRE,Concordant,Treatment modified after deterioration,Yes,Prior resistant organism,"Admitted to General Medicine with Diverticulitis with perforation from Intra-abdominal Infection. Initial vitals: T 37.4 C, HR 73, BP 149/93, SpO2 96%. History: COPD; kidney function Normal; allergy None known; prior antibiotic exposure in 90d 0; previous resistant organism MRSA. Culture status Positive.",1,0.53249055,1,True Positive
PX-102674,ENC-20259358,True,2026-11-16 14:16:41,Clinical Patient 9359,57,Female,Not applicable,Surgical Ward,27,Active Inpatient,Biliary tract infection,Intra-abdominal Infection,Enterobacter cloacae complex,38.7,64,141,86,93,13,10.5,CKD,Mild impairment,Normal,None known,,0,None in prior 90 days,0,None known,0.296,0.351,35.1,Medium,0.255,0.254,0.176,0.072,-0.02,-0.02,0.011,-0.02,0.04,0.05,"Clinical explanation: AMR risk is medium with prior antibiotic exposure=0, prior resistant organism=None known, and ward resistance rate=29.6%. Review feature attributions before making a clinical decision.",Piperacillin-Tazobactam,Cefepime + Vancomycin,83.3,Renal adjustment review required,Renal adjustment review required,Accept,Clinician accepted the displayed first-line option,Piperacillin-Tazobactam,Positive,2026-11-17 14:16:41,Enterobacter cloacae complex,ESBL,Discordant,Recovered,No,Renal impairment,"Admitted to Surgical Ward with Biliary tract infection from Intra-abdominal Infection. Initial vitals: T 38.7 C, HR 64, BP 141/86, SpO2 93%. History: CKD; kidney function Mild impairment; allergy None known; prior antibiotic exposure in 90d 0; previous resistant organism None known. Culture status Positive.",1,0.273948,0,False Negative (Type II Error - Critical Missed Resistance)
PX-107790,ENC-20259369,True,2026-11-17 12:10:09,Clinical Patient 9370,44,Female,No,Surgical Ward,35,Active Inpatient,Suspected bacteremia,Bloodstream Infection,No organism identified,35.7,131,94,52,95,21,15.1,Hypertension; Immunosuppression,Normal,Moderate impairment,Penicillin,Mild/rash,1,Vancomycin,7,None known,0.416,0.522,52.2,Medium,0.409,0.387,0.35,0.399,0.02,-0.02,0.041,-0.02,0.04,0.05,"Clinical explanation: AMR risk is medium with prior antibiotic exposure=1, prior resistant organism=None known, and ward resistance rate=41.6%. Review feature attributions before making a clinical decision.",Piperacillin-Tazobactam,Cefepime + Vancomycin,80.8,No renal adjustment flag,Documented Penicillin allergy,Accept,Clinician accepted the displayed first-line option,Piperacillin-Tazobactam,Positive,2026-11-18 12:10:09,Enterococcus faecalis,None detected,Discordant,Improved,No,Allergy/safety edge case,"Admitted to Surgical Ward with Suspected bacteremia from Bloodstream Infection. Initial vitals: T 35.7 C, HR 131, BP 94/52, SpO2 95%. History: Hypertension; Immunosuppression; kidney function Normal; allergy Penicillin; prior antibiotic exposure in 90d 1; previous resistant organism None known. Culture status Positive.",0,0.4734535,0,True Negative
PX-103531,ENC-20259371,True,2026-11-17 13:01:05,Clinical Patient 9372,81,Male,Not applicable,Surgical Ward,16,Discharged,Complicated intra-abdominal infection,Intra-abdominal Infection,Enterobacter cloacae complex,38.4,99,113,67,97,13,67.6,,Normal,Normal,None known,,3,Meropenem,7,None known,0.309,0.559,55.9,Medium,0.521,0.407,0.412,0.367,0.1,-0.02,0.015,-0.02,-0.02,-0.02,"Clinical explanation: AMR risk is medium with prior antibiotic exposure=3, prior resistant organism=None known, and ward resistance rate=30.9%. Review feature attributions before making a clinical decision.",Piperacillin-Tazobactam,Cefepime + Vancomycin,69.2,No renal adjustment flag,No renal adjustment flag,Accept,Clinician accepted the displayed first-line option,Piperacillin-Tazobactam,Positive,2026-11-18 13:01:05,Enterobacter cloacae complex,ESBL,Concordant,Improved,No,Missing/unknown clinical field,"Admitted to Surgical Ward with Complicated intra-abdominal infection from Intra-abdominal Infection. Initial vitals: T 38.4 C, HR 99, BP 113/67, SpO2 97%. History: None; kidney function Normal; allergy None known; prior antibiotic exposure in 90d 3; previous resistant organism None known. Culture status Positive.",1,0.55600715,1,True Positive
PX-107970,ENC-20259403,True,2026-11-20 06:10:38,Clinical Patient 9404,50,Male,Not applicable,Surgical Ward,35,Active Inpatient,Appendicitis with abscess,Intra-abdominal Infection,S. pneumoniae,36.4,89,136,78,94,15,26.3,Cancer,Normal,Normal,None known,,0,None in prior 90 days,0,MRSA,0.303,0.664,66.4,High,0.655,0.471,0.333,0.52,-0.02,0.08,0.013,-0.02,0.04,-0.02,"Clinical explanation: AMR risk is high with prior antibiotic exposure=0, prior resistant organism=MRSA, and ward resistance rate=30.3%. Review feature attributions before making a clinical decision.",Meropenem + Vancomycin,Ceftazidime-Avibactam,80.2,No renal adjustment flag,No renal adjustment flag,Accept,Clinician accepted the displayed first-line option,Meropenem + Vancomycin,Positive,2026-11-21 06:10:38,S. pneumoniae,Other MDR,Concordant,Improved,No,Prior resistant organism,"Admitted to Surgical Ward with Appendicitis with abscess from Intra-abdominal Infection. Initial vitals: T 36.4 C, HR 89, BP 136/78, SpO2 94%. History: Cancer; kidney function Normal; allergy None known; prior antibiotic exposure in 90d 0; previous resistant organism MRSA. Culture status Positive.",1,0.6436524,1,True Positive
PX-104971,ENC-20259411,True,2026-11-20 18:17:04,Clinical Patient 9412,53,Female,Not applicable,Surgical Ward,22,Active Inpatient,HAP,Hospital-Acquired Pneumonia,Enterococcus faecalis,38.4,114,98,62,94,17,37.0,,Normal,Normal,Vancomycin,Mild/rash,0,None in prior 90 days,0,MDR Pseudomonas,0.297,0.762,76.2,High,0.755,0.564,0.714,0.502,-0.02,0.08,0.012,-0.02,-0.02,0.05,"Clinical explanation: AMR risk is high with prior antibiotic exposure=0, prior resistant organism=MDR Pseudomonas, and ward resistance rate=29.7%. Review feature attributions before making a clinical decision.",Meropenem + Vancomycin,Ceftazidime-Avibactam,83.1,No renal adjustment flag,Documented Vancomycin allergy,Accept,Clinician accepted the displayed first-line option,Meropenem + Vancomycin,Positive,2026-11-23 18:17:04,Enterococcus faecalis,None detected,Discordant,Improved,No,Allergy/safety edge case,"Admitted to Surgical Ward with HAP from Hospital-Acquired Pneumonia. Initial vitals: T 38.4 C, HR 114, BP 98/62, SpO2 94%. History: None; kidney function Normal; allergy Vancomycin; prior antibiotic exposure in 90d 0; previous resistant organism MDR Pseudomonas. Culture status Positive.",0,0.6763946,1,False Positive (Type I Error)
PX-101205,ENC-20259412,True,2026-11-20 19:26:51,Clinical Patient 9413,68,Female,Not applicable,Emergency Department,18,Active Inpatient,Severe HAP,Hospital-Acquired Pneumonia,S. aureus,38.4,88,84,51,87,28,128.0,CKD; Diabetes,Normal,Mild impairment,Penicillin,Mild/rash,0,None prior,0,None known,0.164,0.534,53.4,Medium,0.561,0.337,0.232,0.379,-0.02,-0.02,-0.021,-0.02,0.04,-0.02,"Clinical explanation: AMR risk is medium with prior antibiotic exposure=0, prior resistant organism=None known, and ward resistance rate=16.4%. Review feature attributions before making a clinical decision.",Piperacillin-Tazobactam,Cefepime + Vancomycin,75.3,No renal adjustment flag,Documented Penicillin allergy,Accept,Clinician accepted the displayed first-line option,Piperacillin-Tazobactam,Positive,2026-11-22 19:26:51,S. aureus,MRSA,Concordant,Treatment modified after deterioration,Yes,Allergy/safety edge case,"Admitted to Emergency Department with Severe HAP from Hospital-Acquired Pneumonia. Initial vitals: T 38.4 C, HR 88, BP 84/51, SpO2 87%. History: CKD; Diabetes; kidney function Normal; allergy Penicillin; prior antibiotic exposure in 90d 0; previous resistant organism None known. Culture status Positive.",1,0.373816,0,False Negative (Type II Error - Critical Missed Resistance)
PX-100951,ENC-20259434,True,2026-11-22 00:17:52,Clinical Patient 9435,71,Male,Not applicable,Surgical Ward,18,Active Inpatient,Diverticulitis with perforation,Intra-abdominal Infection,S. aureus,38.1,99,131,76,94,12,47.6,Liver disease,Normal,Normal,None known,,0,None prior,0,MDR Pseudomonas,0.37,0.688,68.8,High,0.517,0.492,0.348,0.497,-0.02,0.08,0.03,-0.02,0.04,-0.02,"Clinical explanation: AMR risk is high with prior antibiotic exposure=0, prior resistant organism=MDR Pseudomonas, and ward resistance rate=37.0%. Review feature attributions before making a clinical decision.",Meropenem + Vancomycin,Ceftazidime-Avibactam,79.8,No renal adjustment flag,No renal adjustment flag,Accept,Clinician accepted the displayed first-line option,Meropenem + Vancomycin,Positive,2026-11-23 00:17:52,S. aureus,None detected,Discordant,Recovered,No,Prior resistant organism,"Admitted to Surgical Ward with Diverticulitis with perforation from Intra-abdominal Infection. Initial vitals: T 38.1 C, HR 99, BP 131/76, SpO2 94%. History: Liver disease; kidney function Normal; allergy None known; prior antibiotic exposure in 90d 0; previous resistant organism MDR Pseudomonas. Culture status Positive.",0,0.6359365,1,False Positive (Type I Error)
PX-106645,ENC-20259444,True,2026-11-22 13:36:36,Clinical Patient 9445,66,Female,Not applicable,General Medicine,6,Active Inpatient,Early-onset VAP,Ventilator-Associated Pneumonia,Enterobacter cloacae complex,37.7,118,92,57,88,22,54.4,,Normal,Normal,Cephalosporin,Mild/rash,0,None prior,0,MRSA,0.238,0.615,61.5,High,0.533,0.549,0.523,0.135,-0.02,0.08,-0.003,-0.02,-0.02,0.05,"Clinical explanation: AMR risk is high with prior antibiotic exposure=0, prior resistant organism=MRSA, and ward resistance rate=23.8%. Review feature attributions before making a clinical decision.",Meropenem + Vancomycin,Ceftazidime-Avibactam,90.3,No renal adjustment flag,Documented Cephalosporin allergy,Modify,Dose/frequency adjusted after clinical review,Ceftazidime-Avibactam,Positive,2026-11-26 13:36:36,Enterobacter cloacae complex,None detected,Discordant,Improved,No,Allergy/safety edge case,"Admitted to General Medicine with Early-onset VAP from Ventilator-Associated Pneumonia. Initial vitals: T 37.7 C, HR 118, BP 92/57, SpO2 88%. History: None; kidney function Normal; allergy Cephalosporin; prior antibiotic exposure in 90d 0; previous resistant organism MRSA. Culture status Positive.",0,0.6127109,1,False Positive (Type I Error)
PX-100832,ENC-20259459,True,2026-11-23 19:27:43,Clinical Patient 9460,64,Female,Not applicable,ICU,28,Active Inpatient,CAP,Community-Acquired Pneumonia,P. aeruginosa,38.1,138,65,47,87,24,23.2,,Normal,Normal,None known,,0,None in prior 90 days,0,None known,0.491,0.665,66.5,High,0.533,0.463,0.547,0.243,-0.02,-0.02,0.06,0.06,-0.02,0.05,"Clinical explanation: AMR risk is high with prior antibiotic exposure=0, prior resistant organism=None known, and ward resistance rate=49.1%. Review feature attributions before making a clinical decision.",Meropenem + Vancomycin,Ceftazidime-Avibactam,69.5,No renal adjustment flag,No renal adjustment flag,Accept,Clinician accepted the displayed first-line option,Meropenem + Vancomycin,Positive,2026-11-26 19:27:43,P. aeruginosa,MDR Pseudomonas,Concordant,Improved,No,Boundary vitals,"Admitted to ICU with CAP from Community-Acquired Pneumonia. Initial vitals: T 38.1 C, HR 138, BP 65/47, SpO2 87%. History: None; kidney function Normal; allergy None known; prior antibiotic exposure in 90d 0; previous resistant organism None known. Culture status Positive.",1,0.59510356,1,True Positive
PX-103310,ENC-20259462,True,2026-11-24 10:54:26,Clinical Patient 9463,60,Female,Not applicable,Emergency Department,25,Active Inpatient,Complicated UTI,Urinary Tract Infection,No organism identified,38.4,107,108,67,99,20,23.1,Heart failure,Normal,Mild impairment,None known,,3,Azithromycin,10,None known,0.229,0.276,27.6,Low,0.216,0.195,0.264,0.112,0.1,-0.02,-0.005,-0.02,0.04,0.05,"Clinical explanation: AMR risk is low with prior antibiotic exposure=3, prior resistant organism=None known, and ward resistance rate=22.9%. Review feature attributions before making a clinical decision.",Ceftriaxone,Cefepime,75.4,No renal adjustment flag,No renal adjustment flag,Accept,Clinician accepted the displayed first-line option,Ceftriaxone,Positive,2026-11-26 10:54:26,E. coli,None detected,Concordant,Recovered,No,Standard scenario,"Admitted to Emergency Department with Complicated UTI from Urinary Tract Infection. Initial vitals: T 38.4 C, HR 107, BP 108/67, SpO2 99%. History: Heart failure; kidney function Normal; allergy None known; prior antibiotic exposure in 90d 3; previous resistant organism None known. Culture status Positive.",0,0.4906493,0,True Negative
PX-107970,ENC-20259469,True,2026-11-25 03:25:28,Clinical Patient 9470,66,Female,Not applicable,ICU,35,Discharged,Peritonitis,Intra-abdominal Infection,Enterococcus faecalis,37.9,94,99,57,96,31,21.6,Heart failure,Unknown,Normal,None known,,0,None in prior 90 days,0,None known,0.447,0.38,38.0,Medium,0.339,0.136,0.165,0.087,-0.02,-0.02,0.049,0.06,0.04,-0.02,"Clinical explanation: AMR risk is medium with prior antibiotic exposure=0, prior resistant organism=None known, and ward resistance rate=44.7%. Review feature attributions before making a clinical decision.",Piperacillin-Tazobactam,Cefepime + Vancomycin,69.2,No renal adjustment flag,No renal adjustment flag,Modify,Dose/frequency adjusted after clinical review,Cefepime + Vancomycin,Positive,2026-11-28 03:25:28,Enterococcus faecalis,None detected,Concordant,Treatment modified after deterioration,Yes,Standard scenario,"Admitted to ICU with Peritonitis from Intra-abdominal Infection. Initial vitals: T 37.9 C, HR 94, BP 99/57, SpO2 96%. History: Heart failure; kidney function Unknown; allergy None known; prior antibiotic exposure in 90d 0; previous resistant organism None known. Culture status Positive.",0,0.55601364,1,False Positive (Type I Error)
PX-100943,ENC-20259479,True,2026-11-25 20:34:19,Clinical Patient 9480,60,Female,Not applicable,ICU,28,Discharged,Aspiration pneumonia,Community-Acquired Pneumonia,P. aeruginosa,39.0,100,95,50,90,22,56.3,,Normal,Normal,Penicillin,Anaphylaxis,1,Piperacillin-Tazobactam,7,None known,0.469,0.827,82.7,High,0.582,0.283,0.48,0.431,0.02,-0.02,0.055,0.06,-0.02,0.05,"Clinical explanation: AMR risk is high with prior antibiotic exposure=1, prior resistant organism=None known, and ward resistance rate=46.9%. Review feature attributions before making a clinical decision.",Meropenem + Vancomycin,Ceftazidime-Avibactam,73.8,No renal adjustment flag,Documented Penicillin allergy,Accept,Clinician accepted the displayed first-line option,Meropenem + Vancomycin,Positive,2026-11-28 20:34:19,P. aeruginosa,MDR Pseudomonas,Concordant,Improved,No,Allergy/safety edge case,"Admitted to ICU with Aspiration pneumonia from Community-Acquired Pneumonia. Initial vitals: T 39.0 C, HR 100, BP 95/50, SpO2 90%. History: None; kidney function Normal; allergy Penicillin; prior antibiotic exposure in 90d 1; previous resistant organism None known. Culture status Positive.",1,0.67430687,1,True Positive
PX-102051,ENC-20259518,True,2026-11-28 04:06:22,Clinical Patient 9519,82,Male,Not applicable,General Medicine,4,Active Inpatient,Severe CAP,Community-Acquired Pneumonia,No organism identified,39.7,115,66,35,92,17,83.1,,Mild impairment,Moderate impairment,Penicillin,IgE-mediated,3,Piperacillin-Tazobactam,7,None known,0.381,0.752,75.2,High,0.529,0.411,0.732,0.285,0.1,-0.02,0.033,-0.02,-0.02,0.05,"Clinical explanation: AMR risk is high with prior antibiotic exposure=3, prior resistant organism=None known, and ward resistance rate=38.1%. Review feature attributions before making a clinical decision.",Meropenem + Vancomycin,Ceftazidime-Avibactam,82.6,Renal adjustment review required,Documented Penicillin allergy | Renal adjustment review required,Modify,Dose/frequency adjusted after clinical review,Ceftazidime-Avibactam,Positive,2026-12-01 04:06:22,P. aeruginosa,None detected,Discordant,Recovered,No,Renal impairment,"Admitted to General Medicine with Severe CAP from Community-Acquired Pneumonia. Initial vitals: T 39.7 C, HR 115, BP 66/35, SpO2 92%. History: None; kidney function Mild impairment; allergy Penicillin; prior antibiotic exposure in 90d 3; previous resistant organism None known. Culture status Positive.",0,0.6292527,1,False Positive (Type I Error)
PX-107141,ENC-20259526,True,2026-11-28 15:31:13,Clinical Patient 9527,62,Female,Not applicable,General Medicine,35,Transferred,Severe HAP,Hospital-Acquired Pneumonia,Enterobacter cloacae complex,39.3,153,109,68,86,23,37.6,,Normal,Normal,None known,,0,None prior,0,None known,0.312,0.633,63.3,High,0.599,0.393,0.421,0.153,-0.02,-0.02,0.015,-0.02,-0.02,0.05,"Clinical explanation: AMR risk is high with prior antibiotic exposure=0, prior resistant organism=None known, and ward resistance rate=31.2%. Review feature attributions before making a clinical decision.",Meropenem + Vancomycin,Ceftazidime-Avibactam,95.2,No renal adjustment flag,No renal adjustment flag,Modify,Dose/frequency adjusted after clinical review,Ceftazidime-Avibactam,Positive,2026-12-02 15:31:13,Enterobacter cloacae complex,None detected,Discordant,Improved,No,Missing/unknown clinical field,"Admitted to General Medicine with Severe HAP from Hospital-Acquired Pneumonia. Initial vitals: T 39.3 C, HR 153, BP 109/68, SpO2 86%. History: None; kidney function Normal; allergy None known; prior antibiotic exposure in 90d 0; previous resistant organism None known. Culture status Positive.",0,0.34354064,0,True Negative
PX-107643,ENC-20259537,True,2026-11-29 13:01:15,Clinical Patient 9538,71,Male,Not applicable,General Medicine,4,Discharged,Peritonitis,Intra-abdominal Infection,K. pneumoniae,37.5,106,136,82,95,21,13.5,,Normal,Normal,None known,,1,Meropenem,10,None known,0.266,0.542,54.2,Medium,0.466,0.352,0.294,0.346,0.02,-0.02,0.004,-0.02,-0.02,0.05,"Clinical explanation: AMR risk is medium with prior antibiotic exposure=1, prior resistant organism=None known, and ward resistance rate=26.6%. Review feature attributions before making a clinical decision.",Piperacillin-Tazobactam,Cefepime + Vancomycin,66.8,No renal adjustment flag,No renal adjustment flag,Accept,Clinician accepted the displayed first-line option,Piperacillin-Tazobactam,Positive,2026-12-01 13:01:15,K. pneumoniae,None detected,Discordant,Improved,No,Missing/unknown clinical field,"Admitted to General Medicine with Peritonitis from Intra-abdominal Infection. Initial vitals: T 37.5 C, HR 106, BP 136/82, SpO2 95%. History: None; kidney function Normal; allergy None known; prior antibiotic exposure in 90d 1; previous resistant organism None known. Culture status Positive.",0,0.4949186,0,True Negative
PX-101524,ENC-20259570,True,2026-12-02 01:36:16,Clinical Patient 9571,64,Female,Not applicable,Emergency Department,13,Active Inpatient,Peritonitis,Intra-abdominal Infection,No organism identified,36.6,65,157,93,94,19,32.2,,Normal,Normal,Penicillin,Mild/rash,0,None in prior 90 days,0,MRSA,0.24,0.548,54.8,Medium,0.495,0.355,0.525,0.328,-0.02,0.08,-0.003,-0.02,-0.02,-0.02,"Clinical explanation: AMR risk is medium with prior antibiotic exposure=0, prior resistant organism=MRSA, and ward resistance rate=24.0%. Review feature attributions before making a clinical decision.",Piperacillin-Tazobactam,Cefepime + Vancomycin,92.7,No renal adjustment flag,Documented Penicillin allergy,Accept,Clinician accepted the displayed first-line option,Piperacillin-Tazobactam,Positive,2026-12-06 01:36:16,S. aureus,None detected,Discordant,Recovered,No,Allergy/safety edge case,"Admitted to Emergency Department with Peritonitis from Intra-abdominal Infection. Initial vitals: T 36.6 C, HR 65, BP 157/93, SpO2 94%. History: None; kidney function Normal; allergy Penicillin; prior antibiotic exposure in 90d 0; previous resistant organism MRSA. Culture status Positive.",0,0.5640574,1,False Positive (Type I Error)
PX-107970,ENC-20259579,True,2026-12-02 17:39:43,Clinical Patient 9580,65,Female,Not applicable,General Medicine,16,Active Inpatient,Catheter-associated UTI,Urinary Tract Infection,K. pneumoniae,37.7,102,119,63,95,14,87.9,Hypertension,AKI,Normal,None known,,0,None in prior 90 days,0,None known,0.254,0.512,51.2,Medium,0.475,0.192,0.397,0.329,-0.02,-0.02,0.001,-0.02,0.04,-0.02,"Clinical explanation: AMR risk is medium with prior antibiotic exposure=0, prior resistant organism=None known, and ward resistance rate=25.4%. Review feature attributions before making a clinical decision.",Piperacillin-Tazobactam,Cefepime + Vancomycin,83.8,Renal adjustment review required,Renal adjustment review required,Accept,Clinician accepted the displayed first-line option,Piperacillin-Tazobactam,Positive,2026-12-06 17:39:43,K. pneumoniae,ESBL,Concordant,Recovered,No,Standard scenario,"Admitted to General Medicine with Catheter-associated UTI from Urinary Tract Infection. Initial vitals: T 37.7 C, HR 102, BP 119/63, SpO2 95%. History: Hypertension; kidney function AKI; allergy None known; prior antibiotic exposure in 90d 0; previous resistant organism None known. Culture status Positive.",1,0.3972856,0,False Negative (Type II Error - Critical Missed Resistance)
PX-107009,ENC-20259585,True,2026-12-03 04:48:38,Clinical Patient 9586,60,Female,Not applicable,ICU,12,Discharged,Cellulitis,Skin/Soft Tissue Infection,Mixed flora,38.1,124,82,54,90,17,15.1,Heart failure; Hypertension,Normal,Mild impairment,Penicillin,IgE-mediated,0,None in prior 90 days,0,None known,0.451,0.345,34.5,Medium,0.338,0.238,0.251,0.137,-0.02,-0.02,0.05,0.06,0.04,0.05,"Clinical explanation: AMR risk is medium with prior antibiotic exposure=0, prior resistant organism=None known, and ward resistance rate=45.1%. Review feature attributions before making a clinical decision.",Piperacillin-Tazobactam,Cefepime + Vancomycin,82.2,No renal adjustment flag,Documented Penicillin allergy,Accept,Clinician accepted the displayed first-line option,Piperacillin-Tazobactam,Positive,2026-12-06 04:48:38,Enterococcus faecalis,None detected,Concordant,Escalated care,Yes,Allergy/safety edge case,"Admitted to ICU with Cellulitis from Skin/Soft Tissue Infection. Initial vitals: T 38.1 C, HR 124, BP 82/54, SpO2 90%. History: Heart failure; Hypertension; kidney function Normal; allergy Penicillin; prior antibiotic exposure in 90d 0; previous resistant organism None known. Culture status Positive.",0,0.46463493,0,True Negative
PX-106667,ENC-20259586,True,2026-12-03 04:58:47,Clinical Patient 9587,47,Female,No,General Medicine,19,Active Inpatient,Early-onset VAP,Ventilator-Associated Pneumonia,Enterobacter cloacae complex,39.1,99,124,72,91,26,66.6,Cancer,Normal,Normal,None known,,1,Azithromycin,10,None known,0.218,0.613,61.3,High,0.603,0.401,0.469,0.348,0.02,-0.02,-0.008,-0.02,0.04,0.05,"Clinical explanation: AMR risk is high with prior antibiotic exposure=1, prior resistant organism=None known, and ward resistance rate=21.8%. Review feature attributions before making a clinical decision.",Meropenem + Vancomycin,Ceftazidime-Avibactam,82.1,No renal adjustment flag,No renal adjustment flag,Modify,Dose/frequency adjusted after clinical review,Ceftazidime-Avibactam,Positive,2026-12-06 04:58:47,Enterobacter cloacae complex,None detected,Discordant,Recovered,No,Standard scenario,"Admitted to General Medicine with Early-onset VAP from Ventilator-Associated Pneumonia. Initial vitals: T 39.1 C, HR 99, BP 124/72, SpO2 91%. History: Cancer; kidney function Normal; allergy None known; prior antibiotic exposure in 90d 1; previous resistant organism None known. Culture status Positive.",0,0.39341247,0,True Negative
PX-106737,ENC-20259623,True,2026-12-05 12:03:38,Clinical Patient 9624,52,Female,Not applicable,General Medicine,28,Discharged,HAP,Hospital-Acquired Pneumonia,E. coli,37.6,107,103,57,96,20,38.0,Hypertension; Liver disease,Normal,Normal,None known,,1,Piperacillin-Tazobactam,3,None known,0.236,0.66,66.0,High,0.608,0.27,0.494,0.244,0.02,-0.02,-0.004,-0.02,0.04,0.05,"Clinical explanation: AMR risk is high with prior antibiotic exposure=1, prior resistant organism=None known, and ward resistance rate=23.6%. Review feature attributions before making a clinical decision.",Meropenem + Vancomycin,Ceftazidime-Avibactam,66.3,No renal adjustment flag,No renal adjustment flag,Pending,Decision not yet recorded,Clinician-selected regimen,Positive,2026-12-09 12:03:38,E. coli,CRE,Concordant,Recovered,No,Standard scenario,"Admitted to General Medicine with HAP from Hospital-Acquired Pneumonia. Initial vitals: T 37.6 C, HR 107, BP 103/57, SpO2 96%. History: Hypertension; Liver disease; kidney function Normal; allergy None known; prior antibiotic exposure in 90d 1; previous resistant organism None known. Culture status Positive.",1,0.43156493,0,False Negative (Type II Error - Critical Missed Resistance)
PX-107693,ENC-20259633,True,2026-12-06 17:04:07,Clinical Patient 9634,57,Female,Not applicable,ICU,17,Active Inpatient,Late-onset VAP,Ventilator-Associated Pneumonia,P. aeruginosa,39.2,107,65,41,93,30,21.3,,Normal,Normal,Penicillin,Mild/rash,0,None prior,0,None known,0.311,0.358,35.8,Medium,0.343,0.191,0.147,0.25,-0.02,-0.02,0.015,0.06,-0.02,0.05,"Clinical explanation: AMR risk is medium with prior antibiotic exposure=0, prior resistant organism=None known, and ward resistance rate=31.1%. Review feature attributions before making a clinical decision.",Piperacillin-Tazobactam,Cefepime + Vancomycin,94.8,No renal adjustment flag,Documented Penicillin allergy,Accept,Clinician accepted the displayed first-line option,Piperacillin-Tazobactam,Positive,2026-12-07 17:04:07,P. aeruginosa,None detected,Concordant,Improved,No,Allergy/safety edge case,"Admitted to ICU with Late-onset VAP from Ventilator-Associated Pneumonia. Initial vitals: T 39.2 C, HR 107, BP 65/41, SpO2 93%. History: None; kidney function Normal; allergy Penicillin; prior antibiotic exposure in 90d 0; previous resistant organism None known. Culture status Positive.",0,0.4559742,0,True Negative
PX-108436,ENC-20259654,True,2026-12-07 22:30:15,Clinical Patient 9655,73,Male,Not applicable,General Medicine,13,Discharged,Diverticulitis with perforation,Intra-abdominal Infection,Mixed flora,39.5,104,129,76,95,14,12.9,Hypertension; Liver disease,Normal,Mild impairment,None known,,0,None in prior 90 days,0,None known,0.172,0.065,6.5,Low,0.061,0.024,0.034,0.028,-0.02,-0.02,-0.02,-0.02,0.04,0.05,"Clinical explanation: AMR risk is low with prior antibiotic exposure=0, prior resistant organism=None known, and ward resistance rate=17.2%. Review feature attributions before making a clinical decision.",Ceftriaxone,Cefepime,92.5,No renal adjustment flag,No renal adjustment flag,Accept,Clinician accepted the displayed first-line option,Ceftriaxone,Positive,2026-12-11 22:30:15,P. aeruginosa,None detected,Concordant,Improved,No,Standard scenario,"Admitted to General Medicine with Diverticulitis with perforation from Intra-abdominal Infection. Initial vitals: T 39.5 C, HR 104, BP 129/76, SpO2 95%. History: Hypertension; Liver disease; kidney function Normal; allergy None known; prior antibiotic exposure in 90d 0; previous resistant organism None known. Culture status Positive.",0,0.24167763,0,True Negative
PX-100271,ENC-20259655,True,2026-12-07 23:26:54,Clinical Patient 9656,37,Male,Not applicable,General Medicine,26,Transferred,VAP,Ventilator-Associated Pneumonia,Mixed flora,39.0,115,89,61,86,30,64.5,Heart failure,Moderate impairment,Normal,Penicillin,IgE-mediated,3,Meropenem,28,None known,0.254,0.864,86.4,High,0.949,0.343,0.562,0.254,0.1,-0.02,0.001,-0.02,0.04,0.05,"Clinical explanation: AMR risk is high with prior antibiotic exposure=3, prior resistant organism=None known, and ward resistance rate=25.4%. Review feature attributions before making a clinical decision.",Meropenem + Vancomycin,Ceftazidime-Avibactam,83.2,Renal adjustment review required,Documented Penicillin allergy | Renal adjustment review required,Accept,Clinician accepted the displayed first-line option,Meropenem + Vancomycin,Positive,2026-12-10 23:26:54,P. aeruginosa,MDR Pseudomonas,Concordant,Improved,No,Renal impairment,"Admitted to General Medicine with VAP from Ventilator-Associated Pneumonia. Initial vitals: T 39.0 C, HR 115, BP 89/61, SpO2 86%. History: Heart failure; kidney function Moderate impairment; allergy Penicillin; prior antibiotic exposure in 90d 3; previous resistant organism None known. Culture status Positive.",1,0.53435135,1,True Positive
PX-101389,ENC-20259688,True,2026-12-09 20:21:35,Clinical Patient 9689,34,Female,No,General Medicine,31,Active Inpatient,Complicated UTI,Urinary Tract Infection,Mixed flora,38.1,128,141,79,98,19,17.2,Liver disease,Moderate impairment,Normal,None known,,0,None prior,0,None known,0.19,0.132,13.2,Low,0.093,0.075,0.054,0.068,-0.02,-0.02,-0.015,-0.02,0.04,0.05,"Clinical explanation: AMR risk is low with prior antibiotic exposure=0, prior resistant organism=None known, and ward resistance rate=19.0%. Review feature attributions before making a clinical decision.",Ceftriaxone,Cefepime,88.3,Renal adjustment review required,Renal adjustment review required,Modify,Dose/frequency adjusted after clinical review,Cefepime,Positive,2026-12-11 20:21:35,E. coli,None detected,Concordant,Treatment modified after deterioration,Yes,Renal impairment,"Admitted to General Medicine with Complicated UTI from Urinary Tract Infection. Initial vitals: T 38.1 C, HR 128, BP 141/79, SpO2 98%. History: Liver disease; kidney function Moderate impairment; allergy None known; prior antibiotic exposure in 90d 0; previous resistant organism None known. Culture status Positive.",0,0.1946487,0,True Negative
PX-102466,ENC-20259702,True,2026-12-10 18:31:45,Clinical Patient 9703,53,Female,Not applicable,General Medicine,32,Discharged,CAP,Community-Acquired Pneumonia,Enterococcus faecalis,37.8,103,148,94,97,25,37.5,,Normal,Normal,Penicillin,,3,Ertapenem,3,None known,0.279,0.315,31.5,Medium,0.224,0.211,0.147,0.124,0.1,-0.02,0.007,-0.02,-0.02,-0.02,"Clinical explanation: AMR risk is medium with prior antibiotic exposure=3, prior resistant organism=None known, and ward resistance rate=27.9%. Review feature attributions before making a clinical decision.",Piperacillin-Tazobactam,Cefepime + Vancomycin,94.3,No renal adjustment flag,Documented Penicillin allergy,Accept,Clinician accepted the displayed first-line option,Piperacillin-Tazobactam,Positive,2026-12-13 18:31:45,Enterococcus faecalis,Other MDR,Discordant,No documented outcome,No,Allergy/safety edge case,"Admitted to General Medicine with CAP from Community-Acquired Pneumonia. Initial vitals: T 37.8 C, HR 103, BP 148/94, SpO2 97%. History: None; kidney function Normal; allergy Penicillin; prior antibiotic exposure in 90d 3; previous resistant organism None known. Culture status Positive.",1,0.38600534,0,False Negative (Type II Error - Critical Missed Resistance)
PX-104133,ENC-20259721,True,2026-12-12 14:14:48,Clinical Patient 9722,56,Male,Not applicable,Surgical Ward,25,Discharged,Late-onset VAP,Ventilator-Associated Pneumonia,K. pneumoniae,35.4,96,85,52,92,22,32.7,COPD; Heart failure; Hypertension,Normal,Normal,None known,,1,Amoxicillin-Clavulanate,10,MRSA,0.315,0.881,88.1,High,0.915,0.573,0.692,0.331,0.02,0.08,0.016,-0.02,0.04,-0.02,"Clinical explanation: AMR risk is high with prior antibiotic exposure=1, prior resistant organism=MRSA, and ward resistance rate=31.5%. Review feature attributions before making a clinical decision.",Meropenem + Vancomycin,Ceftazidime-Avibactam,75.4,No renal adjustment flag,No renal adjustment flag,Accept,Clinician accepted the displayed first-line option,Meropenem + Vancomycin,Positive,2026-12-14 14:14:48,K. pneumoniae,ESBL,Concordant,Recovered,No,Prior resistant organism,"Admitted to Surgical Ward with Late-onset VAP from Ventilator-Associated Pneumonia. Initial vitals: T 35.4 C, HR 96, BP 85/52, SpO2 92%. History: COPD; Heart failure; Hypertension; kidney function Normal; allergy None known; prior antibiotic exposure in 90d 1; previous resistant organism MRSA. Culture status Positive.",1,0.7975335,1,True Positive
PX-105370,ENC-20259722,True,2026-12-12 14:32:09,Clinical Patient 9723,80,Female,Not applicable,General Medicine,38,Discharged,Biliary tract infection,Intra-abdominal Infection,P. aeruginosa,38.0,117,93,51,95,19,55.0,,Normal,Normal,None known,,4,Ciprofloxacin,7,None known,0.205,0.407,40.7,Medium,0.345,0.26,0.27,0.09,0.14,-0.02,-0.011,-0.02,-0.02,0.05,"Clinical explanation: AMR risk is medium with prior antibiotic exposure=4, prior resistant organism=None known, and ward resistance rate=20.5%. Review feature attributions before making a clinical decision.",Piperacillin-Tazobactam,Cefepime + Vancomycin,84.3,No renal adjustment flag,No renal adjustment flag,Accept,Clinician accepted the displayed first-line option,Piperacillin-Tazobactam,Positive,2026-12-13 14:32:09,P. aeruginosa,None detected,Concordant,Recovered,No,Missing/unknown clinical field,"Admitted to General Medicine with Biliary tract infection from Intra-abdominal Infection. Initial vitals: T 38.0 C, HR 117, BP 93/51, SpO2 95%. History: None; kidney function Normal; allergy None known; prior antibiotic exposure in 90d 4; previous resistant organism None known. Culture status Positive.",0,0.52617055,1,False Positive (Type I Error)
PX-103972,ENC-20259723,True,2026-12-12 15:25:00,Clinical Patient 9724,61,Female,Not applicable,Emergency Department,11,Active Inpatient,Pyelonephritis,Urinary Tract Infection,Enterococcus faecalis,38.6,110,128,71,99,15,19.6,Cancer,Mild impairment,Mild impairment,None known,,0,None in prior 90 days,0,None known,0.271,0.047,4.7,Low,0.047,0.031,0.02,0.021,-0.02,-0.02,0.005,-0.02,0.04,0.05,"Clinical explanation: AMR risk is low with prior antibiotic exposure=0, prior resistant organism=None known, and ward resistance rate=27.1%. Review feature attributions before making a clinical decision.",Ceftriaxone,Cefepime,80.3,Renal adjustment review required,Renal adjustment review required,Accept,Clinician accepted the displayed first-line option,Ceftriaxone,Positive,2026-12-15 15:25:00,Enterococcus faecalis,None detected,Concordant,Recovered,No,Renal impairment,"Admitted to Emergency Department with Pyelonephritis from Urinary Tract Infection. Initial vitals: T 38.6 C, HR 110, BP 128/71, SpO2 99%. History: Cancer; kidney function Mild impairment; allergy None known; prior antibiotic exposure in 90d 0; previous resistant organism None known. Culture status Positive.",0,0.36268872,0,True Negative
PX-105295,ENC-20259724,True,2026-12-12 20:56:30,Clinical Patient 9725,67,Female,Not applicable,ICU,28,Active Inpatient,Superficial SSI,Surgical Site Infection,K. pneumoniae,38.8,107,104,55,93,25,47.2,Cancer,Normal,Normal,Penicillin,IgE-mediated,0,None prior,0,None known,0.392,0.512,51.2,Medium,0.476,0.274,0.226,0.265,-0.02,-0.02,0.036,0.06,0.04,0.05,"Clinical explanation: AMR risk is medium with prior antibiotic exposure=0, prior resistant organism=None known, and ward resistance rate=39.2%. Review feature attributions before making a clinical decision.",Piperacillin-Tazobactam,Cefepime + Vancomycin,71.4,No renal adjustment flag,Documented Penicillin allergy,Accept,Clinician accepted the displayed first-line option,Piperacillin-Tazobactam,Positive,2026-12-13 20:56:30,K. pneumoniae,None detected,Discordant,Improved,No,Allergy/safety edge case,"Admitted to ICU with Superficial SSI from Surgical Site Infection. Initial vitals: T 38.8 C, HR 107, BP 104/55, SpO2 93%. History: Cancer; kidney function Normal; allergy Penicillin; prior antibiotic exposure in 90d 0; previous resistant organism None known. Culture status Positive.",0,0.5238394,1,False Positive (Type I Error)
PX-102396,ENC-20259731,True,2026-12-13 06:00:57,Clinical Patient 9732,75,Female,Not applicable,General Medicine,8,Transferred,Biliary tract infection,Intra-abdominal Infection,Mixed flora,38.7,117,93,63,95,16,17.7,,Normal,Normal,None known,,5,Ceftriaxone + Azithromycin,7,MRSA,0.269,0.54,54.0,Medium,0.537,0.331,0.423,0.163,0.18,0.08,0.005,-0.02,-0.02,0.05,"Clinical explanation: AMR risk is medium with prior antibiotic exposure=5, prior resistant organism=MRSA, and ward resistance rate=26.9%. Review feature attributions before making a clinical decision.",Piperacillin-Tazobactam,Cefepime + Vancomycin,70.3,No renal adjustment flag,No renal adjustment flag,Accept,Clinician accepted the displayed first-line option,Piperacillin-Tazobactam,Positive,2026-12-17 06:00:57,E. coli,None detected,Discordant,Improved,No,Prior resistant organism,"Admitted to General Medicine with Biliary tract infection from Intra-abdominal Infection. Initial vitals: T 38.7 C, HR 117, BP 93/63, SpO2 95%. History: None; kidney function Normal; allergy None known; prior antibiotic exposure in 90d 5; previous resistant organism MRSA. Culture status Positive.",0,0.80005914,1,False Positive (Type I Error)
PX-104799,ENC-20259787,True,2026-12-17 06:39:26,Clinical Patient 9788,60,Male,Not applicable,Emergency Department,38,Transferred,HAP,Hospital-Acquired Pneumonia,E. coli,39.6,135,94,63,84,22,38.7,CKD,Moderate impairment,Normal,None known,,1,Amoxicillin-Clavulanate,28,None known,0.148,0.471,47.1,Medium,0.424,0.298,0.245,0.297,0.02,-0.02,-0.026,-0.02,0.04,0.05,"Clinical explanation: AMR risk is medium with prior antibiotic exposure=1, prior resistant organism=None known, and ward resistance rate=14.8%. Review feature attributions before making a clinical decision.",Piperacillin-Tazobactam,Cefepime + Vancomycin,91.6,Renal adjustment review required,Renal adjustment review required,Accept,Clinician accepted the displayed first-line option,Piperacillin-Tazobactam,Positive,2026-12-18 06:39:26,E. coli,None detected,Concordant,Recovered,No,Renal impairment,"Admitted to Emergency Department with HAP from Hospital-Acquired Pneumonia. Initial vitals: T 39.6 C, HR 135, BP 94/63, SpO2 84%. History: CKD; kidney function Moderate impairment; allergy None known; prior antibiotic exposure in 90d 1; previous resistant organism None known. Culture status Positive.",0,0.54457045,1,False Positive (Type I Error)
PX-105043,ENC-20259792,True,2026-12-17 10:29:26,Clinical Patient 9793,82,Female,Not applicable,Surgical Ward,36,Discharged,Diverticulitis with perforation,Intra-abdominal Infection,S. aureus,38.6,84,130,80,97,16,8.1,,Moderate impairment,Mild impairment,None known,,1,Piperacillin-Tazobactam,5,None known,0.263,0.506,50.6,Medium,0.483,0.227,0.28,0.164,0.02,-0.02,0.003,-0.02,-0.02,0.05,"Clinical explanation: AMR risk is medium with prior antibiotic exposure=1, prior resistant organism=None known, and ward resistance rate=26.3%. Review feature attributions before making a clinical decision.",Piperacillin-Tazobactam,Cefepime + Vancomycin,91.8,Renal adjustment review required,Renal adjustment review required,Accept,Clinician accepted the displayed first-line option,Piperacillin-Tazobactam,Positive,2026-12-20 10:29:26,S. aureus,None detected,Discordant,Treatment modified after deterioration,Yes,Renal impairment,"Admitted to Surgical Ward with Diverticulitis with perforation from Intra-abdominal Infection. Initial vitals: T 38.6 C, HR 84, BP 130/80, SpO2 97%. History: None; kidney function Moderate impairment; allergy None known; prior antibiotic exposure in 90d 1; previous resistant organism None known. Culture status Positive.",0,0.38814807,0,True Negative
PX-101682,ENC-20259815,True,2026-12-19 04:09:00,Clinical Patient 9816,32,Female,No,General Medicine,37,Active Inpatient,HAP,Hospital-Acquired Pneumonia,K. pneumoniae,39.4,107,91,65,87,25,36.6,,Normal,Normal,None known,,1,Vancomycin,5,None known,0.281,0.413,41.3,Medium,0.29,0.158,0.361,0.27,0.02,-0.02,0.008,-0.02,-0.02,0.05,"Clinical explanation: AMR risk is medium with prior antibiotic exposure=1, prior resistant organism=None known, and ward resistance rate=28.1%. Review feature attributions before making a clinical decision.",Piperacillin-Tazobactam,Cefepime + Vancomycin,67.8,No renal adjustment flag,No renal adjustment flag,Override,Alternative source-control plan,Clinician-selected regimen,Positive,2026-12-21 04:09:00,K. pneumoniae,None detected,Concordant,Recovered,No,Missing/unknown clinical field,"Admitted to General Medicine with HAP from Hospital-Acquired Pneumonia. Initial vitals: T 39.4 C, HR 107, BP 91/65, SpO2 87%. History: None; kidney function Normal; allergy None known; prior antibiotic exposure in 90d 1; previous resistant organism None known. Culture status Positive.",0,0.43719122,0,True Negative
PX-101875,ENC-20259845,True,2026-12-21 06:02:18,Clinical Patient 9846,70,Male,Not applicable,General Medicine,31,Active Inpatient,Late-onset VAP,Ventilator-Associated Pneumonia,Enterococcus faecalis,35.5,120,100,53,92,26,41.1,Immunosuppression,Normal,Mild impairment,Penicillin,Mild/rash,0,None in prior 90 days,0,None known,0.361,0.416,41.6,Medium,0.457,0.128,0.41,0.162,-0.02,-0.02,0.028,-0.02,0.04,0.05,"Clinical explanation: AMR risk is medium with prior antibiotic exposure=0, prior resistant organism=None known, and ward resistance rate=36.1%. Review feature attributions before making a clinical decision.",Piperacillin-Tazobactam,Cefepime + Vancomycin,81.0,No renal adjustment flag,Documented Penicillin allergy,Accept,Clinician accepted the displayed first-line option,Piperacillin-Tazobactam,Positive,2026-12-25 06:02:18,Enterococcus faecalis,Other MDR,Discordant,Improved,No,Allergy/safety edge case,"Admitted to General Medicine with Late-onset VAP from Ventilator-Associated Pneumonia. Initial vitals: T 35.5 C, HR 120, BP 100/53, SpO2 92%. History: Immunosuppression; kidney function Normal; allergy Penicillin; prior antibiotic exposure in 90d 0; previous resistant organism None known. Culture status Positive.",1,0.34818217,0,False Negative (Type II Error - Critical Missed Resistance)
PX-108357,ENC-20259859,True,2026-12-21 22:04:42,Clinical Patient 9860,76,Female,Not applicable,General Medicine,31,Active Inpatient,Urosepsis,Urinary Tract Infection,S. aureus,35.5,110,92,64,95,20,117.5,COPD,Normal,Normal,None known,,2,Ceftriaxone,28,None known,0.209,0.758,75.8,High,0.587,0.577,0.336,0.293,0.06,-0.02,-0.01,-0.02,0.04,0.05,"Clinical explanation: AMR risk is high with prior antibiotic exposure=2, prior resistant organism=None known, and ward resistance rate=20.9%. Review feature attributions before making a clinical decision.",Meropenem + Vancomycin,Ceftazidime-Avibactam,90.1,No renal adjustment flag,No renal adjustment flag,Accept,Clinician accepted the displayed first-line option,Meropenem + Vancomycin,Positive,2026-12-22 22:04:42,S. aureus,None detected,Discordant,Recovered,No,Standard scenario,"Admitted to General Medicine with Urosepsis from Urinary Tract Infection. Initial vitals: T 35.5 C, HR 110, BP 92/64, SpO2 95%. History: COPD; kidney function Normal; allergy None known; prior antibiotic exposure in 90d 2; previous resistant organism None known. Culture status Positive.",0,0.55133426,1,False Positive (Type I Error)
PX-103496,ENC-20259864,True,2026-12-22 06:49:21,Clinical Patient 9865,69,Male,Not applicable,ICU,27,Active Inpatient,Complicated intra-abdominal infection,Intra-abdominal Infection,No organism identified,39.7,120,75,46,91,26,30.0,,Severe impairment,Normal,None known,,2,Azithromycin,14,None known,0.387,0.8,80.0,High,0.82,0.396,0.665,0.22,0.06,-0.02,0.034,0.06,-0.02,0.05,"Clinical explanation: AMR risk is high with prior antibiotic exposure=2, prior resistant organism=None known, and ward resistance rate=38.7%. Review feature attributions before making a clinical decision.",Meropenem + Vancomycin,Ceftazidime-Avibactam,86.4,Renal adjustment review required,Renal adjustment review required,Accept,Clinician accepted the displayed first-line option,Meropenem + Vancomycin,Positive,2026-12-23 06:49:21,Enterococcus faecalis,ESBL,Concordant,Improved,No,Renal impairment,"Admitted to ICU with Complicated intra-abdominal infection from Intra-abdominal Infection. Initial vitals: T 39.7 C, HR 120, BP 75/46, SpO2 91%. History: None; kidney function Severe impairment; allergy None known; prior antibiotic exposure in 90d 2; previous resistant organism None known. Culture status Positive.",1,0.6651329,1,True Positive
PX-102720,ENC-20259871,True,2026-12-23 08:02:37,Clinical Patient 9872,63,Male,Not applicable,General Medicine,35,Active Inpatient,Appendicitis with abscess,Intra-abdominal Infection,Enterobacter cloacae complex,37.7,79,120,75,97,18,26.1,,Normal,Mild impairment,None known,,1,Azithromycin,5,MRSA,0.232,0.739,73.9,High,0.748,0.35,0.456,0.38,0.02,0.08,-0.004,-0.02,-0.02,-0.02,"Clinical explanation: AMR risk is high with prior antibiotic exposure=1, prior resistant organism=MRSA, and ward resistance rate=23.2%. Review feature attributions before making a clinical decision.",Meropenem + Vancomycin,Ceftazidime-Avibactam,65.7,No renal adjustment flag,No renal adjustment flag,Override,Alternative source-control plan,Clinician-selected regimen,Positive,2026-12-27 08:02:37,Enterobacter cloacae complex,CRE,Concordant,Treatment modified after deterioration,Yes,Prior resistant organism,"Admitted to General Medicine with Appendicitis with abscess from Intra-abdominal Infection. Initial vitals: T 37.7 C, HR 79, BP 120/75, SpO2 97%. History: None; kidney function Normal; allergy None known; prior antibiotic exposure in 90d 1; previous resistant organism MRSA. Culture status Positive.",1,0.68322265,1,True Positive
PX-101949,ENC-20259876,True,2026-12-23 14:17:49,Clinical Patient 9877,81,Female,Not applicable,Surgical Ward,1,Active Inpatient,CAP,Community-Acquired Pneumonia,S. aureus,39.4,123,87,55,98,24,64.0,,Normal,Normal,None known,,2,Ertapenem,10,MDR Pseudomonas,0.275,0.921,92.1,High,0.778,0.425,0.425,0.601,0.06,0.08,0.006,-0.02,-0.02,0.05,"Clinical explanation: AMR risk is high with prior antibiotic exposure=2, prior resistant organism=MDR Pseudomonas, and ward resistance rate=27.5%. Review feature attributions before making a clinical decision.",Meropenem + Vancomycin,Ceftazidime-Avibactam,83.9,No renal adjustment flag,No renal adjustment flag,Modify,Dose/frequency adjusted after clinical review,Ceftazidime-Avibactam,Positive,2026-12-24 14:17:49,S. aureus,MRSA,Concordant,Improved,No,Prior resistant organism,"Admitted to Surgical Ward with CAP from Community-Acquired Pneumonia. Initial vitals: T 39.4 C, HR 123, BP 87/55, SpO2 98%. History: None; kidney function Normal; allergy None known; prior antibiotic exposure in 90d 2; previous resistant organism MDR Pseudomonas. Culture status Positive.",1,0.75296533,1,True Positive
PX-107833,ENC-20259878,True,2026-12-23 16:10:59,Clinical Patient 9879,47,Female,No,General Medicine,23,Discharged,Early-onset VAP,Ventilator-Associated Pneumonia,E. coli,35.4,120,106,62,90,21,174.8,Diabetes,Normal,Normal,Penicillin,IgE-mediated,0,None in prior 90 days,0,None known,0.316,0.389,38.9,Medium,0.338,0.317,0.327,0.129,-0.02,-0.02,0.017,-0.02,0.04,0.05,"Clinical explanation: AMR risk is medium with prior antibiotic exposure=0, prior resistant organism=None known, and ward resistance rate=31.6%. Review feature attributions before making a clinical decision.",Piperacillin-Tazobactam,Cefepime + Vancomycin,95.2,No renal adjustment flag,Documented Penicillin allergy,Accept,Clinician accepted the displayed first-line option,Piperacillin-Tazobactam,Positive,2026-12-26 16:10:59,E. coli,CRE,Discordant,Recovered,No,Allergy/safety edge case,"Admitted to General Medicine with Early-onset VAP from Ventilator-Associated Pneumonia. Initial vitals: T 35.4 C, HR 120, BP 106/62, SpO2 90%. History: Diabetes; kidney function Normal; allergy Penicillin; prior antibiotic exposure in 90d 0; previous resistant organism None known. Culture status Positive.",1,0.25804582,0,False Negative (Type II Error - Critical Missed Resistance)
PX-101925,ENC-20259890,True,2026-12-25 00:00:18,Clinical Patient 9891,72,Male,Not applicable,General Medicine,13,Active Inpatient,CAP,Community-Acquired Pneumonia,Enterococcus faecalis,39.2,97,109,63,88,26,12.2,,Mild impairment,Normal,Cephalosporin,Mild/rash,0,None prior,0,None known,0.256,0.273,27.3,Low,0.274,0.163,0.219,0.072,-0.02,-0.02,0.002,-0.02,-0.02,0.05,"Clinical explanation: AMR risk is low with prior antibiotic exposure=0, prior resistant organism=None known, and ward resistance rate=25.6%. Review feature attributions before making a clinical decision.",Ceftriaxone,Cefepime,95.9,Renal adjustment review required,Documented Cephalosporin allergy | Renal adjustment review required,Modify,Dose/frequency adjusted after clinical review,Cefepime,Positive,2026-12-26 00:00:18,Enterococcus faecalis,None detected,Concordant,Recovered,No,Renal impairment,"Admitted to General Medicine with CAP from Community-Acquired Pneumonia. Initial vitals: T 39.2 C, HR 97, BP 109/63, SpO2 88%. History: None; kidney function Mild impairment; allergy Cephalosporin; prior antibiotic exposure in 90d 0; previous resistant organism None known. Culture status Positive.",0,0.2826668,0,True Negative
PX-104109,ENC-20259909,True,2026-12-26 07:57:48,Clinical Patient 9910,62,Male,Not applicable,Emergency Department,39,Active Inpatient,Complicated intra-abdominal infection,Intra-abdominal Infection,Mixed flora,35.9,125,93,54,95,14,36.4,COPD; Hypertension; Liver disease,Normal,Normal,Penicillin,,2,Ciprofloxacin,3,None known,0.15,0.55,55.0,Medium,0.487,0.22,0.22,0.423,0.06,-0.02,-0.025,-0.02,0.04,0.05,"Clinical explanation: AMR risk is medium with prior antibiotic exposure=2, prior resistant organism=None known, and ward resistance rate=15.0%. Review feature attributions before making a clinical decision.",Piperacillin-Tazobactam,Cefepime + Vancomycin,77.6,No renal adjustment flag,Documented Penicillin allergy,Accept,Clinician accepted the displayed first-line option,Piperacillin-Tazobactam,Positive,2026-12-27 07:57:48,K. pneumoniae,None detected,Discordant,Recovered,No,Allergy/safety edge case,"Admitted to Emergency Department with Complicated intra-abdominal infection from Intra-abdominal Infection. Initial vitals: T 35.9 C, HR 125, BP 93/54, SpO2 95%. History: COPD; Hypertension; Liver disease; kidney function Normal; allergy Penicillin; prior antibiotic exposure in 90d 2; previous resistant organism None known. Culture status Positive.",0,0.41825217,0,True Negative
PX-100661,ENC-20259923,True,2026-12-27 00:10:23,Clinical Patient 9924,56,Male,Not applicable,Surgical Ward,2,Discharged,Appendicitis with abscess,Intra-abdominal Infection,No organism identified,37.3,89,125,63,95,22,9.9,Liver disease,Mild impairment,Normal,None known,,0,None prior,0,None known,0.377,0.645,64.5,High,0.606,0.458,0.443,0.377,-0.02,-0.02,0.032,-0.02,0.04,-0.02,"Clinical explanation: AMR risk is high with prior antibiotic exposure=0, prior resistant organism=None known, and ward resistance rate=37.7%. Review feature attributions before making a clinical decision.",Meropenem + Vancomycin,Ceftazidime-Avibactam,87.7,Renal adjustment review required,Renal adjustment review required,Override,Alternative source-control plan,Clinician-selected regimen,Positive,2026-12-28 00:10:23,S. aureus,MRSA,Concordant,Recovered,No,Renal impairment,"Admitted to Surgical Ward with Appendicitis with abscess from Intra-abdominal Infection. Initial vitals: T 37.3 C, HR 89, BP 125/63, SpO2 95%. History: Liver disease; kidney function Mild impairment; allergy None known; prior antibiotic exposure in 90d 0; previous resistant organism None known. Culture status Positive.",1,0.28628922,0,False Negative (Type II Error - Critical Missed Resistance)
PX-100956,ENC-20259931,True,2026-12-27 07:27:53,Clinical Patient 9932,24,Female,No,Surgical Ward,13,Discharged,Severe HAP,Hospital-Acquired Pneumonia,Mixed flora,37.9,126,104,61,93,19,70.8,,Mild impairment,Normal,None known,,0,None prior,0,None known,0.277,0.272,27.2,Low,0.254,0.219,0.243,0.143,-0.02,-0.02,0.007,-0.02,-0.02,0.05,"Clinical explanation: AMR risk is low with prior antibiotic exposure=0, prior resistant organism=None known, and ward resistance rate=27.7%. Review feature attributions before making a clinical decision.",Ceftriaxone,Cefepime,71.5,Renal adjustment review required,Renal adjustment review required,Accept,Clinician accepted the displayed first-line option,Ceftriaxone,Positive,2026-12-29 07:27:53,S. aureus,None detected,Concordant,Improved,No,Renal impairment,"Admitted to Surgical Ward with Severe HAP from Hospital-Acquired Pneumonia. Initial vitals: T 37.9 C, HR 126, BP 104/61, SpO2 93%. History: None; kidney function Mild impairment; allergy None known; prior antibiotic exposure in 90d 0; previous resistant organism None known. Culture status Positive.",0,0.27007058,0,True Negative
PX-100619,ENC-20259996,True,2027-01-01 08:40:34,Clinical Patient 9997,68,Female,Not applicable,General Medicine,33,Active Inpatient,Aspiration pneumonia,Community-Acquired Pneumonia,S. aureus,37.2,80,128,74,90,24,15.5,Heart failure,Normal,Normal,Multiple antibiotics,IgE-mediated,0,None in prior 90 days,0,None known,0.328,0.159,15.9,Low,0.159,0.083,0.08,0.118,-0.02,-0.02,0.02,-0.02,0.04,-0.02,"Clinical explanation: AMR risk is low with prior antibiotic exposure=0, prior resistant organism=None known, and ward resistance rate=32.8%. Review feature attributions before making a clinical decision.",Ceftriaxone,Cefepime,90.6,No renal adjustment flag,Documented Multiple antibiotics allergy,Modify,Dose/frequency adjusted after clinical review,Cefepime,Positive,2027-01-05 08:40:34,S. aureus,None detected,Concordant,Improved,No,Allergy/safety edge case,"Admitted to General Medicine with Aspiration pneumonia from Community-Acquired Pneumonia. Initial vitals: T 37.2 C, HR 80, BP 128/74, SpO2 90%. History: Heart failure; kidney function Normal; allergy Multiple antibiotics; prior antibiotic exposure in 90d 0; previous resistant organism None known. Culture status Positive.",0,0.3016289,0,True Negative
PX-100956,ENC-20259998,True,2027-01-01 09:26:20,Clinical Patient 9999,71,Female,Not applicable,General Medicine,29,Transferred,Wound infection,Skin/Soft Tissue Infection,Mixed flora,39.4,87,130,73,96,18,9.2,Heart failure,Normal,Normal,None known,,0,None in prior 90 days,0,None known,0.234,0.147,14.7,Low,0.154,0.047,0.071,0.048,-0.02,-0.02,-0.004,-0.02,0.04,0.05,"Clinical explanation: AMR risk is low with prior antibiotic exposure=0, prior resistant organism=None known, and ward resistance rate=23.4%. Review feature attributions before making a clinical decision.",Ceftriaxone,Cefepime,81.2,No renal adjustment flag,No renal adjustment flag,Accept,Clinician accepted the displayed first-line option,Ceftriaxone,Positive,2027-01-03 09:26:20,Enterococcus faecalis,Other MDR,Discordant,Recovered,No,Standard scenario,"Admitted to General Medicine with Wound infection from Skin/Soft Tissue Infection. Initial vitals: T 39.4 C, HR 87, BP 130/73, SpO2 96%. History: Heart failure; kidney function Normal; allergy None known; prior antibiotic exposure in 90d 0; previous resistant organism None known. Culture status Positive.",1,0.23756771,0,False Negative (Type II Error - Critical Missed Resistance)
