patient_id,encounter_id,validated_record,admission_datetime,patient_name,age_years,sex,pregnancy_status,ward,bed,patient_status,primary_diagnosis,infection_source,suspected_pathogen,temperature_c,heart_rate_bpm,systolic_bp_mmhg,diastolic_bp_mmhg,spo2_percent,respiratory_rate_bpm,crp_mg_l,comorbidities,kidney_function,liver_function,drug_allergy,allergy_severity,prior_antibiotic_exposure_count_90d,prior_antibiotic_90d,prior_antibiotic_days,prior_resistant_organism,ward_endemic_resistance_rate,amr_probability,amr_probability_percent,amr_risk_category,esbl_ecoli_kp_probability,mrsa_probability,mdr_pseudomonas_probability,cre_probability,shap_prior_antibiotic,shap_prior_resistant_culture,shap_ward_resistance,shap_icu,shap_comorbidity,shap_vitals,ai_explanation,ai_first_line_option,ai_alternative_option,coverage_score_percent,renal_safety_note,safety_warnings,doctor_decision,doctor_decision_rationale,current_empiric_regimen,culture_status,culture_collection_datetime,culture_pathogen,resistance_phenotype,culture_match_to_predicted_risk,treatment_outcome,deterioration_flag,edge_case_flag,clinical_note_for_llm,y_true,y_prob,y_pred,error_taxonomy_category
PX-100038,ENC-20250038,True,2025-01-03 16:56:22,Clinical Patient 0039,44,Male,Not applicable,General Medicine,9,Active Inpatient,Severe HAP,Hospital-Acquired Pneumonia,Mixed flora,38.7,130,83,56,90,20,49.9,Immunosuppression,AKI,Normal,Cephalosporin,Mild/rash,0,None in prior 90 days,0,None known,0.277,0.582,58.2,Medium,0.481,0.443,0.343,0.151,-0.02,-0.02,0.007,-0.02,0.04,0.05,"Clinical explanation: AMR risk is medium with prior antibiotic exposure=0, prior resistant organism=None known, and ward resistance rate=27.7%. Review feature attributions before making a clinical decision.",Piperacillin-Tazobactam,Cefepime + Vancomycin,76.7,Renal adjustment review required,Documented Cephalosporin allergy | Renal adjustment review required,Accept,Clinician accepted the displayed first-line option,Piperacillin-Tazobactam,Positive,2025-01-04 16:56:22,E. coli,CRE,Concordant,Improved,No,Allergy/safety edge case,"Admitted to General Medicine with Severe HAP from Hospital-Acquired Pneumonia. Initial vitals: T 38.7 C, HR 130, BP 83/56, SpO2 90%. History: Immunosuppression; kidney function AKI; allergy Cephalosporin; prior antibiotic exposure in 90d 0; previous resistant organism None known. Culture status Positive.",1,0.3181818127632141,0,2. Prior-History Limitation (Zero Recorded 90-Day Exposure)
PX-100084,ENC-20250084,True,2025-01-07 04:30:33,Clinical Patient 0085,48,Male,Not applicable,Surgical Ward,5,Active Inpatient,Appendicitis with abscess,Intra-abdominal Infection,No organism identified,38.8,70,103,66,98,12,5.1,COPD; Cancer; Hypertension,Normal,Normal,Multiple antibiotics,Mild/rash,1,Cefepime,10,None known,0.296,0.578,57.8,Medium,0.447,0.38,0.35,0.445,0.02,-0.02,0.011,-0.02,0.04,0.05,"Clinical explanation: AMR risk is medium with prior antibiotic exposure=1, prior resistant organism=None known, and ward resistance rate=29.6%. Review feature attributions before making a clinical decision.",Piperacillin-Tazobactam,Cefepime + Vancomycin,73.5,No renal adjustment flag,Documented Multiple antibiotics allergy,Modify,Dose/frequency adjusted after clinical review,Cefepime + Vancomycin,Positive,2025-01-10 04:30:33,K. pneumoniae,ESBL,Concordant,Improved,No,Allergy/safety edge case,"Admitted to Surgical Ward with Appendicitis with abscess from Intra-abdominal Infection. Initial vitals: T 38.8 C, HR 70, BP 103/66, SpO2 98%. History: COPD; Cancer; Hypertension; kidney function Normal; allergy Multiple antibiotics; prior antibiotic exposure in 90d 1; previous resistant organism None known. Culture status Positive.",1,0.40740740299224854,0,5. Borderline Probability / Multifactorial Attenuation
PX-100358,ENC-20250358,True,2025-01-25 06:58:49,Clinical Patient 0359,40,Male,Not applicable,Surgical Ward,23,Discharged,Biliary tract infection,Intra-abdominal Infection,P. aeruginosa,38.1,95,165,98,95,23,89.0,CKD,Normal,Mild impairment,None known,,0,None in prior 90 days,0,None known,0.299,0.676,67.6,High,0.706,0.417,0.373,0.163,-0.02,-0.02,0.012,-0.02,0.04,-0.02,"Clinical explanation: AMR risk is high with prior antibiotic exposure=0, prior resistant organism=None known, and ward resistance rate=29.9%. Review feature attributions before making a clinical decision.",Meropenem + Vancomycin,Ceftazidime-Avibactam,72.7,No renal adjustment flag,No renal adjustment flag,Accept,Clinician accepted the displayed first-line option,Meropenem + Vancomycin,Positive,2025-01-29 06:58:49,P. aeruginosa,MDR Pseudomonas,Concordant,Recovered,No,Standard scenario,"Admitted to Surgical Ward with Biliary tract infection from Intra-abdominal Infection. Initial vitals: T 38.1 C, HR 95, BP 165/98, SpO2 95%. History: CKD; kidney function Normal; allergy None known; prior antibiotic exposure in 90d 0; previous resistant organism None known. Culture status Positive.",1,0.4166666567325592,0,2. Prior-History Limitation (Zero Recorded 90-Day Exposure)
PX-100394,ENC-20250394,True,2025-01-28 02:52:16,Clinical Patient 0395,28,Male,Not applicable,Emergency Department,25,Discharged,CAP,Community-Acquired Pneumonia,E. coli,38.5,77,147,93,91,27,32.4,COPD,Normal,Normal,None known,,0,None in prior 90 days,0,None known,0.258,0.265,26.5,Low,0.24,0.238,0.255,0.094,-0.02,-0.02,0.002,-0.02,0.04,-0.02,"Clinical explanation: AMR risk is low with prior antibiotic exposure=0, prior resistant organism=None known, and ward resistance rate=25.8%. Review feature attributions before making a clinical decision.",Ceftriaxone,Cefepime,83.8,No renal adjustment flag,No renal adjustment flag,Accept,Clinician accepted the displayed first-line option,Ceftriaxone,Positive,2025-02-01 02:52:16,E. coli,ESBL,Discordant,Recovered,No,Standard scenario,"Admitted to Emergency Department with CAP from Community-Acquired Pneumonia. Initial vitals: T 38.5 C, HR 77, BP 147/93, SpO2 91%. History: COPD; kidney function Normal; allergy None known; prior antibiotic exposure in 90d 0; previous resistant organism None known. Culture status Positive.",1,0.18367347121238708,0,2. Prior-History Limitation (Zero Recorded 90-Day Exposure)
PX-100427,ENC-20250427,True,2025-01-30 17:21:41,Clinical Patient 0428,67,Female,Not applicable,General Medicine,30,Active Inpatient,VAP,Ventilator-Associated Pneumonia,P. aeruginosa,35.8,110,77,48,89,26,53.2,COPD,Moderate impairment,Normal,None known,,0,None prior,0,None known,0.2,0.244,24.4,Low,0.181,0.147,0.104,0.096,-0.02,-0.02,-0.012,-0.02,0.04,0.05,"Clinical explanation: AMR risk is low with prior antibiotic exposure=0, prior resistant organism=None known, and ward resistance rate=20.0%. Review feature attributions before making a clinical decision.",Ceftriaxone,Cefepime,86.3,Renal adjustment review required,Renal adjustment review required,Accept,Clinician accepted the displayed first-line option,Ceftriaxone,Positive,2025-02-01 17:21:41,P. aeruginosa,MDR Pseudomonas,Discordant,Improved,No,Renal impairment,"Admitted to General Medicine with VAP from Ventilator-Associated Pneumonia. Initial vitals: T 35.8 C, HR 110, BP 77/48, SpO2 89%. History: COPD; kidney function Moderate impairment; allergy None known; prior antibiotic exposure in 90d 0; previous resistant organism None known. Culture status Positive.",1,0.3181818127632141,0,2. Prior-History Limitation (Zero Recorded 90-Day Exposure)
PX-100461,ENC-20250461,True,2025-02-01 20:38:10,Clinical Patient 0462,63,Female,Not applicable,General Medicine,24,Discharged,HAP,Hospital-Acquired Pneumonia,E. coli,37.9,108,111,70,89,20,148.0,Hypertension; Immunosuppression,Normal,Normal,Cephalosporin,IgE-mediated,0,None prior,0,None known,0.18,0.5,50.0,Medium,0.501,0.354,0.28,0.162,-0.02,-0.02,-0.018,-0.02,0.04,0.05,"Clinical explanation: AMR risk is medium with prior antibiotic exposure=0, prior resistant organism=None known, and ward resistance rate=18.0%. Review feature attributions before making a clinical decision.",Piperacillin-Tazobactam,Cefepime + Vancomycin,69.3,No renal adjustment flag,Documented Cephalosporin allergy,Accept,Clinician accepted the displayed first-line option,Piperacillin-Tazobactam,Positive,2025-02-05 20:38:10,E. coli,CRE,Concordant,Improved,No,Allergy/safety edge case,"Admitted to General Medicine with HAP from Hospital-Acquired Pneumonia. Initial vitals: T 37.9 C, HR 108, BP 111/70, SpO2 89%. History: Hypertension; Immunosuppression; kidney function Normal; allergy Cephalosporin; prior antibiotic exposure in 90d 0; previous resistant organism None known. Culture status Positive.",1,0.3181818127632141,0,2. Prior-History Limitation (Zero Recorded 90-Day Exposure)
PX-100528,ENC-20250528,True,2025-02-06 03:29:11,Clinical Patient 0529,43,Female,No,General Medicine,36,Discharged,Peritonitis,Intra-abdominal Infection,Enterobacter cloacae complex,38.4,98,121,64,95,16,28.8,Cancer,Mild impairment,Normal,Cephalosporin,Anaphylaxis,0,None prior,0,None known,0.278,0.332,33.2,Medium,0.346,0.159,0.147,0.156,-0.02,-0.02,0.007,-0.02,0.04,-0.02,"Clinical explanation: AMR risk is medium with prior antibiotic exposure=0, prior resistant organism=None known, and ward resistance rate=27.8%. Review feature attributions before making a clinical decision.",Piperacillin-Tazobactam,Cefepime + Vancomycin,67.2,Renal adjustment review required,Documented Cephalosporin allergy | Renal adjustment review required,Accept,Clinician accepted the displayed first-line option,Piperacillin-Tazobactam,Positive,2025-02-07 03:29:11,Enterobacter cloacae complex,ESBL,Discordant,Improved,No,Renal impairment,"Admitted to General Medicine with Peritonitis from Intra-abdominal Infection. Initial vitals: T 38.4 C, HR 98, BP 121/64, SpO2 95%. History: Cancer; kidney function Mild impairment; allergy Cephalosporin; prior antibiotic exposure in 90d 0; previous resistant organism None known. Culture status Positive.",1,0.18367347121238708,0,2. Prior-History Limitation (Zero Recorded 90-Day Exposure)
PX-100541,ENC-20250541,True,2025-02-07 11:47:34,Clinical Patient 0542,62,Male,Not applicable,General Medicine,21,Discharged,Severe CAP,Community-Acquired Pneumonia,S. pneumoniae,37.4,67,141,90,92,19,49.1,COPD,Normal,Normal,Sulfonamide,IgE-mediated,0,None in prior 90 days,0,None known,0.298,0.354,35.4,Medium,0.262,0.172,0.312,0.208,-0.02,-0.02,0.012,-0.02,0.04,-0.02,"Clinical explanation: AMR risk is medium with prior antibiotic exposure=0, prior resistant organism=None known, and ward resistance rate=29.8%. Review feature attributions before making a clinical decision.",Piperacillin-Tazobactam,Cefepime + Vancomycin,89.8,No renal adjustment flag,Documented Sulfonamide allergy,Accept,Clinician accepted the displayed first-line option,Piperacillin-Tazobactam,Positive,2025-02-10 11:47:34,S. pneumoniae,ESBL,Discordant,Improved,No,Allergy/safety edge case,"Admitted to General Medicine with Severe CAP from Community-Acquired Pneumonia. Initial vitals: T 37.4 C, HR 67, BP 141/90, SpO2 92%. History: COPD; kidney function Normal; allergy Sulfonamide; prior antibiotic exposure in 90d 0; previous resistant organism None known. Culture status Positive.",1,0.3181818127632141,0,2. Prior-History Limitation (Zero Recorded 90-Day Exposure)
PX-100620,ENC-20250620,True,2025-02-13 23:46:00,Clinical Patient 0621,54,Male,Not applicable,Emergency Department,27,Discharged,CAP,Community-Acquired Pneumonia,S. pneumoniae,39.0,88,168,113,91,23,15.2,Diabetes,Normal,Normal,None known,,0,None in prior 90 days,0,None known,0.186,0.139,13.9,Low,0.118,0.058,0.096,0.078,-0.02,-0.02,-0.016,-0.02,0.04,0.05,"Clinical explanation: AMR risk is low with prior antibiotic exposure=0, prior resistant organism=None known, and ward resistance rate=18.6%. Review feature attributions before making a clinical decision.",Ceftriaxone,Cefepime,87.4,No renal adjustment flag,No renal adjustment flag,Accept,Clinician accepted the displayed first-line option,Ceftriaxone,Positive,2025-02-15 23:46:00,S. pneumoniae,ESBL,Discordant,Recovered,No,Standard scenario,"Admitted to Emergency Department with CAP from Community-Acquired Pneumonia. Initial vitals: T 39.0 C, HR 88, BP 168/113, SpO2 91%. History: Diabetes; kidney function Normal; allergy None known; prior antibiotic exposure in 90d 0; previous resistant organism None known. Culture status Positive.",1,0.18367347121238708,0,2. Prior-History Limitation (Zero Recorded 90-Day Exposure)
PX-100767,ENC-20250767,True,2025-02-25 09:09:33,Clinical Patient 0768,72,Male,Not applicable,General Medicine,39,Active Inpatient,Deep incisional SSI,Surgical Site Infection,Enterobacter cloacae complex,39.3,105,134,78,98,14,7.4,CKD; Immunosuppression,Normal,Normal,None known,,1,Ertapenem,14,None known,0.218,0.423,42.3,Medium,0.456,0.256,0.196,0.125,0.02,-0.02,-0.008,-0.02,0.04,0.05,"Clinical explanation: AMR risk is medium with prior antibiotic exposure=1, prior resistant organism=None known, and ward resistance rate=21.8%. Review feature attributions before making a clinical decision.",Piperacillin-Tazobactam,Cefepime + Vancomycin,67.5,No renal adjustment flag,No renal adjustment flag,Accept,Clinician accepted the displayed first-line option,Piperacillin-Tazobactam,Positive,2025-02-26 09:09:33,Enterobacter cloacae complex,ESBL,Discordant,Treatment modified after deterioration,Yes,Standard scenario,"Admitted to General Medicine with Deep incisional SSI from Surgical Site Infection. Initial vitals: T 39.3 C, HR 105, BP 134/78, SpO2 98%. History: CKD; Immunosuppression; kidney function Normal; allergy None known; prior antibiotic exposure in 90d 1; previous resistant organism None known. Culture status Positive.",1,0.4166666567325592,0,4. Distribution Edge Case (Atypical Source/Pathogen Spectrum)
PX-101118,ENC-20251118,True,2025-03-22 18:22:20,Clinical Patient 1119,31,Male,Not applicable,General Medicine,37,Active Inpatient,Complicated intra-abdominal infection,Intra-abdominal Infection,S. aureus,39.0,64,132,72,93,17,15.2,Hypertension,Normal,Normal,None known,,1,Ceftriaxone + Azithromycin,3,None known,0.252,0.143,14.3,Low,0.134,0.085,0.085,0.041,0.02,-0.02,0.001,-0.02,0.04,0.05,"Clinical explanation: AMR risk is low with prior antibiotic exposure=1, prior resistant organism=None known, and ward resistance rate=25.2%. Review feature attributions before making a clinical decision.",Ceftriaxone,Cefepime,76.3,No renal adjustment flag,No renal adjustment flag,Override,Alternative source-control plan,Clinician-selected regimen,Positive,2025-03-24 18:22:20,S. aureus,MRSA,Discordant,Recovered,No,Standard scenario,"Admitted to General Medicine with Complicated intra-abdominal infection from Intra-abdominal Infection. Initial vitals: T 39.0 C, HR 64, BP 132/72, SpO2 93%. History: Hypertension; kidney function Normal; allergy None known; prior antibiotic exposure in 90d 1; previous resistant organism None known. Culture status Positive.",1,0.3181818127632141,0,5. Borderline Probability / Multifactorial Attenuation
PX-101151,ENC-20251151,True,2025-03-25 02:16:31,Clinical Patient 1152,61,Female,Not applicable,General Medicine,29,Active Inpatient,Complicated intra-abdominal infection,Intra-abdominal Infection,P. aeruginosa,37.7,103,151,88,96,18,17.3,COPD; Immunosuppression,Normal,Normal,Unknown,,0,None in prior 90 days,0,None known,0.367,0.576,57.6,Medium,0.606,0.211,0.327,0.372,-0.02,-0.02,0.029,-0.02,0.04,-0.02,"Clinical explanation: AMR risk is medium with prior antibiotic exposure=0, prior resistant organism=None known, and ward resistance rate=36.7%. Review feature attributions before making a clinical decision.",Piperacillin-Tazobactam,Cefepime + Vancomycin,84.2,No renal adjustment flag,No renal adjustment flag,Override,Alternative source-control plan,Clinician-selected regimen,Positive,2025-03-27 02:16:31,P. aeruginosa,MDR Pseudomonas,Concordant,Improved,No,Standard scenario,"Admitted to General Medicine with Complicated intra-abdominal infection from Intra-abdominal Infection. Initial vitals: T 37.7 C, HR 103, BP 151/88, SpO2 96%. History: COPD; Immunosuppression; kidney function Normal; allergy Unknown; prior antibiotic exposure in 90d 0; previous resistant organism None known. Culture status Positive.",1,0.3181818127632141,0,2. Prior-History Limitation (Zero Recorded 90-Day Exposure)
PX-101159,ENC-20251159,True,2025-03-25 14:00:26,Clinical Patient 1160,79,Male,Not applicable,General Medicine,10,Active Inpatient,Cellulitis,Skin/Soft Tissue Infection,Mixed flora,39.0,85,126,69,94,19,20.4,Diabetes,Severe impairment,Normal,Multiple antibiotics,IgE-mediated,0,None prior,0,None known,0.213,0.263,26.3,Low,0.264,0.128,0.186,0.13,-0.02,-0.02,-0.009,-0.02,0.04,0.05,"Clinical explanation: AMR risk is low with prior antibiotic exposure=0, prior resistant organism=None known, and ward resistance rate=21.3%. Review feature attributions before making a clinical decision.",Ceftriaxone,Cefepime,73.3,Renal adjustment review required,Documented Multiple antibiotics allergy | Renal adjustment review required,Accept,Clinician accepted the displayed first-line option,Ceftriaxone,Positive,2025-03-27 14:00:26,Enterococcus faecalis,Other MDR,Discordant,Improved,No,Renal impairment,"Admitted to General Medicine with Cellulitis from Skin/Soft Tissue Infection. Initial vitals: T 39.0 C, HR 85, BP 126/69, SpO2 94%. History: Diabetes; kidney function Severe impairment; allergy Multiple antibiotics; prior antibiotic exposure in 90d 0; previous resistant organism None known. Culture status Positive.",1,0.25,0,2. Prior-History Limitation (Zero Recorded 90-Day Exposure)
PX-101207,ENC-20251207,True,2025-03-30 00:38:22,Clinical Patient 1208,28,Male,Not applicable,Surgical Ward,36,Discharged,CAP,Community-Acquired Pneumonia,Enterococcus faecalis,39.3,84,161,97,91,25,6.9,COPD; Diabetes,Normal,Normal,None known,,0,None prior,0,None known,0.227,0.131,13.1,Low,0.139,0.099,0.058,0.071,-0.02,-0.02,-0.006,-0.02,0.04,0.05,"Clinical explanation: AMR risk is low with prior antibiotic exposure=0, prior resistant organism=None known, and ward resistance rate=22.7%. Review feature attributions before making a clinical decision.",Ceftriaxone,Cefepime,94.8,No renal adjustment flag,No renal adjustment flag,Accept,Clinician accepted the displayed first-line option,Ceftriaxone,Positive,2025-04-02 00:38:22,Enterococcus faecalis,MRSA,Discordant,Improved,No,Standard scenario,"Admitted to Surgical Ward with CAP from Community-Acquired Pneumonia. Initial vitals: T 39.3 C, HR 84, BP 161/97, SpO2 91%. History: COPD; Diabetes; kidney function Normal; allergy None known; prior antibiotic exposure in 90d 0; previous resistant organism None known. Culture status Positive.",1,0.25,0,2. Prior-History Limitation (Zero Recorded 90-Day Exposure)
PX-101536,ENC-20251536,True,2025-04-24 06:45:57,Clinical Patient 1537,45,Male,Not applicable,Surgical Ward,11,Active Inpatient,Pyelonephritis,Urinary Tract Infection,E. coli,38.7,136,90,57,95,19,30.0,,Moderate impairment,Normal,None known,,5,Ertapenem,5,None known,0.243,0.604,60.4,High,0.517,0.329,0.437,0.201,0.18,-0.02,-0.002,-0.02,-0.02,0.05,"Clinical explanation: AMR risk is high with prior antibiotic exposure=5, prior resistant organism=None known, and ward resistance rate=24.3%. Review feature attributions before making a clinical decision.",Meropenem + Vancomycin,Ceftazidime-Avibactam,77.5,Renal adjustment review required,Renal adjustment review required,Modify,Dose/frequency adjusted after clinical review,Ceftazidime-Avibactam,Positive,2025-04-25 06:45:57,E. coli,ESBL,Concordant,No documented outcome,No,Renal impairment,"Admitted to Surgical Ward with Pyelonephritis from Urinary Tract Infection. Initial vitals: T 38.7 C, HR 136, BP 90/57, SpO2 95%. History: None; kidney function Moderate impairment; allergy None known; prior antibiotic exposure in 90d 5; previous resistant organism None known. Culture status Positive.",1,0.4166666567325592,0,5. Borderline Probability / Multifactorial Attenuation
PX-101660,ENC-20251660,True,2025-05-02 09:09:40,Clinical Patient 1661,51,Male,Not applicable,Surgical Ward,27,Discharged,Superficial SSI,Surgical Site Infection,Enterobacter cloacae complex,39.4,65,110,61,97,15,12.4,Hypertension,Mild impairment,Normal,None known,,0,None prior,0,None known,0.327,0.333,33.3,Medium,0.316,0.179,0.153,0.196,-0.02,-0.02,0.019,-0.02,0.04,0.05,"Clinical explanation: AMR risk is medium with prior antibiotic exposure=0, prior resistant organism=None known, and ward resistance rate=32.7%. Review feature attributions before making a clinical decision.",Piperacillin-Tazobactam,Cefepime + Vancomycin,89.6,Renal adjustment review required,Renal adjustment review required,Accept,Clinician accepted the displayed first-line option,Piperacillin-Tazobactam,Positive,2025-05-03 09:09:40,Enterobacter cloacae complex,ESBL,Discordant,Improved,No,Renal impairment,"Admitted to Surgical Ward with Superficial SSI from Surgical Site Infection. Initial vitals: T 39.4 C, HR 65, BP 110/61, SpO2 97%. History: Hypertension; kidney function Mild impairment; allergy None known; prior antibiotic exposure in 90d 0; previous resistant organism None known. Culture status Positive.",1,0.18367347121238708,0,2. Prior-History Limitation (Zero Recorded 90-Day Exposure)
PX-101673,ENC-20251673,True,2025-05-02 23:41:09,Clinical Patient 1674,47,Male,Not applicable,Emergency Department,18,Active Inpatient,Superficial SSI,Surgical Site Infection,Enterobacter cloacae complex,37.4,93,127,70,95,15,11.1,Liver disease,Normal,Mild impairment,Penicillin,IgE-mediated,1,Meropenem,5,None known,0.169,0.223,22.3,Low,0.197,0.084,0.144,0.115,0.02,-0.02,-0.02,-0.02,0.04,-0.02,"Clinical explanation: AMR risk is low with prior antibiotic exposure=1, prior resistant organism=None known, and ward resistance rate=16.9%. Review feature attributions before making a clinical decision.",Ceftriaxone,Cefepime,73.5,No renal adjustment flag,Documented Penicillin allergy,Override,Alternative source-control plan,Clinician-selected regimen,Positive,2025-05-04 23:41:09,Enterobacter cloacae complex,Other MDR,Discordant,Improved,No,Allergy/safety edge case,"Admitted to Emergency Department with Superficial SSI from Surgical Site Infection. Initial vitals: T 37.4 C, HR 93, BP 127/70, SpO2 95%. History: Liver disease; kidney function Normal; allergy Penicillin; prior antibiotic exposure in 90d 1; previous resistant organism None known. Culture status Positive.",1,0.3877550959587097,0,3. Community/Subgroup-Specific Pattern (Lower Unit Endemic Baseline)
PX-101731,ENC-20251731,True,2025-05-06 11:48:22,Clinical Patient 1732,63,Female,Not applicable,General Medicine,24,Active Inpatient,CAP,Community-Acquired Pneumonia,K. pneumoniae,37.7,88,133,81,87,33,11.4,Immunosuppression,Normal,Normal,None known,,1,Ceftriaxone,7,None known,0.22,0.646,64.6,High,0.492,0.283,0.475,0.213,0.02,-0.02,-0.007,-0.02,0.04,-0.02,"Clinical explanation: AMR risk is high with prior antibiotic exposure=1, prior resistant organism=None known, and ward resistance rate=22.0%. Review feature attributions before making a clinical decision.",Meropenem + Vancomycin,Ceftazidime-Avibactam,86.4,No renal adjustment flag,No renal adjustment flag,Accept,Clinician accepted the displayed first-line option,Meropenem + Vancomycin,Positive,2025-05-10 11:48:22,K. pneumoniae,ESBL,Concordant,Recovered,No,Standard scenario,"Admitted to General Medicine with CAP from Community-Acquired Pneumonia. Initial vitals: T 37.7 C, HR 88, BP 133/81, SpO2 87%. History: Immunosuppression; kidney function Normal; allergy None known; prior antibiotic exposure in 90d 1; previous resistant organism None known. Culture status Positive.",1,0.4166666567325592,0,5. Borderline Probability / Multifactorial Attenuation
PX-101746,ENC-20251746,True,2025-05-07 16:02:05,Clinical Patient 1747,64,Female,Not applicable,General Medicine,20,Active Inpatient,Complicated UTI,Urinary Tract Infection,K. pneumoniae,39.2,70,97,54,96,15,2.4,,Mild impairment,Normal,None known,,1,Ciprofloxacin,10,None known,0.227,0.343,34.3,Medium,0.319,0.213,0.139,0.075,0.02,-0.02,-0.006,-0.02,-0.02,0.05,"Clinical explanation: AMR risk is medium with prior antibiotic exposure=1, prior resistant organism=None known, and ward resistance rate=22.7%. Review feature attributions before making a clinical decision.",Piperacillin-Tazobactam,Cefepime + Vancomycin,83.2,Renal adjustment review required,Renal adjustment review required,Pending,Decision not yet recorded,Clinician-selected regimen,Positive,2025-05-11 16:02:05,K. pneumoniae,Other MDR,Discordant,Improved,No,Renal impairment,"Admitted to General Medicine with Complicated UTI from Urinary Tract Infection. Initial vitals: T 39.2 C, HR 70, BP 97/54, SpO2 96%. History: None; kidney function Mild impairment; allergy None known; prior antibiotic exposure in 90d 1; previous resistant organism None known. Culture status Positive.",1,0.40740740299224854,0,5. Borderline Probability / Multifactorial Attenuation
PX-102106,ENC-20252106,True,2025-06-05 10:38:06,Clinical Patient 2107,45,Male,Not applicable,Surgical Ward,22,Active Inpatient,Complicated intra-abdominal infection,Intra-abdominal Infection,Mixed flora,38.8,85,92,57,96,20,23.7,,Mild impairment,Mild impairment,None known,,0,None in prior 90 days,0,None known,0.33,0.221,22.1,Low,0.238,0.159,0.19,0.054,-0.02,-0.02,0.02,-0.02,-0.02,0.05,"Clinical explanation: AMR risk is low with prior antibiotic exposure=0, prior resistant organism=None known, and ward resistance rate=33.0%. Review feature attributions before making a clinical decision.",Ceftriaxone,Cefepime,87.6,Renal adjustment review required,Renal adjustment review required,Accept,Clinician accepted the displayed first-line option,Ceftriaxone,Positive,2025-06-07 10:38:06,S. aureus,MRSA,Discordant,Improved,No,Renal impairment,"Admitted to Surgical Ward with Complicated intra-abdominal infection from Intra-abdominal Infection. Initial vitals: T 38.8 C, HR 85, BP 92/57, SpO2 96%. History: None; kidney function Mild impairment; allergy None known; prior antibiotic exposure in 90d 0; previous resistant organism None known. Culture status Positive.",1,0.3181818127632141,0,2. Prior-History Limitation (Zero Recorded 90-Day Exposure)
PX-102203,ENC-20252203,True,2025-06-11 16:11:29,Clinical Patient 2204,84,Male,Not applicable,General Medicine,7,Discharged,Deep incisional SSI,Surgical Site Infection,E. coli,37.0,78,128,78,98,17,43.9,,Normal,Normal,None known,,0,None in prior 90 days,0,None known,0.214,0.294,29.4,Low,0.3,0.248,0.144,0.169,-0.02,-0.02,-0.009,-0.02,-0.02,-0.02,"Clinical explanation: AMR risk is low with prior antibiotic exposure=0, prior resistant organism=None known, and ward resistance rate=21.4%. Review feature attributions before making a clinical decision.",Ceftriaxone,Cefepime,81.3,No renal adjustment flag,No renal adjustment flag,Accept,Clinician accepted the displayed first-line option,Ceftriaxone,Positive,2025-06-14 16:11:29,E. coli,ESBL,Discordant,Treatment modified after deterioration,Yes,Missing/unknown clinical field,"Admitted to General Medicine with Deep incisional SSI from Surgical Site Infection. Initial vitals: T 37.0 C, HR 78, BP 128/78, SpO2 98%. History: None; kidney function Normal; allergy None known; prior antibiotic exposure in 90d 0; previous resistant organism None known. Culture status Positive.",1,0.25,0,2. Prior-History Limitation (Zero Recorded 90-Day Exposure)
PX-102286,ENC-20252286,True,2025-06-18 00:23:22,Clinical Patient 2287,54,Female,Not applicable,Surgical Ward,33,Active Inpatient,Pyelonephritis,Urinary Tract Infection,K. pneumoniae,38.5,87,123,74,92,13,110.3,,Mild impairment,Normal,None known,,4,Ceftriaxone,3,None known,0.209,0.854,85.4,High,0.796,0.488,0.411,0.23,0.14,-0.02,-0.01,-0.02,-0.02,-0.02,"Clinical explanation: AMR risk is high with prior antibiotic exposure=4, prior resistant organism=None known, and ward resistance rate=20.9%. Review feature attributions before making a clinical decision.",Meropenem + Vancomycin,Ceftazidime-Avibactam,76.3,Renal adjustment review required,Renal adjustment review required,Accept,Clinician accepted the displayed first-line option,Meropenem + Vancomycin,Positive,2025-06-21 00:23:22,K. pneumoniae,ESBL,Concordant,Improved,No,Renal impairment,"Admitted to Surgical Ward with Pyelonephritis from Urinary Tract Infection. Initial vitals: T 38.5 C, HR 87, BP 123/74, SpO2 92%. History: None; kidney function Mild impairment; allergy None known; prior antibiotic exposure in 90d 4; previous resistant organism None known. Culture status Positive.",1,0.40740740299224854,0,5. Borderline Probability / Multifactorial Attenuation
PX-102325,ENC-20252325,True,2025-06-21 00:24:14,Clinical Patient 2326,43,Female,No,Emergency Department,4,Active Inpatient,Catheter-associated UTI,Urinary Tract Infection,Enterobacter cloacae complex,38.1,94,140,82,96,17,11.2,,Moderate impairment,Normal,None known,,0,None prior,0,None known,0.151,0.149,14.9,Low,0.124,0.121,0.143,0.042,-0.02,-0.02,-0.025,-0.02,-0.02,-0.02,"Clinical explanation: AMR risk is low with prior antibiotic exposure=0, prior resistant organism=None known, and ward resistance rate=15.1%. Review feature attributions before making a clinical decision.",Ceftriaxone,Cefepime,95.5,Renal adjustment review required,Renal adjustment review required,Accept,Clinician accepted the displayed first-line option,Ceftriaxone,Positive,2025-06-22 00:24:14,Enterobacter cloacae complex,CRE,Discordant,Improved,No,Renal impairment,"Admitted to Emergency Department with Catheter-associated UTI from Urinary Tract Infection. Initial vitals: T 38.1 C, HR 94, BP 140/82, SpO2 96%. History: None; kidney function Moderate impairment; allergy None known; prior antibiotic exposure in 90d 0; previous resistant organism None known. Culture status Positive.",1,0.18367347121238708,0,2. Prior-History Limitation (Zero Recorded 90-Day Exposure)
PX-102386,ENC-20252386,True,2025-06-25 05:40:49,Clinical Patient 2387,39,Female,No,Surgical Ward,17,Active Inpatient,Pyelonephritis,Urinary Tract Infection,No organism identified,37.4,72,117,73,96,24,31.8,Cancer,Normal,Normal,None known,,0,None prior,0,None known,0.37,0.327,32.7,Medium,0.354,0.184,0.14,0.121,-0.02,-0.02,0.03,-0.02,0.04,-0.02,"Clinical explanation: AMR risk is medium with prior antibiotic exposure=0, prior resistant organism=None known, and ward resistance rate=37.0%. Review feature attributions before making a clinical decision.",Piperacillin-Tazobactam,Cefepime + Vancomycin,84.9,No renal adjustment flag,No renal adjustment flag,Override,Alternative source-control plan,Clinician-selected regimen,Positive,2025-06-28 05:40:49,K. pneumoniae,ESBL,Discordant,Recovered,No,Standard scenario,"Admitted to Surgical Ward with Pyelonephritis from Urinary Tract Infection. Initial vitals: T 37.4 C, HR 72, BP 117/73, SpO2 96%. History: Cancer; kidney function Normal; allergy None known; prior antibiotic exposure in 90d 0; previous resistant organism None known. Culture status Positive.",1,0.18367347121238708,0,1. Weak Clinical Signal (Normal Vitals & Low Inflammatory Markers)
PX-102579,ENC-20252579,True,2025-07-09 14:48:47,Clinical Patient 2580,61,Male,Not applicable,General Medicine,22,Active Inpatient,Late-onset VAP,Ventilator-Associated Pneumonia,K. pneumoniae,35.4,109,94,56,97,14,61.5,Immunosuppression,Normal,Normal,None known,,0,None in prior 90 days,0,None known,0.261,0.397,39.7,Medium,0.407,0.235,0.353,0.244,-0.02,-0.02,0.003,-0.02,0.04,0.05,"Clinical explanation: AMR risk is medium with prior antibiotic exposure=0, prior resistant organism=None known, and ward resistance rate=26.1%. Review feature attributions before making a clinical decision.",Piperacillin-Tazobactam,Cefepime + Vancomycin,71.8,No renal adjustment flag,No renal adjustment flag,Modify,Dose/frequency adjusted after clinical review,Cefepime + Vancomycin,Positive,2025-07-11 14:48:47,K. pneumoniae,CRE,Discordant,No documented outcome,No,Standard scenario,"Admitted to General Medicine with Late-onset VAP from Ventilator-Associated Pneumonia. Initial vitals: T 35.4 C, HR 109, BP 94/56, SpO2 97%. History: Immunosuppression; kidney function Normal; allergy None known; prior antibiotic exposure in 90d 0; previous resistant organism None known. Culture status Positive.",1,0.3181818127632141,0,2. Prior-History Limitation (Zero Recorded 90-Day Exposure)
PX-102773,ENC-20252773,True,2025-07-24 03:09:10,Clinical Patient 2774,49,Male,Not applicable,General Medicine,26,Active Inpatient,CAP,Community-Acquired Pneumonia,S. pneumoniae,39.4,76,134,78,87,23,54.7,,Normal,Normal,None known,,0,None prior,0,None known,0.246,0.185,18.5,Low,0.177,0.159,0.143,0.075,-0.02,-0.02,-0.001,-0.02,-0.02,0.05,"Clinical explanation: AMR risk is low with prior antibiotic exposure=0, prior resistant organism=None known, and ward resistance rate=24.6%. Review feature attributions before making a clinical decision.",Ceftriaxone,Cefepime,88.9,No renal adjustment flag,No renal adjustment flag,Accept,Clinician accepted the displayed first-line option,Ceftriaxone,Positive,2025-07-27 03:09:10,S. pneumoniae,Other MDR,Discordant,Recovered,No,Missing/unknown clinical field,"Admitted to General Medicine with CAP from Community-Acquired Pneumonia. Initial vitals: T 39.4 C, HR 76, BP 134/78, SpO2 87%. History: None; kidney function Normal; allergy None known; prior antibiotic exposure in 90d 0; previous resistant organism None known. Culture status Positive.",1,0.25,0,2. Prior-History Limitation (Zero Recorded 90-Day Exposure)
PX-102809,ENC-20252809,True,2025-07-26 18:51:56,Clinical Patient 2810,55,Female,Not applicable,Surgical Ward,30,Active Inpatient,Complicated UTI,Urinary Tract Infection,P. aeruginosa,38.0,75,138,80,97,16,23.6,Liver disease,Normal,Normal,Penicillin,Mild/rash,0,None prior,0,None known,0.239,0.26,26.0,Low,0.255,0.214,0.22,0.087,-0.02,-0.02,-0.003,-0.02,0.04,-0.02,"Clinical explanation: AMR risk is low with prior antibiotic exposure=0, prior resistant organism=None known, and ward resistance rate=23.9%. Review feature attributions before making a clinical decision.",Ceftriaxone,Cefepime,89.9,No renal adjustment flag,Documented Penicillin allergy,Accept,Clinician accepted the displayed first-line option,Ceftriaxone,Positive,2025-07-27 18:51:56,P. aeruginosa,MDR Pseudomonas,Discordant,Recovered,No,Allergy/safety edge case,"Admitted to Surgical Ward with Complicated UTI from Urinary Tract Infection. Initial vitals: T 38.0 C, HR 75, BP 138/80, SpO2 97%. History: Liver disease; kidney function Normal; allergy Penicillin; prior antibiotic exposure in 90d 0; previous resistant organism None known. Culture status Positive.",1,0.18367347121238708,0,2. Prior-History Limitation (Zero Recorded 90-Day Exposure)
PX-102862,ENC-20252862,True,2025-07-31 14:42:41,Clinical Patient 2863,70,Female,Not applicable,General Medicine,23,Active Inpatient,Complicated intra-abdominal infection,Intra-abdominal Infection,K. pneumoniae,38.3,84,110,65,95,22,29.8,Cancer; Liver disease,Normal,Normal,None known,,0,None prior,0,None known,0.301,0.406,40.6,Medium,0.411,0.143,0.221,0.119,-0.02,-0.02,0.013,-0.02,0.04,-0.02,"Clinical explanation: AMR risk is medium with prior antibiotic exposure=0, prior resistant organism=None known, and ward resistance rate=30.1%. Review feature attributions before making a clinical decision.",Piperacillin-Tazobactam,Cefepime + Vancomycin,83.5,No renal adjustment flag,No renal adjustment flag,Override,Alternative source-control plan,Clinician-selected regimen,Positive,2025-08-01 14:42:41,K. pneumoniae,CRE,Discordant,Improved,No,Standard scenario,"Admitted to General Medicine with Complicated intra-abdominal infection from Intra-abdominal Infection. Initial vitals: T 38.3 C, HR 84, BP 110/65, SpO2 95%. History: Cancer; Liver disease; kidney function Normal; allergy None known; prior antibiotic exposure in 90d 0; previous resistant organism None known. Culture status Positive.",1,0.3877550959587097,0,2. Prior-History Limitation (Zero Recorded 90-Day Exposure)
PX-102872,ENC-20252872,True,2025-08-01 00:19:00,Clinical Patient 2873,59,Female,Not applicable,General Medicine,22,Active Inpatient,Complicated UTI,Urinary Tract Infection,Enterobacter cloacae complex,36.0,110,144,79,99,15,28.7,CKD; Liver disease,Normal,Mild impairment,None known,,0,None prior,0,None known,0.14,0.256,25.6,Low,0.268,0.216,0.144,0.139,-0.02,-0.02,-0.027,-0.02,0.04,0.05,"Clinical explanation: AMR risk is low with prior antibiotic exposure=0, prior resistant organism=None known, and ward resistance rate=14.0%. Review feature attributions before making a clinical decision.",Ceftriaxone,Cefepime,75.3,No renal adjustment flag,No renal adjustment flag,Accept,Clinician accepted the displayed first-line option,Ceftriaxone,Positive,2025-08-05 00:19:00,Enterobacter cloacae complex,CRE,Discordant,Recovered,No,Standard scenario,"Admitted to General Medicine with Complicated UTI from Urinary Tract Infection. Initial vitals: T 36.0 C, HR 110, BP 144/79, SpO2 99%. History: CKD; Liver disease; kidney function Normal; allergy None known; prior antibiotic exposure in 90d 0; previous resistant organism None known. Culture status Positive.",1,0.3181818127632141,0,2. Prior-History Limitation (Zero Recorded 90-Day Exposure)
PX-103037,ENC-20253037,True,2025-08-13 08:40:38,Clinical Patient 3038,56,Male,Not applicable,General Medicine,33,Discharged,VAP,Ventilator-Associated Pneumonia,P. aeruginosa,38.6,107,105,64,96,29,34.3,Heart failure,AKI,Normal,None known,,0,None prior,0,None known,0.188,0.602,60.2,High,0.531,0.367,0.298,0.417,-0.02,-0.02,-0.015,-0.02,0.04,0.05,"Clinical explanation: AMR risk is high with prior antibiotic exposure=0, prior resistant organism=None known, and ward resistance rate=18.8%. Review feature attributions before making a clinical decision.",Meropenem + Vancomycin,Ceftazidime-Avibactam,75.4,Renal adjustment review required,Renal adjustment review required,Override,Alternative source-control plan,Clinician-selected regimen,Positive,2025-08-17 08:40:38,P. aeruginosa,MDR Pseudomonas,Concordant,Recovered,No,Standard scenario,"Admitted to General Medicine with VAP from Ventilator-Associated Pneumonia. Initial vitals: T 38.6 C, HR 107, BP 105/64, SpO2 96%. History: Heart failure; kidney function AKI; allergy None known; prior antibiotic exposure in 90d 0; previous resistant organism None known. Culture status Positive.",1,0.3877550959587097,0,2. Prior-History Limitation (Zero Recorded 90-Day Exposure)
PX-103142,ENC-20253142,True,2025-08-20 18:07:13,Clinical Patient 3143,51,Female,Not applicable,General Medicine,18,Active Inpatient,Pyelonephritis,Urinary Tract Infection,Enterobacter cloacae complex,38.9,61,98,61,94,17,17.2,CKD,Normal,Normal,None known,,0,None prior,0,None known,0.268,0.439,43.9,Medium,0.354,0.167,0.434,0.22,-0.02,-0.02,0.005,-0.02,0.04,0.05,"Clinical explanation: AMR risk is medium with prior antibiotic exposure=0, prior resistant organism=None known, and ward resistance rate=26.8%. Review feature attributions before making a clinical decision.",Piperacillin-Tazobactam,Cefepime + Vancomycin,72.4,No renal adjustment flag,No renal adjustment flag,Accept,Clinician accepted the displayed first-line option,Piperacillin-Tazobactam,Positive,2025-08-22 18:07:13,Enterobacter cloacae complex,Other MDR,Discordant,Improved,No,Standard scenario,"Admitted to General Medicine with Pyelonephritis from Urinary Tract Infection. Initial vitals: T 38.9 C, HR 61, BP 98/61, SpO2 94%. History: CKD; kidney function Normal; allergy None known; prior antibiotic exposure in 90d 0; previous resistant organism None known. Culture status Positive.",1,0.18367347121238708,0,2. Prior-History Limitation (Zero Recorded 90-Day Exposure)
PX-103164,ENC-20253164,True,2025-08-22 05:02:01,Clinical Patient 3165,86,Male,Not applicable,Emergency Department,4,Active Inpatient,CAP,Community-Acquired Pneumonia,S. aureus,39.2,55,127,85,89,20,26.8,Hypertension; Immunosuppression,Normal,Normal,None known,,1,Azithromycin,3,None known,0.231,0.429,42.9,Medium,0.463,0.173,0.179,0.341,0.02,-0.02,-0.005,-0.02,0.04,0.05,"Clinical explanation: AMR risk is medium with prior antibiotic exposure=1, prior resistant organism=None known, and ward resistance rate=23.1%. Review feature attributions before making a clinical decision.",Piperacillin-Tazobactam,Cefepime + Vancomycin,75.3,No renal adjustment flag,No renal adjustment flag,Accept,Clinician accepted the displayed first-line option,Piperacillin-Tazobactam,Positive,2025-08-25 05:02:01,S. aureus,MRSA,Discordant,Recovered,No,Standard scenario,"Admitted to Emergency Department with CAP from Community-Acquired Pneumonia. Initial vitals: T 39.2 C, HR 55, BP 127/85, SpO2 89%. History: Hypertension; Immunosuppression; kidney function Normal; allergy None known; prior antibiotic exposure in 90d 1; previous resistant organism None known. Culture status Positive.",1,0.3877550959587097,0,3. Community/Subgroup-Specific Pattern (Lower Unit Endemic Baseline)
PX-103341,ENC-20253341,True,2025-09-04 10:16:09,Clinical Patient 3342,80,Female,Not applicable,General Medicine,38,Discharged,Aspiration pneumonia,Community-Acquired Pneumonia,No organism identified,38.0,91,112,76,90,15,34.8,COPD,Moderate impairment,Normal,Sulfonamide,Mild/rash,0,None in prior 90 days,0,None known,0.237,0.449,44.9,Medium,0.317,0.339,0.21,0.201,-0.02,-0.02,-0.003,-0.02,0.04,-0.02,"Clinical explanation: AMR risk is medium with prior antibiotic exposure=0, prior resistant organism=None known, and ward resistance rate=23.7%. Review feature attributions before making a clinical decision.",Piperacillin-Tazobactam,Cefepime + Vancomycin,90.4,Renal adjustment review required,Documented Sulfonamide allergy | Renal adjustment review required,Accept,Clinician accepted the displayed first-line option,Piperacillin-Tazobactam,Positive,2025-09-07 10:16:09,Enterococcus faecalis,Other MDR,Discordant,Improved,No,Renal impairment,"Admitted to General Medicine with Aspiration pneumonia from Community-Acquired Pneumonia. Initial vitals: T 38.0 C, HR 91, BP 112/76, SpO2 90%. History: COPD; kidney function Moderate impairment; allergy Sulfonamide; prior antibiotic exposure in 90d 0; previous resistant organism None known. Culture status Positive.",1,0.3181818127632141,0,2. Prior-History Limitation (Zero Recorded 90-Day Exposure)
PX-103441,ENC-20253441,True,2025-09-11 14:36:00,Clinical Patient 3442,52,Female,Not applicable,ICU,21,Discharged,Peritonitis,Intra-abdominal Infection,Mixed flora,38.4,116,118,56,91,24,18.6,Diabetes,Normal,Normal,None known,,0,None prior,0,None known,0.344,0.349,34.9,Medium,0.335,0.227,0.321,0.175,-0.02,-0.02,0.023,0.06,0.04,0.05,"Clinical explanation: AMR risk is medium with prior antibiotic exposure=0, prior resistant organism=None known, and ward resistance rate=34.4%. Review feature attributions before making a clinical decision.",Piperacillin-Tazobactam,Cefepime + Vancomycin,77.2,No renal adjustment flag,No renal adjustment flag,Modify,Dose/frequency adjusted after clinical review,Cefepime + Vancomycin,Positive,2025-09-15 14:36:00,Enterococcus faecalis,MRSA,Discordant,Recovered,No,Standard scenario,"Admitted to ICU with Peritonitis from Intra-abdominal Infection. Initial vitals: T 38.4 C, HR 116, BP 118/56, SpO2 91%. History: Diabetes; kidney function Normal; allergy None known; prior antibiotic exposure in 90d 0; previous resistant organism None known. Culture status Positive.",1,0.40740740299224854,0,2. Prior-History Limitation (Zero Recorded 90-Day Exposure)
PX-103468,ENC-20253468,True,2025-09-13 04:38:49,Clinical Patient 3469,67,Male,Not applicable,General Medicine,9,Active Inpatient,Complicated UTI,Urinary Tract Infection,S. aureus,38.5,91,131,83,97,23,13.5,COPD; Cancer; Immunosuppression,Normal,Normal,None known,,1,Amoxicillin-Clavulanate,5,None known,0.283,0.528,52.8,Medium,0.428,0.388,0.266,0.319,0.02,-0.02,0.008,-0.02,0.04,-0.02,"Clinical explanation: AMR risk is medium with prior antibiotic exposure=1, prior resistant organism=None known, and ward resistance rate=28.3%. Review feature attributions before making a clinical decision.",Piperacillin-Tazobactam,Cefepime + Vancomycin,74.7,No renal adjustment flag,No renal adjustment flag,Modify,Dose/frequency adjusted after clinical review,Cefepime + Vancomycin,Positive,2025-09-15 04:38:49,S. aureus,MRSA,Concordant,Recovered,No,Standard scenario,"Admitted to General Medicine with Complicated UTI from Urinary Tract Infection. Initial vitals: T 38.5 C, HR 91, BP 131/83, SpO2 97%. History: COPD; Cancer; Immunosuppression; kidney function Normal; allergy None known; prior antibiotic exposure in 90d 1; previous resistant organism None known. Culture status Positive.",1,0.40740740299224854,0,5. Borderline Probability / Multifactorial Attenuation
PX-103474,ENC-20253474,True,2025-09-13 22:42:26,Clinical Patient 3475,46,Male,Not applicable,Emergency Department,25,Discharged,Biliary tract infection,Intra-abdominal Infection,S. aureus,37.9,85,124,74,98,18,46.6,Cancer,Mild impairment,Normal,None known,,1,Ceftriaxone + Azithromycin,14,None known,0.212,0.561,56.1,Medium,0.58,0.339,0.521,0.166,0.02,-0.02,-0.01,-0.02,0.04,-0.02,"Clinical explanation: AMR risk is medium with prior antibiotic exposure=1, prior resistant organism=None known, and ward resistance rate=21.2%. Review feature attributions before making a clinical decision.",Piperacillin-Tazobactam,Cefepime + Vancomycin,92.1,Renal adjustment review required,Renal adjustment review required,Override,Alternative source-control plan,Clinician-selected regimen,Positive,2025-09-15 22:42:26,S. aureus,MRSA,Concordant,Improved,No,Renal impairment,"Admitted to Emergency Department with Biliary tract infection from Intra-abdominal Infection. Initial vitals: T 37.9 C, HR 85, BP 124/74, SpO2 98%. History: Cancer; kidney function Mild impairment; allergy None known; prior antibiotic exposure in 90d 1; previous resistant organism None known. Culture status Positive.",1,0.40740740299224854,0,3. Community/Subgroup-Specific Pattern (Lower Unit Endemic Baseline)
PX-103493,ENC-20253493,True,2025-09-15 07:41:05,Clinical Patient 3494,86,Male,Not applicable,General Medicine,38,Active Inpatient,Complicated intra-abdominal infection,Intra-abdominal Infection,P. aeruginosa,37.0,66,135,87,97,17,55.9,Heart failure,Normal,Normal,None known,,1,Ertapenem,5,None known,0.248,0.323,32.3,Medium,0.283,0.247,0.243,0.25,0.02,-0.02,-0.001,-0.02,0.04,-0.02,"Clinical explanation: AMR risk is medium with prior antibiotic exposure=1, prior resistant organism=None known, and ward resistance rate=24.8%. Review feature attributions before making a clinical decision.",Piperacillin-Tazobactam,Cefepime + Vancomycin,93.6,No renal adjustment flag,No renal adjustment flag,Modify,Dose/frequency adjusted after clinical review,Cefepime + Vancomycin,Positive,2025-09-16 07:41:05,P. aeruginosa,MDR Pseudomonas,Discordant,Recovered,No,Standard scenario,"Admitted to General Medicine with Complicated intra-abdominal infection from Intra-abdominal Infection. Initial vitals: T 37.0 C, HR 66, BP 135/87, SpO2 97%. History: Heart failure; kidney function Normal; allergy None known; prior antibiotic exposure in 90d 1; previous resistant organism None known. Culture status Positive.",1,0.3877550959587097,0,5. Borderline Probability / Multifactorial Attenuation
PX-103579,ENC-20253579,True,2025-09-21 20:33:46,Clinical Patient 3580,44,Female,No,General Medicine,26,Active Inpatient,CAP,Community-Acquired Pneumonia,S. aureus,38.7,65,137,82,87,28,14.6,CKD; Hypertension,AKI,Normal,None known,,0,None in prior 90 days,0,None known,0.301,0.315,31.5,Medium,0.228,0.214,0.204,0.222,-0.02,-0.02,0.013,-0.02,0.04,0.05,"Clinical explanation: AMR risk is medium with prior antibiotic exposure=0, prior resistant organism=None known, and ward resistance rate=30.1%. Review feature attributions before making a clinical decision.",Piperacillin-Tazobactam,Cefepime + Vancomycin,80.0,Renal adjustment review required,Renal adjustment review required,Pending,Decision not yet recorded,Clinician-selected regimen,Positive,2025-09-22 20:33:46,S. aureus,MRSA,Discordant,Treatment modified after deterioration,Yes,Standard scenario,"Admitted to General Medicine with CAP from Community-Acquired Pneumonia. Initial vitals: T 38.7 C, HR 65, BP 137/82, SpO2 87%. History: CKD; Hypertension; kidney function AKI; allergy None known; prior antibiotic exposure in 90d 0; previous resistant organism None known. Culture status Positive.",1,0.3181818127632141,0,2. Prior-History Limitation (Zero Recorded 90-Day Exposure)
PX-103645,ENC-20253645,True,2025-09-26 21:04:35,Clinical Patient 3646,41,Female,No,Surgical Ward,21,Active Inpatient,Appendicitis with abscess,Intra-abdominal Infection,S. aureus,37.6,90,122,77,95,15,18.0,Hypertension,Normal,Normal,None known,,0,None prior,0,None known,0.368,0.394,39.4,Medium,0.332,0.285,0.196,0.22,-0.02,-0.02,0.029,-0.02,0.04,-0.02,"Clinical explanation: AMR risk is medium with prior antibiotic exposure=0, prior resistant organism=None known, and ward resistance rate=36.8%. Review feature attributions before making a clinical decision.",Piperacillin-Tazobactam,Cefepime + Vancomycin,88.4,No renal adjustment flag,No renal adjustment flag,Accept,Clinician accepted the displayed first-line option,Piperacillin-Tazobactam,Positive,2025-09-30 21:04:35,S. aureus,MRSA,Discordant,Treatment modified after deterioration,Yes,Standard scenario,"Admitted to Surgical Ward with Appendicitis with abscess from Intra-abdominal Infection. Initial vitals: T 37.6 C, HR 90, BP 122/77, SpO2 95%. History: Hypertension; kidney function Normal; allergy None known; prior antibiotic exposure in 90d 0; previous resistant organism None known. Culture status Positive.",1,0.2499721348285675,0,2. Prior-History Limitation (Zero Recorded 90-Day Exposure)
PX-103782,ENC-20253782,True,2025-10-05 19:43:21,Clinical Patient 3783,56,Female,Not applicable,General Medicine,19,Discharged,Complicated UTI,Urinary Tract Infection,P. aeruginosa,37.1,89,108,61,95,14,2.0,CKD,Mild impairment,Moderate impairment,None known,,0,None in prior 90 days,0,None known,0.343,0.366,36.6,Medium,0.351,0.209,0.359,0.27,-0.02,-0.02,0.023,-0.02,0.04,-0.02,"Clinical explanation: AMR risk is medium with prior antibiotic exposure=0, prior resistant organism=None known, and ward resistance rate=34.3%. Review feature attributions before making a clinical decision.",Piperacillin-Tazobactam,Cefepime + Vancomycin,68.6,Renal adjustment review required,Renal adjustment review required,Pending,Decision not yet recorded,Clinician-selected regimen,Positive,2025-10-09 19:43:21,P. aeruginosa,MDR Pseudomonas,Discordant,Improved,No,Renal impairment,"Admitted to General Medicine with Complicated UTI from Urinary Tract Infection. Initial vitals: T 37.1 C, HR 89, BP 108/61, SpO2 95%. History: CKD; kidney function Mild impairment; allergy None known; prior antibiotic exposure in 90d 0; previous resistant organism None known. Culture status Positive.",1,0.3181818127632141,0,1. Weak Clinical Signal (Normal Vitals & Low Inflammatory Markers)
PX-103893,ENC-20253893,True,2025-10-14 00:57:23,Clinical Patient 3894,24,Female,No,General Medicine,40,Active Inpatient,Complicated intra-abdominal infection,Intra-abdominal Infection,S. pneumoniae,39.0,83,141,86,96,20,19.4,,Normal,Normal,None known,,1,Meropenem,3,None known,0.341,0.163,16.3,Low,0.149,0.087,0.152,0.055,0.02,-0.02,0.023,-0.02,-0.02,0.05,"Clinical explanation: AMR risk is low with prior antibiotic exposure=1, prior resistant organism=None known, and ward resistance rate=34.1%. Review feature attributions before making a clinical decision.",Ceftriaxone,Cefepime,76.4,No renal adjustment flag,No renal adjustment flag,Modify,Dose/frequency adjusted after clinical review,Cefepime,Positive,2025-10-18 00:57:23,S. pneumoniae,Other MDR,Discordant,Improved,No,Missing/unknown clinical field,"Admitted to General Medicine with Complicated intra-abdominal infection from Intra-abdominal Infection. Initial vitals: T 39.0 C, HR 83, BP 141/86, SpO2 96%. History: None; kidney function Normal; allergy None known; prior antibiotic exposure in 90d 1; previous resistant organism None known. Culture status Positive.",1,0.3877550959587097,0,5. Borderline Probability / Multifactorial Attenuation
PX-104088,ENC-20254088,True,2025-10-27 20:58:08,Clinical Patient 4089,40,Male,Not applicable,General Medicine,35,Transferred,Early-onset VAP,Ventilator-Associated Pneumonia,K. pneumoniae,39.2,112,90,49,90,29,58.2,,Moderate impairment,Normal,None known,,0,None in prior 90 days,0,None known,0.179,0.219,21.9,Low,0.198,0.076,0.107,0.155,-0.02,-0.02,-0.018,-0.02,-0.02,0.05,"Clinical explanation: AMR risk is low with prior antibiotic exposure=0, prior resistant organism=None known, and ward resistance rate=17.9%. Review feature attributions before making a clinical decision.",Ceftriaxone,Cefepime,93.9,Renal adjustment review required,Renal adjustment review required,Accept,Clinician accepted the displayed first-line option,Ceftriaxone,Positive,2025-10-30 20:58:08,K. pneumoniae,ESBL,Discordant,Treatment modified after deterioration,Yes,Renal impairment,"Admitted to General Medicine with Early-onset VAP from Ventilator-Associated Pneumonia. Initial vitals: T 39.2 C, HR 112, BP 90/49, SpO2 90%. History: None; kidney function Moderate impairment; allergy None known; prior antibiotic exposure in 90d 0; previous resistant organism None known. Culture status Positive.",1,0.3181818127632141,0,2. Prior-History Limitation (Zero Recorded 90-Day Exposure)
PX-104205,ENC-20254205,True,2025-11-05 18:48:27,Clinical Patient 4206,58,Male,Not applicable,General Medicine,9,Discharged,Primary bacteremia,Bloodstream Infection,Enterococcus faecalis,38.0,115,95,63,95,21,34.2,Diabetes; Hypertension; Liver disease,Normal,Normal,Penicillin,IgE-mediated,0,None prior,0,None known,0.265,0.2,20.0,Low,0.199,0.154,0.091,0.074,-0.02,-0.02,0.004,-0.02,0.04,0.05,"Clinical explanation: AMR risk is low with prior antibiotic exposure=0, prior resistant organism=None known, and ward resistance rate=26.5%. Review feature attributions before making a clinical decision.",Ceftriaxone,Cefepime,95.4,No renal adjustment flag,Documented Penicillin allergy,Accept,Clinician accepted the displayed first-line option,Ceftriaxone,Positive,2025-11-08 18:48:27,Enterococcus faecalis,ESBL,Discordant,Recovered,No,Allergy/safety edge case,"Admitted to General Medicine with Primary bacteremia from Bloodstream Infection. Initial vitals: T 38.0 C, HR 115, BP 95/63, SpO2 95%. History: Diabetes; Hypertension; Liver disease; kidney function Normal; allergy Penicillin; prior antibiotic exposure in 90d 0; previous resistant organism None known. Culture status Positive.",1,0.3181818127632141,0,2. Prior-History Limitation (Zero Recorded 90-Day Exposure)
PX-104222,ENC-20254222,True,2025-11-06 22:39:09,Clinical Patient 4223,79,Male,Not applicable,Surgical Ward,31,Transferred,HAP,Hospital-Acquired Pneumonia,No organism identified,37.8,102,100,62,95,22,34.5,Diabetes; Liver disease,Moderate impairment,Normal,None known,,0,None prior,0,None known,0.306,0.317,31.7,Medium,0.228,0.128,0.132,0.176,-0.02,-0.02,0.014,-0.02,0.04,-0.02,"Clinical explanation: AMR risk is medium with prior antibiotic exposure=0, prior resistant organism=None known, and ward resistance rate=30.6%. Review feature attributions before making a clinical decision.",Piperacillin-Tazobactam,Cefepime + Vancomycin,77.4,Renal adjustment review required,Renal adjustment review required,Accept,Clinician accepted the displayed first-line option,Piperacillin-Tazobactam,Positive,2025-11-08 22:39:09,Enterococcus faecalis,Other MDR,Discordant,Improved,No,Renal impairment,"Admitted to Surgical Ward with HAP from Hospital-Acquired Pneumonia. Initial vitals: T 37.8 C, HR 102, BP 100/62, SpO2 95%. History: Diabetes; Liver disease; kidney function Moderate impairment; allergy None known; prior antibiotic exposure in 90d 0; previous resistant organism None known. Culture status Positive.",1,0.40740740299224854,0,2. Prior-History Limitation (Zero Recorded 90-Day Exposure)
PX-104452,ENC-20254452,True,2025-11-23 03:59:22,Clinical Patient 4453,41,Male,Not applicable,General Medicine,9,Active Inpatient,Aspiration pneumonia,Community-Acquired Pneumonia,S. aureus,37.9,91,130,75,93,18,9.8,Cancer; Liver disease,Unknown,Mild impairment,None known,,0,None prior,0,None known,0.23,0.462,46.2,Medium,0.345,0.225,0.309,0.356,-0.02,-0.02,-0.005,-0.02,0.04,-0.02,"Clinical explanation: AMR risk is medium with prior antibiotic exposure=0, prior resistant organism=None known, and ward resistance rate=23.0%. Review feature attributions before making a clinical decision.",Piperacillin-Tazobactam,Cefepime + Vancomycin,86.0,No renal adjustment flag,No renal adjustment flag,Accept,Clinician accepted the displayed first-line option,Piperacillin-Tazobactam,Positive,2025-11-27 03:59:22,S. aureus,MRSA,Discordant,Recovered,No,Standard scenario,"Admitted to General Medicine with Aspiration pneumonia from Community-Acquired Pneumonia. Initial vitals: T 37.9 C, HR 91, BP 130/75, SpO2 93%. History: Cancer; Liver disease; kidney function Unknown; allergy None known; prior antibiotic exposure in 90d 0; previous resistant organism None known. Culture status Positive.",1,0.18367347121238708,0,2. Prior-History Limitation (Zero Recorded 90-Day Exposure)
PX-104609,ENC-20254609,True,2025-12-04 14:32:18,Clinical Patient 4610,80,Female,Not applicable,General Medicine,29,Active Inpatient,HAP,Hospital-Acquired Pneumonia,K. pneumoniae,38.9,89,89,49,89,23,92.1,Diabetes; Immunosuppression,Normal,Normal,Penicillin,IgE-mediated,0,None prior,0,None known,0.272,0.72,72.0,High,0.529,0.546,0.419,0.151,-0.02,-0.02,0.006,-0.02,0.04,0.05,"Clinical explanation: AMR risk is high with prior antibiotic exposure=0, prior resistant organism=None known, and ward resistance rate=27.2%. Review feature attributions before making a clinical decision.",Meropenem + Vancomycin,Ceftazidime-Avibactam,89.6,No renal adjustment flag,Documented Penicillin allergy,Modify,Dose/frequency adjusted after clinical review,Ceftazidime-Avibactam,Positive,2025-12-08 14:32:18,K. pneumoniae,ESBL,Concordant,Improved,No,Allergy/safety edge case,"Admitted to General Medicine with HAP from Hospital-Acquired Pneumonia. Initial vitals: T 38.9 C, HR 89, BP 89/49, SpO2 89%. History: Diabetes; Immunosuppression; kidney function Normal; allergy Penicillin; prior antibiotic exposure in 90d 0; previous resistant organism None known. Culture status Positive.",1,0.3877550959587097,0,2. Prior-History Limitation (Zero Recorded 90-Day Exposure)
PX-104638,ENC-20254638,True,2025-12-06 09:33:23,Clinical Patient 4639,61,Male,Not applicable,General Medicine,37,Discharged,Biliary tract infection,Intra-abdominal Infection,No organism identified,38.3,84,121,80,96,16,9.0,Immunosuppression,Normal,Normal,Penicillin,,0,None in prior 90 days,0,None known,0.316,0.631,63.1,High,0.636,0.433,0.256,0.501,-0.02,-0.02,0.017,-0.02,0.04,-0.02,"Clinical explanation: AMR risk is high with prior antibiotic exposure=0, prior resistant organism=None known, and ward resistance rate=31.6%. Review feature attributions before making a clinical decision.",Meropenem + Vancomycin,Ceftazidime-Avibactam,65.4,No renal adjustment flag,Documented Penicillin allergy,Accept,Clinician accepted the displayed first-line option,Meropenem + Vancomycin,Positive,2025-12-08 09:33:23,Enterococcus faecalis,ESBL,Concordant,Escalated care,Yes,Allergy/safety edge case,"Admitted to General Medicine with Biliary tract infection from Intra-abdominal Infection. Initial vitals: T 38.3 C, HR 84, BP 121/80, SpO2 96%. History: Immunosuppression; kidney function Normal; allergy Penicillin; prior antibiotic exposure in 90d 0; previous resistant organism None known. Culture status Positive.",1,0.3181818127632141,0,2. Prior-History Limitation (Zero Recorded 90-Day Exposure)
PX-104750,ENC-20254750,True,2025-12-14 04:53:21,Clinical Patient 4751,89,Male,Not applicable,General Medicine,15,Active Inpatient,Biliary tract infection,Intra-abdominal Infection,S. pneumoniae,38.8,95,128,84,97,14,10.0,,Moderate impairment,Normal,None known,,0,None prior,0,None known,0.21,0.369,36.9,Medium,0.301,0.304,0.332,0.103,-0.02,-0.02,-0.01,-0.02,-0.02,0.05,"Clinical explanation: AMR risk is medium with prior antibiotic exposure=0, prior resistant organism=None known, and ward resistance rate=21.0%. Review feature attributions before making a clinical decision.",Piperacillin-Tazobactam,Cefepime + Vancomycin,82.7,Renal adjustment review required,Renal adjustment review required,Accept,Clinician accepted the displayed first-line option,Piperacillin-Tazobactam,Positive,2025-12-16 04:53:21,S. pneumoniae,ESBL,Discordant,Improved,No,Renal impairment,"Admitted to General Medicine with Biliary tract infection from Intra-abdominal Infection. Initial vitals: T 38.8 C, HR 95, BP 128/84, SpO2 97%. History: None; kidney function Moderate impairment; allergy None known; prior antibiotic exposure in 90d 0; previous resistant organism None known. Culture status Positive.",1,0.3181818127632141,0,2. Prior-History Limitation (Zero Recorded 90-Day Exposure)
PX-104773,ENC-20254773,True,2025-12-15 21:33:29,Clinical Patient 4774,47,Female,No,Emergency Department,6,Active Inpatient,Complicated intra-abdominal infection,Intra-abdominal Infection,Mixed flora,38.7,95,160,93,95,13,8.2,,Normal,Normal,Penicillin,IgE-mediated,0,None in prior 90 days,0,None known,0.21,0.214,21.4,Low,0.176,0.148,0.155,0.135,-0.02,-0.02,-0.01,-0.02,-0.02,0.05,"Clinical explanation: AMR risk is low with prior antibiotic exposure=0, prior resistant organism=None known, and ward resistance rate=21.0%. Review feature attributions before making a clinical decision.",Ceftriaxone,Cefepime,68.8,No renal adjustment flag,Documented Penicillin allergy,Accept,Clinician accepted the displayed first-line option,Ceftriaxone,Positive,2025-12-16 21:33:29,Enterococcus faecalis,Other MDR,Discordant,Improved,No,Allergy/safety edge case,"Admitted to Emergency Department with Complicated intra-abdominal infection from Intra-abdominal Infection. Initial vitals: T 38.7 C, HR 95, BP 160/93, SpO2 95%. History: None; kidney function Normal; allergy Penicillin; prior antibiotic exposure in 90d 0; previous resistant organism None known. Culture status Positive.",1,0.3181818127632141,0,2. Prior-History Limitation (Zero Recorded 90-Day Exposure)
PX-104792,ENC-20254792,True,2025-12-17 06:11:21,Clinical Patient 4793,61,Male,Not applicable,Emergency Department,2,Transferred,Severe CAP,Community-Acquired Pneumonia,Enterobacter cloacae complex,38.5,79,148,85,92,15,20.5,Cancer; Diabetes; Heart failure,Normal,Normal,Cephalosporin,Mild/rash,1,Piperacillin-Tazobactam,14,None known,0.193,0.393,39.3,Medium,0.277,0.178,0.307,0.302,0.02,-0.02,-0.014,-0.02,0.04,-0.02,"Clinical explanation: AMR risk is medium with prior antibiotic exposure=1, prior resistant organism=None known, and ward resistance rate=19.3%. Review feature attributions before making a clinical decision.",Piperacillin-Tazobactam,Cefepime + Vancomycin,70.4,No renal adjustment flag,Documented Cephalosporin allergy,Accept,Clinician accepted the displayed first-line option,Piperacillin-Tazobactam,Positive,2025-12-19 06:11:21,Enterobacter cloacae complex,Other MDR,Discordant,No documented outcome,No,Allergy/safety edge case,"Admitted to Emergency Department with Severe CAP from Community-Acquired Pneumonia. Initial vitals: T 38.5 C, HR 79, BP 148/85, SpO2 92%. History: Cancer; Diabetes; Heart failure; kidney function Normal; allergy Cephalosporin; prior antibiotic exposure in 90d 1; previous resistant organism None known. Culture status Positive.",1,0.4166666567325592,0,3. Community/Subgroup-Specific Pattern (Lower Unit Endemic Baseline)
PX-104799,ENC-20254799,True,2025-12-17 15:36:34,Clinical Patient 4800,64,Male,Not applicable,Emergency Department,13,Active Inpatient,Severe HAP,Hospital-Acquired Pneumonia,Enterococcus faecalis,39.0,136,118,73,93,25,17.6,Heart failure,AKI,Mild impairment,None known,,0,None in prior 90 days,0,None known,0.176,0.21,21.0,Low,0.195,0.157,0.194,0.062,-0.02,-0.02,-0.019,-0.02,0.04,0.05,"Clinical explanation: AMR risk is low with prior antibiotic exposure=0, prior resistant organism=None known, and ward resistance rate=17.6%. Review feature attributions before making a clinical decision.",Ceftriaxone,Cefepime,94.8,Renal adjustment review required,Renal adjustment review required,Accept,Clinician accepted the displayed first-line option,Ceftriaxone,Positive,2025-12-20 15:36:34,Enterococcus faecalis,Other MDR,Discordant,Recovered,No,Standard scenario,"Admitted to Emergency Department with Severe HAP from Hospital-Acquired Pneumonia. Initial vitals: T 39.0 C, HR 136, BP 118/73, SpO2 93%. History: Heart failure; kidney function AKI; allergy None known; prior antibiotic exposure in 90d 0; previous resistant organism None known. Culture status Positive.",1,0.40740740299224854,0,2. Prior-History Limitation (Zero Recorded 90-Day Exposure)
PX-104877,ENC-20254877,True,2025-12-23 00:24:45,Clinical Patient 4878,44,Male,Not applicable,General Medicine,3,Active Inpatient,VAP,Ventilator-Associated Pneumonia,Mixed flora,39.2,135,110,69,94,24,36.6,CKD; Immunosuppression; Liver disease,Moderate impairment,Normal,None known,,0,None prior,0,None known,0.248,0.444,44.4,Medium,0.389,0.148,0.209,0.17,-0.02,-0.02,-0.001,-0.02,0.04,0.05,"Clinical explanation: AMR risk is medium with prior antibiotic exposure=0, prior resistant organism=None known, and ward resistance rate=24.8%. Review feature attributions before making a clinical decision.",Piperacillin-Tazobactam,Cefepime + Vancomycin,72.6,Renal adjustment review required,Renal adjustment review required,Accept,Clinician accepted the displayed first-line option,Piperacillin-Tazobactam,Positive,2025-12-24 00:24:45,K. pneumoniae,CRE,Discordant,Improved,No,Renal impairment,"Admitted to General Medicine with VAP from Ventilator-Associated Pneumonia. Initial vitals: T 39.2 C, HR 135, BP 110/69, SpO2 94%. History: CKD; Immunosuppression; Liver disease; kidney function Moderate impairment; allergy None known; prior antibiotic exposure in 90d 0; previous resistant organism None known. Culture status Positive.",1,0.18367347121238708,0,2. Prior-History Limitation (Zero Recorded 90-Day Exposure)
PX-104928,ENC-20254928,True,2025-12-26 22:04:04,Clinical Patient 4929,92,Male,Not applicable,Surgical Ward,25,Discharged,Superficial SSI,Surgical Site Infection,S. pneumoniae,38.3,67,148,90,96,19,16.5,,Mild impairment,Normal,Sulfonamide,IgE-mediated,0,None in prior 90 days,0,None known,0.317,0.738,73.8,High,0.556,0.277,0.446,0.27,-0.02,-0.02,0.017,-0.02,-0.02,-0.02,"Clinical explanation: AMR risk is high with prior antibiotic exposure=0, prior resistant organism=None known, and ward resistance rate=31.7%. Review feature attributions before making a clinical decision.",Meropenem + Vancomycin,Ceftazidime-Avibactam,69.0,Renal adjustment review required,Documented Sulfonamide allergy | Renal adjustment review required,Accept,Clinician accepted the displayed first-line option,Meropenem + Vancomycin,Positive,2025-12-30 22:04:04,S. pneumoniae,Other MDR,Concordant,Improved,No,Renal impairment,"Admitted to Surgical Ward with Superficial SSI from Surgical Site Infection. Initial vitals: T 38.3 C, HR 67, BP 148/90, SpO2 96%. History: None; kidney function Mild impairment; allergy Sulfonamide; prior antibiotic exposure in 90d 0; previous resistant organism None known. Culture status Positive.",1,0.3181818127632141,0,2. Prior-History Limitation (Zero Recorded 90-Day Exposure)
PX-105077,ENC-20255077,True,2026-01-06 19:27:40,Clinical Patient 5078,75,Male,Not applicable,Emergency Department,35,Active Inpatient,Primary bacteremia,Bloodstream Infection,E. coli,37.5,148,98,62,94,20,38.6,CKD; Immunosuppression,Moderate impairment,Mild impairment,None known,,0,None in prior 90 days,0,None known,0.193,0.289,28.9,Low,0.203,0.222,0.172,0.211,-0.02,-0.02,-0.014,-0.02,0.04,0.05,"Clinical explanation: AMR risk is low with prior antibiotic exposure=0, prior resistant organism=None known, and ward resistance rate=19.3%. Review feature attributions before making a clinical decision.",Ceftriaxone,Cefepime,92.1,Renal adjustment review required,Renal adjustment review required,Accept,Clinician accepted the displayed first-line option,Ceftriaxone,Positive,2026-01-08 19:27:40,E. coli,Other MDR,Discordant,Recovered,No,Renal impairment,"Admitted to Emergency Department with Primary bacteremia from Bloodstream Infection. Initial vitals: T 37.5 C, HR 148, BP 98/62, SpO2 94%. History: CKD; Immunosuppression; kidney function Moderate impairment; allergy None known; prior antibiotic exposure in 90d 0; previous resistant organism None known. Culture status Positive.",1,0.3181818127632141,0,2. Prior-History Limitation (Zero Recorded 90-Day Exposure)
PX-105279,ENC-20255279,True,2026-01-21 00:43:45,Clinical Patient 5280,51,Female,Not applicable,General Medicine,2,Active Inpatient,Suspected bacteremia,Bloodstream Infection,S. pneumoniae,39.0,96,87,60,96,16,38.6,,Mild impairment,Mild impairment,Penicillin,IgE-mediated,0,None in prior 90 days,0,None known,0.197,0.455,45.5,Medium,0.341,0.203,0.226,0.128,-0.02,-0.02,-0.013,-0.02,-0.02,0.05,"Clinical explanation: AMR risk is medium with prior antibiotic exposure=0, prior resistant organism=None known, and ward resistance rate=19.7%. Review feature attributions before making a clinical decision.",Piperacillin-Tazobactam,Cefepime + Vancomycin,90.2,Renal adjustment review required,Documented Penicillin allergy | Renal adjustment review required,Accept,Clinician accepted the displayed first-line option,Piperacillin-Tazobactam,Positive,2026-01-22 00:43:45,S. pneumoniae,ESBL,Discordant,Improved,No,Renal impairment,"Admitted to General Medicine with Suspected bacteremia from Bloodstream Infection. Initial vitals: T 39.0 C, HR 96, BP 87/60, SpO2 96%. History: None; kidney function Mild impairment; allergy Penicillin; prior antibiotic exposure in 90d 0; previous resistant organism None known. Culture status Positive.",1,0.18367347121238708,0,2. Prior-History Limitation (Zero Recorded 90-Day Exposure)
PX-105431,ENC-20255431,True,2026-02-01 11:11:42,Clinical Patient 5432,56,Female,Not applicable,Emergency Department,17,Active Inpatient,Severe HAP,Hospital-Acquired Pneumonia,P. aeruginosa,35.9,117,74,54,93,28,43.1,CKD; Diabetes; Hypertension,Normal,Normal,None known,,0,None prior,0,None known,0.151,0.23,23.0,Low,0.215,0.154,0.095,0.053,-0.02,-0.02,-0.025,-0.02,0.04,0.05,"Clinical explanation: AMR risk is low with prior antibiotic exposure=0, prior resistant organism=None known, and ward resistance rate=15.1%. Review feature attributions before making a clinical decision.",Ceftriaxone,Cefepime,78.2,No renal adjustment flag,No renal adjustment flag,Accept,Clinician accepted the displayed first-line option,Ceftriaxone,Positive,2026-02-04 11:11:42,P. aeruginosa,MDR Pseudomonas,Discordant,Improved,No,Boundary vitals,"Admitted to Emergency Department with Severe HAP from Hospital-Acquired Pneumonia. Initial vitals: T 35.9 C, HR 117, BP 74/54, SpO2 93%. History: CKD; Diabetes; Hypertension; kidney function Normal; allergy None known; prior antibiotic exposure in 90d 0; previous resistant organism None known. Culture status Positive.",1,0.3181818127632141,0,2. Prior-History Limitation (Zero Recorded 90-Day Exposure)
PX-105733,ENC-20255733,True,2026-02-23 18:59:29,Clinical Patient 5734,59,Male,Not applicable,General Medicine,15,Discharged,Urosepsis,Urinary Tract Infection,Mixed flora,37.2,88,146,80,94,20,11.5,,Normal,Normal,None known,,0,None prior,0,None known,0.284,0.219,21.9,Low,0.162,0.078,0.099,0.129,-0.02,-0.02,0.008,-0.02,-0.02,-0.02,"Clinical explanation: AMR risk is low with prior antibiotic exposure=0, prior resistant organism=None known, and ward resistance rate=28.4%. Review feature attributions before making a clinical decision.",Ceftriaxone,Cefepime,81.4,No renal adjustment flag,No renal adjustment flag,Modify,Dose/frequency adjusted after clinical review,Cefepime,Positive,2026-02-24 18:59:29,P. aeruginosa,MDR Pseudomonas,Discordant,Treatment modified after deterioration,Yes,Missing/unknown clinical field,"Admitted to General Medicine with Urosepsis from Urinary Tract Infection. Initial vitals: T 37.2 C, HR 88, BP 146/80, SpO2 94%. History: None; kidney function Normal; allergy None known; prior antibiotic exposure in 90d 0; previous resistant organism None known. Culture status Positive.",1,0.3181818127632141,0,1. Weak Clinical Signal (Normal Vitals & Low Inflammatory Markers)
PX-105769,ENC-20255769,True,2026-02-26 16:09:09,Clinical Patient 5770,39,Female,No,General Medicine,2,Discharged,VAP,Ventilator-Associated Pneumonia,No organism identified,38.2,132,86,48,81,21,35.8,CKD; Hypertension,Severe impairment,Normal,None known,,1,Amoxicillin-Clavulanate,10,None known,0.244,0.648,64.8,High,0.526,0.435,0.579,0.28,0.02,-0.02,-0.002,-0.02,0.04,0.05,"Clinical explanation: AMR risk is high with prior antibiotic exposure=1, prior resistant organism=None known, and ward resistance rate=24.4%. Review feature attributions before making a clinical decision.",Meropenem + Vancomycin,Ceftazidime-Avibactam,86.4,Renal adjustment review required,Renal adjustment review required,Accept,Clinician accepted the displayed first-line option,Meropenem + Vancomycin,Positive,2026-03-02 16:09:09,S. aureus,MRSA,Concordant,Recovered,No,Renal impairment,"Admitted to General Medicine with VAP from Ventilator-Associated Pneumonia. Initial vitals: T 38.2 C, HR 132, BP 86/48, SpO2 81%. History: CKD; Hypertension; kidney function Severe impairment; allergy None known; prior antibiotic exposure in 90d 1; previous resistant organism None known. Culture status Positive.",1,0.4166666567325592,0,5. Borderline Probability / Multifactorial Attenuation
PX-105787,ENC-20255787,True,2026-02-27 20:24:37,Clinical Patient 5788,47,Male,Not applicable,General Medicine,18,Active Inpatient,Severe HAP,Hospital-Acquired Pneumonia,Mixed flora,39.2,113,93,53,95,27,94.3,Cancer; Immunosuppression,Moderate impairment,Mild impairment,None known,,0,None in prior 90 days,0,None known,0.277,0.214,21.4,Low,0.215,0.114,0.213,0.149,-0.02,-0.02,0.007,-0.02,0.04,0.05,"Clinical explanation: AMR risk is low with prior antibiotic exposure=0, prior resistant organism=None known, and ward resistance rate=27.7%. Review feature attributions before making a clinical decision.",Ceftriaxone,Cefepime,91.8,Renal adjustment review required,Renal adjustment review required,Accept,Clinician accepted the displayed first-line option,Ceftriaxone,Positive,2026-03-01 20:24:37,P. aeruginosa,MDR Pseudomonas,Discordant,Improved,No,Renal impairment,"Admitted to General Medicine with Severe HAP from Hospital-Acquired Pneumonia. Initial vitals: T 39.2 C, HR 113, BP 93/53, SpO2 95%. History: Cancer; Immunosuppression; kidney function Moderate impairment; allergy None known; prior antibiotic exposure in 90d 0; previous resistant organism None known. Culture status Positive.",1,0.3877550959587097,0,2. Prior-History Limitation (Zero Recorded 90-Day Exposure)
PX-105824,ENC-20255824,True,2026-03-02 19:20:24,Clinical Patient 5825,48,Male,Not applicable,Surgical Ward,28,Active Inpatient,Peritonitis,Intra-abdominal Infection,S. aureus,37.0,93,112,66,94,19,15.9,,Normal,Normal,None known,,0,None prior,0,None known,0.308,0.293,29.3,Low,0.231,0.145,0.201,0.106,-0.02,-0.02,0.014,-0.02,-0.02,-0.02,"Clinical explanation: AMR risk is low with prior antibiotic exposure=0, prior resistant organism=None known, and ward resistance rate=30.8%. Review feature attributions before making a clinical decision.",Ceftriaxone,Cefepime,77.0,No renal adjustment flag,No renal adjustment flag,Pending,Decision not yet recorded,Clinician-selected regimen,Positive,2026-03-06 19:20:24,S. aureus,MRSA,Discordant,No documented outcome,No,Missing/unknown clinical field,"Admitted to Surgical Ward with Peritonitis from Intra-abdominal Infection. Initial vitals: T 37.0 C, HR 93, BP 112/66, SpO2 94%. History: None; kidney function Normal; allergy None known; prior antibiotic exposure in 90d 0; previous resistant organism None known. Culture status Positive.",1,0.3181818127632141,0,2. Prior-History Limitation (Zero Recorded 90-Day Exposure)
PX-105894,ENC-20255894,True,2026-03-07 12:45:20,Clinical Patient 5895,50,Female,No,Emergency Department,20,Active Inpatient,Urosepsis,Urinary Tract Infection,Mixed flora,39.1,96,121,79,94,16,59.8,CKD,Mild impairment,Normal,None known,,1,Cefepime,3,None known,0.171,0.408,40.8,Medium,0.333,0.313,0.387,0.135,0.02,-0.02,-0.02,-0.02,0.04,0.05,"Clinical explanation: AMR risk is medium with prior antibiotic exposure=1, prior resistant organism=None known, and ward resistance rate=17.1%. Review feature attributions before making a clinical decision.",Piperacillin-Tazobactam,Cefepime + Vancomycin,89.9,Renal adjustment review required,Renal adjustment review required,Accept,Clinician accepted the displayed first-line option,Piperacillin-Tazobactam,Positive,2026-03-08 12:45:20,E. coli,ESBL,Discordant,Treatment modified after deterioration,Yes,Renal impairment,"Admitted to Emergency Department with Urosepsis from Urinary Tract Infection. Initial vitals: T 39.1 C, HR 96, BP 121/79, SpO2 94%. History: CKD; kidney function Mild impairment; allergy None known; prior antibiotic exposure in 90d 1; previous resistant organism None known. Culture status Positive.",1,0.3877550959587097,0,3. Community/Subgroup-Specific Pattern (Lower Unit Endemic Baseline)
PX-106072,ENC-20256072,True,2026-03-18 22:51:04,Clinical Patient 6073,48,Male,Not applicable,General Medicine,13,Active Inpatient,Catheter-associated UTI,Urinary Tract Infection,P. aeruginosa,39.4,76,98,59,93,13,33.8,Cancer,Normal,Normal,None known,,2,Vancomycin,7,None known,0.227,0.384,38.4,Medium,0.364,0.333,0.177,0.269,0.06,-0.02,-0.006,-0.02,0.04,0.05,"Clinical explanation: AMR risk is medium with prior antibiotic exposure=2, prior resistant organism=None known, and ward resistance rate=22.7%. Review feature attributions before making a clinical decision.",Piperacillin-Tazobactam,Cefepime + Vancomycin,80.8,No renal adjustment flag,No renal adjustment flag,Accept,Clinician accepted the displayed first-line option,Piperacillin-Tazobactam,Positive,2026-03-20 22:51:04,P. aeruginosa,MDR Pseudomonas,Discordant,Improved,No,Standard scenario,"Admitted to General Medicine with Catheter-associated UTI from Urinary Tract Infection. Initial vitals: T 39.4 C, HR 76, BP 98/59, SpO2 93%. History: Cancer; kidney function Normal; allergy None known; prior antibiotic exposure in 90d 2; previous resistant organism None known. Culture status Positive.",1,0.40740740299224854,0,5. Borderline Probability / Multifactorial Attenuation
PX-106120,ENC-20256120,True,2026-03-23 05:46:10,Clinical Patient 6121,63,Female,Not applicable,Emergency Department,12,Active Inpatient,Appendicitis with abscess,Intra-abdominal Infection,S. aureus,37.7,77,105,64,93,17,27.5,CKD,Normal,Normal,None known,,0,None prior,0,None known,0.218,0.383,38.3,Medium,0.365,0.18,0.338,0.139,-0.02,-0.02,-0.008,-0.02,0.04,-0.02,"Clinical explanation: AMR risk is medium with prior antibiotic exposure=0, prior resistant organism=None known, and ward resistance rate=21.8%. Review feature attributions before making a clinical decision.",Piperacillin-Tazobactam,Cefepime + Vancomycin,73.3,No renal adjustment flag,No renal adjustment flag,Accept,Clinician accepted the displayed first-line option,Piperacillin-Tazobactam,Positive,2026-03-26 05:46:10,S. aureus,MRSA,Discordant,Recovered,No,Standard scenario,"Admitted to Emergency Department with Appendicitis with abscess from Intra-abdominal Infection. Initial vitals: T 37.7 C, HR 77, BP 105/64, SpO2 93%. History: CKD; kidney function Normal; allergy None known; prior antibiotic exposure in 90d 0; previous resistant organism None known. Culture status Positive.",1,0.3181818127632141,0,1. Weak Clinical Signal (Normal Vitals & Low Inflammatory Markers)
PX-106231,ENC-20256231,True,2026-03-30 17:15:27,Clinical Patient 6232,55,Male,Not applicable,Surgical Ward,18,Active Inpatient,Peritonitis,Intra-abdominal Infection,P. aeruginosa,38.5,100,132,73,97,18,21.4,,Normal,Mild impairment,None known,,0,None prior,0,None known,0.376,0.726,72.6,High,0.653,0.595,0.387,0.362,-0.02,-0.02,0.032,-0.02,-0.02,-0.02,"Clinical explanation: AMR risk is high with prior antibiotic exposure=0, prior resistant organism=None known, and ward resistance rate=37.6%. Review feature attributions before making a clinical decision.",Meropenem + Vancomycin,Ceftazidime-Avibactam,67.5,No renal adjustment flag,No renal adjustment flag,Accept,Clinician accepted the displayed first-line option,Meropenem + Vancomycin,Positive,2026-04-02 17:15:27,P. aeruginosa,MDR Pseudomonas,Concordant,Improved,No,Missing/unknown clinical field,"Admitted to Surgical Ward with Peritonitis from Intra-abdominal Infection. Initial vitals: T 38.5 C, HR 100, BP 132/73, SpO2 97%. History: None; kidney function Normal; allergy None known; prior antibiotic exposure in 90d 0; previous resistant organism None known. Culture status Positive.",1,0.3181818127632141,0,2. Prior-History Limitation (Zero Recorded 90-Day Exposure)
PX-106492,ENC-20256492,True,2026-04-19 12:30:36,Clinical Patient 6493,68,Female,Not applicable,General Medicine,10,Active Inpatient,Late-onset VAP,Ventilator-Associated Pneumonia,No organism identified,38.3,102,106,55,91,31,35.8,COPD,Normal,Normal,None known,,0,None in prior 90 days,0,None known,0.291,0.295,29.5,Low,0.279,0.258,0.262,0.176,-0.02,-0.02,0.01,-0.02,0.04,-0.02,"Clinical explanation: AMR risk is low with prior antibiotic exposure=0, prior resistant organism=None known, and ward resistance rate=29.1%. Review feature attributions before making a clinical decision.",Ceftriaxone,Cefepime,93.5,No renal adjustment flag,No renal adjustment flag,Accept,Clinician accepted the displayed first-line option,Ceftriaxone,Positive,2026-04-23 12:30:36,Enterococcus faecalis,Other MDR,Discordant,Recovered,No,Standard scenario,"Admitted to General Medicine with Late-onset VAP from Ventilator-Associated Pneumonia. Initial vitals: T 38.3 C, HR 102, BP 106/55, SpO2 91%. History: COPD; kidney function Normal; allergy None known; prior antibiotic exposure in 90d 0; previous resistant organism None known. Culture status Positive.",1,0.3877550959587097,0,2. Prior-History Limitation (Zero Recorded 90-Day Exposure)
PX-106494,ENC-20256494,True,2026-04-19 16:24:50,Clinical Patient 6495,48,Female,No,General Medicine,21,Active Inpatient,Severe HAP,Hospital-Acquired Pneumonia,Enterobacter cloacae complex,38.9,91,65,35,86,27,36.7,,Normal,Mild impairment,Penicillin,Anaphylaxis,0,None prior,0,None known,0.283,0.492,49.2,Medium,0.362,0.201,0.447,0.152,-0.02,-0.02,0.008,-0.02,-0.02,0.05,"Clinical explanation: AMR risk is medium with prior antibiotic exposure=0, prior resistant organism=None known, and ward resistance rate=28.3%. Review feature attributions before making a clinical decision.",Piperacillin-Tazobactam,Cefepime + Vancomycin,74.3,No renal adjustment flag,Documented Penicillin allergy,Override,Alternative source-control plan,Clinician-selected regimen,Positive,2026-04-23 16:24:50,Enterobacter cloacae complex,CRE,Discordant,Improved,No,Allergy/safety edge case,"Admitted to General Medicine with Severe HAP from Hospital-Acquired Pneumonia. Initial vitals: T 38.9 C, HR 91, BP 65/35, SpO2 86%. History: None; kidney function Normal; allergy Penicillin; prior antibiotic exposure in 90d 0; previous resistant organism None known. Culture status Positive.",1,0.3181818127632141,0,2. Prior-History Limitation (Zero Recorded 90-Day Exposure)
PX-106498,ENC-20256498,True,2026-04-20 00:52:36,Clinical Patient 6499,86,Male,Not applicable,Surgical Ward,19,Active Inpatient,HAP,Hospital-Acquired Pneumonia,Enterobacter cloacae complex,38.4,121,95,56,92,33,13.4,Diabetes,Normal,Normal,Penicillin,Mild/rash,0,None prior,0,None known,0.235,0.495,49.5,Medium,0.526,0.231,0.397,0.301,-0.02,-0.02,-0.004,-0.02,0.04,0.05,"Clinical explanation: AMR risk is medium with prior antibiotic exposure=0, prior resistant organism=None known, and ward resistance rate=23.5%. Review feature attributions before making a clinical decision.",Piperacillin-Tazobactam,Cefepime + Vancomycin,73.7,No renal adjustment flag,Documented Penicillin allergy,Pending,Decision not yet recorded,Clinician-selected regimen,Positive,2026-04-23 00:52:36,Enterobacter cloacae complex,CRE,Discordant,Improved,No,Allergy/safety edge case,"Admitted to Surgical Ward with HAP from Hospital-Acquired Pneumonia. Initial vitals: T 38.4 C, HR 121, BP 95/56, SpO2 92%. History: Diabetes; kidney function Normal; allergy Penicillin; prior antibiotic exposure in 90d 0; previous resistant organism None known. Culture status Positive.",1,0.3877550959587097,0,2. Prior-History Limitation (Zero Recorded 90-Day Exposure)
PX-106558,ENC-20256558,True,2026-04-23 14:47:46,Clinical Patient 6559,26,Female,No,Surgical Ward,13,Discharged,Peritonitis,Intra-abdominal Infection,Mixed flora,38.2,90,142,91,94,20,12.7,Immunosuppression,Normal,Normal,None known,,0,None in prior 90 days,0,None known,0.386,0.586,58.6,Medium,0.59,0.437,0.291,0.385,-0.02,-0.02,0.034,-0.02,0.04,-0.02,"Clinical explanation: AMR risk is medium with prior antibiotic exposure=0, prior resistant organism=None known, and ward resistance rate=38.6%. Review feature attributions before making a clinical decision.",Piperacillin-Tazobactam,Cefepime + Vancomycin,69.9,No renal adjustment flag,No renal adjustment flag,Accept,Clinician accepted the displayed first-line option,Piperacillin-Tazobactam,Positive,2026-04-24 14:47:46,P. aeruginosa,Other MDR,Concordant,Improved,No,Standard scenario,"Admitted to Surgical Ward with Peritonitis from Intra-abdominal Infection. Initial vitals: T 38.2 C, HR 90, BP 142/91, SpO2 94%. History: Immunosuppression; kidney function Normal; allergy None known; prior antibiotic exposure in 90d 0; previous resistant organism None known. Culture status Positive.",1,0.3181818127632141,0,2. Prior-History Limitation (Zero Recorded 90-Day Exposure)
PX-106642,ENC-20256642,True,2026-04-30 03:02:37,Clinical Patient 6643,47,Female,No,General Medicine,7,Discharged,Complicated UTI,Urinary Tract Infection,P. aeruginosa,37.6,79,92,52,96,15,11.2,Hypertension,Normal,Normal,Penicillin,Anaphylaxis,0,None prior,0,None known,0.291,0.214,21.4,Low,0.161,0.109,0.091,0.141,-0.02,-0.02,0.01,-0.02,0.04,-0.02,"Clinical explanation: AMR risk is low with prior antibiotic exposure=0, prior resistant organism=None known, and ward resistance rate=29.1%. Review feature attributions before making a clinical decision.",Ceftriaxone,Cefepime,88.6,No renal adjustment flag,Documented Penicillin allergy,Accept,Clinician accepted the displayed first-line option,Ceftriaxone,Positive,2026-05-04 03:02:37,P. aeruginosa,MDR Pseudomonas,Discordant,Recovered,No,Allergy/safety edge case,"Admitted to General Medicine with Complicated UTI from Urinary Tract Infection. Initial vitals: T 37.6 C, HR 79, BP 92/52, SpO2 96%. History: Hypertension; kidney function Normal; allergy Penicillin; prior antibiotic exposure in 90d 0; previous resistant organism None known. Culture status Positive.",1,0.18367347121238708,0,1. Weak Clinical Signal (Normal Vitals & Low Inflammatory Markers)
PX-106758,ENC-20256758,True,2026-05-09 05:50:58,Clinical Patient 6759,51,Male,Not applicable,ICU,14,Active Inpatient,Severe CAP,Community-Acquired Pneumonia,E. coli,35.6,141,91,43,88,25,126.2,,Normal,Moderate impairment,None known,,0,None prior,0,None known,0.298,0.289,28.9,Low,0.218,0.179,0.269,0.219,-0.02,-0.02,0.012,0.06,-0.02,0.05,"Clinical explanation: AMR risk is low with prior antibiotic exposure=0, prior resistant organism=None known, and ward resistance rate=29.8%. Review feature attributions before making a clinical decision.",Ceftriaxone,Cefepime,79.8,No renal adjustment flag,No renal adjustment flag,Accept,Clinician accepted the displayed first-line option,Ceftriaxone,Positive,2026-05-13 05:50:58,E. coli,CRE,Discordant,Improved,No,Missing/unknown clinical field,"Admitted to ICU with Severe CAP from Community-Acquired Pneumonia. Initial vitals: T 35.6 C, HR 141, BP 91/43, SpO2 88%. History: None; kidney function Normal; allergy None known; prior antibiotic exposure in 90d 0; previous resistant organism None known. Culture status Positive.",1,0.40740740299224854,0,2. Prior-History Limitation (Zero Recorded 90-Day Exposure)
PX-106923,ENC-20256923,True,2026-05-20 23:46:04,Clinical Patient 6924,58,Male,Not applicable,Surgical Ward,12,Active Inpatient,CAP,Community-Acquired Pneumonia,Enterobacter cloacae complex,39.9,75,123,69,94,23,18.0,,AKI,Normal,Penicillin,IgE-mediated,0,None prior,0,None known,0.324,0.278,27.8,Low,0.281,0.181,0.171,0.135,-0.02,-0.02,0.019,-0.02,-0.02,0.05,"Clinical explanation: AMR risk is low with prior antibiotic exposure=0, prior resistant organism=None known, and ward resistance rate=32.4%. Review feature attributions before making a clinical decision.",Ceftriaxone,Cefepime,92.8,Renal adjustment review required,Documented Penicillin allergy | Renal adjustment review required,Modify,Dose/frequency adjusted after clinical review,Cefepime,Positive,2026-05-24 23:46:04,Enterobacter cloacae complex,CRE,Discordant,Improved,No,Allergy/safety edge case,"Admitted to Surgical Ward with CAP from Community-Acquired Pneumonia. Initial vitals: T 39.9 C, HR 75, BP 123/69, SpO2 94%. History: None; kidney function AKI; allergy Penicillin; prior antibiotic exposure in 90d 0; previous resistant organism None known. Culture status Positive.",1,0.3181818127632141,0,2. Prior-History Limitation (Zero Recorded 90-Day Exposure)
PX-107014,ENC-20257014,True,2026-05-26 14:56:29,Clinical Patient 7015,67,Female,Not applicable,Surgical Ward,5,Active Inpatient,Pyelonephritis,Urinary Tract Infection,S. aureus,37.0,111,144,86,95,21,7.6,,Normal,Normal,None known,,0,None prior,0,None known,0.338,0.542,54.2,Medium,0.522,0.389,0.49,0.269,-0.02,-0.02,0.022,-0.02,-0.02,0.05,"Clinical explanation: AMR risk is medium with prior antibiotic exposure=0, prior resistant organism=None known, and ward resistance rate=33.8%. Review feature attributions before making a clinical decision.",Piperacillin-Tazobactam,Cefepime + Vancomycin,95.0,No renal adjustment flag,No renal adjustment flag,Override,Alternative source-control plan,Clinician-selected regimen,Positive,2026-05-27 14:56:29,S. aureus,MRSA,Concordant,Recovered,No,Missing/unknown clinical field,"Admitted to Surgical Ward with Pyelonephritis from Urinary Tract Infection. Initial vitals: T 37.0 C, HR 111, BP 144/86, SpO2 95%. History: None; kidney function Normal; allergy None known; prior antibiotic exposure in 90d 0; previous resistant organism None known. Culture status Positive.",1,0.3181818127632141,0,2. Prior-History Limitation (Zero Recorded 90-Day Exposure)
PX-107047,ENC-20257047,True,2026-05-29 02:07:27,Clinical Patient 7048,41,Female,No,Emergency Department,20,Active Inpatient,Pyelonephritis,Urinary Tract Infection,E. coli,36.7,87,108,69,96,20,20.0,,Mild impairment,Normal,Penicillin,,0,None prior,0,None known,0.238,0.226,22.6,Low,0.174,0.14,0.207,0.065,-0.02,-0.02,-0.003,-0.02,-0.02,-0.02,"Clinical explanation: AMR risk is low with prior antibiotic exposure=0, prior resistant organism=None known, and ward resistance rate=23.8%. Review feature attributions before making a clinical decision.",Ceftriaxone,Cefepime,78.0,Renal adjustment review required,Documented Penicillin allergy | Renal adjustment review required,Accept,Clinician accepted the displayed first-line option,Ceftriaxone,Positive,2026-05-31 02:07:27,E. coli,ESBL,Discordant,Recovered,No,Renal impairment,"Admitted to Emergency Department with Pyelonephritis from Urinary Tract Infection. Initial vitals: T 36.7 C, HR 87, BP 108/69, SpO2 96%. History: None; kidney function Mild impairment; allergy Penicillin; prior antibiotic exposure in 90d 0; previous resistant organism None known. Culture status Positive.",1,0.18367347121238708,0,1. Weak Clinical Signal (Normal Vitals & Low Inflammatory Markers)
PX-107085,ENC-20257085,True,2026-05-31 18:54:38,Clinical Patient 7086,69,Male,Not applicable,General Medicine,1,Active Inpatient,Severe CAP,Community-Acquired Pneumonia,Mixed flora,38.6,66,131,75,93,31,13.6,,Normal,Normal,Penicillin,Mild/rash,0,None prior,0,None known,0.289,0.392,39.2,Medium,0.303,0.293,0.228,0.131,-0.02,-0.02,0.01,-0.02,-0.02,0.05,"Clinical explanation: AMR risk is medium with prior antibiotic exposure=0, prior resistant organism=None known, and ward resistance rate=28.9%. Review feature attributions before making a clinical decision.",Piperacillin-Tazobactam,Cefepime + Vancomycin,94.7,No renal adjustment flag,Documented Penicillin allergy,Modify,Dose/frequency adjusted after clinical review,Cefepime + Vancomycin,Positive,2026-06-02 18:54:38,E. coli,ESBL,Discordant,Improved,No,Allergy/safety edge case,"Admitted to General Medicine with Severe CAP from Community-Acquired Pneumonia. Initial vitals: T 38.6 C, HR 66, BP 131/75, SpO2 93%. History: None; kidney function Normal; allergy Penicillin; prior antibiotic exposure in 90d 0; previous resistant organism None known. Culture status Positive.",1,0.3181818127632141,0,2. Prior-History Limitation (Zero Recorded 90-Day Exposure)
PX-107131,ENC-20257131,True,2026-06-04 11:25:41,Clinical Patient 7132,51,Female,Not applicable,Surgical Ward,32,Active Inpatient,VAP,Ventilator-Associated Pneumonia,K. pneumoniae,39.4,99,97,49,93,22,41.1,,Normal,Normal,None known,,1,Ciprofloxacin,3,None known,0.124,0.484,48.4,Medium,0.353,0.313,0.427,0.32,0.02,-0.02,-0.032,-0.02,-0.02,0.05,"Clinical explanation: AMR risk is medium with prior antibiotic exposure=1, prior resistant organism=None known, and ward resistance rate=12.4%. Review feature attributions before making a clinical decision.",Piperacillin-Tazobactam,Cefepime + Vancomycin,68.6,No renal adjustment flag,No renal adjustment flag,Accept,Clinician accepted the displayed first-line option,Piperacillin-Tazobactam,Positive,2026-06-07 11:25:41,K. pneumoniae,ESBL,Discordant,Treatment modified after deterioration,Yes,Missing/unknown clinical field,"Admitted to Surgical Ward with VAP from Ventilator-Associated Pneumonia. Initial vitals: T 39.4 C, HR 99, BP 97/49, SpO2 93%. History: None; kidney function Normal; allergy None known; prior antibiotic exposure in 90d 1; previous resistant organism None known. Culture status Positive.",1,0.4166666567325592,0,5. Borderline Probability / Multifactorial Attenuation
PX-107308,ENC-20257308,True,2026-06-17 14:41:49,Clinical Patient 7309,67,Male,Not applicable,General Medicine,34,Active Inpatient,Biliary tract infection,Intra-abdominal Infection,No organism identified,38.8,51,140,89,95,20,13.1,Diabetes,Normal,Normal,None known,,0,None in prior 90 days,0,CRE,0.224,0.637,63.7,High,0.693,0.385,0.61,0.487,-0.02,0.08,-0.006,-0.02,0.04,0.05,"Clinical explanation: AMR risk is high with prior antibiotic exposure=0, prior resistant organism=CRE, and ward resistance rate=22.4%. Review feature attributions before making a clinical decision.",Meropenem + Vancomycin,Ceftazidime-Avibactam,65.9,No renal adjustment flag,No renal adjustment flag,Accept,Clinician accepted the displayed first-line option,Meropenem + Vancomycin,Positive,2026-06-20 14:41:49,S. aureus,MRSA,Concordant,Improved,No,Prior resistant organism,"Admitted to General Medicine with Biliary tract infection from Intra-abdominal Infection. Initial vitals: T 38.8 C, HR 51, BP 140/89, SpO2 95%. History: Diabetes; kidney function Normal; allergy None known; prior antibiotic exposure in 90d 0; previous resistant organism CRE. Culture status Positive.",1,0.4166666567325592,0,5. Borderline Probability / Multifactorial Attenuation
PX-107502,ENC-20257502,True,2026-07-03 05:22:45,Clinical Patient 7503,77,Male,Not applicable,General Medicine,12,Discharged,Complicated intra-abdominal infection,Intra-abdominal Infection,Enterobacter cloacae complex,38.3,67,128,76,98,19,17.7,Cancer; Heart failure,Mild impairment,Severe impairment,None known,,0,None in prior 90 days,0,None known,0.268,0.312,31.2,Medium,0.26,0.161,0.301,0.239,-0.02,-0.02,0.005,-0.02,0.04,-0.02,"Clinical explanation: AMR risk is medium with prior antibiotic exposure=0, prior resistant organism=None known, and ward resistance rate=26.8%. Review feature attributions before making a clinical decision.",Piperacillin-Tazobactam,Cefepime + Vancomycin,83.5,Renal adjustment review required,Renal adjustment review required,Accept,Clinician accepted the displayed first-line option,Piperacillin-Tazobactam,Positive,2026-07-04 05:22:45,Enterobacter cloacae complex,ESBL,Discordant,Recovered,No,Renal impairment,"Admitted to General Medicine with Complicated intra-abdominal infection from Intra-abdominal Infection. Initial vitals: T 38.3 C, HR 67, BP 128/76, SpO2 98%. History: Cancer; Heart failure; kidney function Mild impairment; allergy None known; prior antibiotic exposure in 90d 0; previous resistant organism None known. Culture status Positive.",1,0.3181818127632141,0,2. Prior-History Limitation (Zero Recorded 90-Day Exposure)
PX-107540,ENC-20257540,True,2026-07-05 21:09:39,Clinical Patient 7541,38,Male,Not applicable,Surgical Ward,31,Active Inpatient,Complicated skin infection,Skin/Soft Tissue Infection,Mixed flora,37.0,85,142,87,96,16,8.9,CKD; Immunosuppression,Normal,Normal,None known,,1,Vancomycin,5,None known,0.361,0.526,52.6,Medium,0.388,0.289,0.366,0.329,0.02,-0.02,0.028,-0.02,0.04,-0.02,"Clinical explanation: AMR risk is medium with prior antibiotic exposure=1, prior resistant organism=None known, and ward resistance rate=36.1%. Review feature attributions before making a clinical decision.",Piperacillin-Tazobactam,Cefepime + Vancomycin,85.5,No renal adjustment flag,No renal adjustment flag,Modify,Dose/frequency adjusted after clinical review,Cefepime + Vancomycin,Positive,2026-07-09 21:09:39,P. aeruginosa,MDR Pseudomonas,Concordant,Recovered,No,Standard scenario,"Admitted to Surgical Ward with Complicated skin infection from Skin/Soft Tissue Infection. Initial vitals: T 37.0 C, HR 85, BP 142/87, SpO2 96%. History: CKD; Immunosuppression; kidney function Normal; allergy None known; prior antibiotic exposure in 90d 1; previous resistant organism None known. Culture status Positive.",1,0.4166666567325592,0,4. Distribution Edge Case (Atypical Source/Pathogen Spectrum)
PX-107740,ENC-20257740,True,2026-07-19 23:59:18,Clinical Patient 7741,81,Female,Not applicable,ICU,31,Active Inpatient,Pyelonephritis,Urinary Tract Infection,P. aeruginosa,38.5,122,85,50,92,27,69.2,,Normal,Severe impairment,None known,,0,None in prior 90 days,0,None known,0.355,0.22,22.0,Low,0.196,0.189,0.117,0.174,-0.02,-0.02,0.026,0.06,-0.02,0.05,"Clinical explanation: AMR risk is low with prior antibiotic exposure=0, prior resistant organism=None known, and ward resistance rate=35.5%. Review feature attributions before making a clinical decision.",Ceftriaxone,Cefepime,65.1,No renal adjustment flag,No renal adjustment flag,Accept,Clinician accepted the displayed first-line option,Ceftriaxone,Positive,2026-07-21 23:59:18,P. aeruginosa,MDR Pseudomonas,Discordant,No documented outcome,No,Missing/unknown clinical field,"Admitted to ICU with Pyelonephritis from Urinary Tract Infection. Initial vitals: T 38.5 C, HR 122, BP 85/50, SpO2 92%. History: None; kidney function Normal; allergy None known; prior antibiotic exposure in 90d 0; previous resistant organism None known. Culture status Positive.",1,0.40740740299224854,0,2. Prior-History Limitation (Zero Recorded 90-Day Exposure)
PX-107888,ENC-20257888,True,2026-08-01 12:42:38,Clinical Patient 7889,60,Female,Not applicable,Emergency Department,35,Active Inpatient,Appendicitis with abscess,Intra-abdominal Infection,K. pneumoniae,38.9,52,134,81,95,23,8.4,,Normal,Mild impairment,Penicillin,IgE-mediated,1,Cefepime,3,None known,0.235,0.398,39.8,Medium,0.299,0.34,0.377,0.235,0.02,-0.02,-0.004,-0.02,-0.02,0.05,"Clinical explanation: AMR risk is medium with prior antibiotic exposure=1, prior resistant organism=None known, and ward resistance rate=23.5%. Review feature attributions before making a clinical decision.",Piperacillin-Tazobactam,Cefepime + Vancomycin,77.7,No renal adjustment flag,Documented Penicillin allergy,Accept,Clinician accepted the displayed first-line option,Piperacillin-Tazobactam,Positive,2026-08-02 12:42:38,K. pneumoniae,ESBL,Discordant,Improved,No,Allergy/safety edge case,"Admitted to Emergency Department with Appendicitis with abscess from Intra-abdominal Infection. Initial vitals: T 38.9 C, HR 52, BP 134/81, SpO2 95%. History: None; kidney function Normal; allergy Penicillin; prior antibiotic exposure in 90d 1; previous resistant organism None known. Culture status Positive.",1,0.3877550959587097,0,3. Community/Subgroup-Specific Pattern (Lower Unit Endemic Baseline)
PX-107921,ENC-20257921,True,2026-08-04 09:55:33,Clinical Patient 7922,64,Male,Not applicable,General Medicine,23,Active Inpatient,Aspiration pneumonia,Community-Acquired Pneumonia,S. aureus,37.5,63,127,73,92,23,51.5,CKD,Mild impairment,Normal,None known,,0,None in prior 90 days,0,None known,0.242,0.248,24.8,Low,0.209,0.13,0.192,0.11,-0.02,-0.02,-0.002,-0.02,0.04,-0.02,"Clinical explanation: AMR risk is low with prior antibiotic exposure=0, prior resistant organism=None known, and ward resistance rate=24.2%. Review feature attributions before making a clinical decision.",Ceftriaxone,Cefepime,71.1,Renal adjustment review required,Renal adjustment review required,Accept,Clinician accepted the displayed first-line option,Ceftriaxone,Positive,2026-08-08 09:55:33,S. aureus,MRSA,Discordant,Improved,No,Renal impairment,"Admitted to General Medicine with Aspiration pneumonia from Community-Acquired Pneumonia. Initial vitals: T 37.5 C, HR 63, BP 127/73, SpO2 92%. History: CKD; kidney function Mild impairment; allergy None known; prior antibiotic exposure in 90d 0; previous resistant organism None known. Culture status Positive.",1,0.3181818127632141,0,2. Prior-History Limitation (Zero Recorded 90-Day Exposure)
PX-107956,ENC-20257956,True,2026-08-07 03:55:35,Clinical Patient 7957,62,Male,Not applicable,Emergency Department,12,Active Inpatient,Aspiration pneumonia,Community-Acquired Pneumonia,No organism identified,37.7,88,123,63,94,20,39.6,COPD,Mild impairment,Normal,Penicillin,IgE-mediated,0,None prior,0,None known,0.174,0.317,31.7,Medium,0.286,0.169,0.231,0.127,-0.02,-0.02,-0.019,-0.02,0.04,-0.02,"Clinical explanation: AMR risk is medium with prior antibiotic exposure=0, prior resistant organism=None known, and ward resistance rate=17.4%. Review feature attributions before making a clinical decision.",Piperacillin-Tazobactam,Cefepime + Vancomycin,82.2,Renal adjustment review required,Documented Penicillin allergy | Renal adjustment review required,Accept,Clinician accepted the displayed first-line option,Piperacillin-Tazobactam,Positive,2026-08-11 03:55:35,S. aureus,MRSA,Discordant,Improved,No,Renal impairment,"Admitted to Emergency Department with Aspiration pneumonia from Community-Acquired Pneumonia. Initial vitals: T 37.7 C, HR 88, BP 123/63, SpO2 94%. History: COPD; kidney function Mild impairment; allergy Penicillin; prior antibiotic exposure in 90d 0; previous resistant organism None known. Culture status Positive.",1,0.18367347121238708,0,1. Weak Clinical Signal (Normal Vitals & Low Inflammatory Markers)
PX-108300,ENC-20258300,True,2026-08-31 14:16:51,Clinical Patient 8301,39,Female,No,ICU,3,Discharged,Catheter-associated UTI,Urinary Tract Infection,S. aureus,38.3,119,97,58,99,25,21.4,,Mild impairment,Normal,Penicillin,IgE-mediated,0,None prior,0,None known,0.409,0.431,43.1,Medium,0.409,0.148,0.314,0.283,-0.02,-0.02,0.04,0.06,-0.02,0.05,"Clinical explanation: AMR risk is medium with prior antibiotic exposure=0, prior resistant organism=None known, and ward resistance rate=40.9%. Review feature attributions before making a clinical decision.",Piperacillin-Tazobactam,Cefepime + Vancomycin,65.1,Renal adjustment review required,Documented Penicillin allergy | Renal adjustment review required,Override,Alternative source-control plan,Clinician-selected regimen,Positive,2026-09-02 14:16:51,S. aureus,MRSA,Discordant,Improved,No,Renal impairment,"Admitted to ICU with Catheter-associated UTI from Urinary Tract Infection. Initial vitals: T 38.3 C, HR 119, BP 97/58, SpO2 99%. History: None; kidney function Mild impairment; allergy Penicillin; prior antibiotic exposure in 90d 0; previous resistant organism None known. Culture status Positive.",1,0.40740740299224854,0,2. Prior-History Limitation (Zero Recorded 90-Day Exposure)
PX-108387,ENC-20258387,True,2026-09-06 13:56:10,Clinical Patient 8388,40,Female,No,General Medicine,22,Discharged,HAP,Hospital-Acquired Pneumonia,E. coli,39.9,102,88,53,95,24,58.4,COPD; Hypertension; Immunosuppression,Normal,Normal,None known,,0,None in prior 90 days,0,None known,0.229,0.555,55.5,Medium,0.564,0.475,0.447,0.283,-0.02,-0.02,-0.005,-0.02,0.04,0.05,"Clinical explanation: AMR risk is medium with prior antibiotic exposure=0, prior resistant organism=None known, and ward resistance rate=22.9%. Review feature attributions before making a clinical decision.",Piperacillin-Tazobactam,Cefepime + Vancomycin,93.8,No renal adjustment flag,No renal adjustment flag,Accept,Clinician accepted the displayed first-line option,Piperacillin-Tazobactam,Positive,2026-09-10 13:56:10,E. coli,ESBL,Concordant,Improved,No,Boundary vitals,"Admitted to General Medicine with HAP from Hospital-Acquired Pneumonia. Initial vitals: T 39.9 C, HR 102, BP 88/53, SpO2 95%. History: COPD; Hypertension; Immunosuppression; kidney function Normal; allergy None known; prior antibiotic exposure in 90d 0; previous resistant organism None known. Culture status Positive.",1,0.18367347121238708,0,2. Prior-History Limitation (Zero Recorded 90-Day Exposure)
PX-108430,ENC-20258430,True,2026-09-09 18:32:26,Clinical Patient 8431,74,Female,Not applicable,General Medicine,17,Discharged,Aspiration pneumonia,Community-Acquired Pneumonia,No organism identified,36.8,77,133,77,99,20,8.7,Cancer,Mild impairment,Mild impairment,None known,,0,None in prior 90 days,0,None known,0.303,0.453,45.3,Medium,0.378,0.31,0.368,0.339,-0.02,-0.02,0.013,-0.02,0.04,-0.02,"Clinical explanation: AMR risk is medium with prior antibiotic exposure=0, prior resistant organism=None known, and ward resistance rate=30.3%. Review feature attributions before making a clinical decision.",Piperacillin-Tazobactam,Cefepime + Vancomycin,82.1,Renal adjustment review required,Renal adjustment review required,Modify,Dose/frequency adjusted after clinical review,Cefepime + Vancomycin,Positive,2026-09-12 18:32:26,K. pneumoniae,ESBL,Discordant,Recovered,No,Renal impairment,"Admitted to General Medicine with Aspiration pneumonia from Community-Acquired Pneumonia. Initial vitals: T 36.8 C, HR 77, BP 133/77, SpO2 99%. History: Cancer; kidney function Mild impairment; allergy None known; prior antibiotic exposure in 90d 0; previous resistant organism None known. Culture status Positive.",1,0.3877550959587097,0,1. Weak Clinical Signal (Normal Vitals & Low Inflammatory Markers)
PX-100956,ENC-20258728,True,2026-09-30 23:02:37,Clinical Patient 8729,90,Male,Not applicable,General Medicine,40,Active Inpatient,Severe CAP,Community-Acquired Pneumonia,E. coli,37.5,90,150,89,95,25,28.5,Hypertension,Normal,Mild impairment,Penicillin,Anaphylaxis,0,None in prior 90 days,0,None known,0.234,0.379,37.9,Medium,0.294,0.233,0.245,0.248,-0.02,-0.02,-0.004,-0.02,0.04,-0.02,"Clinical explanation: AMR risk is medium with prior antibiotic exposure=0, prior resistant organism=None known, and ward resistance rate=23.4%. Review feature attributions before making a clinical decision.",Piperacillin-Tazobactam,Cefepime + Vancomycin,81.5,No renal adjustment flag,Documented Penicillin allergy,Accept,Clinician accepted the displayed first-line option,Piperacillin-Tazobactam,Positive,2026-10-02 23:02:37,E. coli,ESBL,Discordant,Escalated care,Yes,Allergy/safety edge case,"Admitted to General Medicine with Severe CAP from Community-Acquired Pneumonia. Initial vitals: T 37.5 C, HR 90, BP 150/89, SpO2 95%. History: Hypertension; kidney function Normal; allergy Penicillin; prior antibiotic exposure in 90d 0; previous resistant organism None known. Culture status Positive.",1,0.3181818127632141,0,2. Prior-History Limitation (Zero Recorded 90-Day Exposure)
PX-106893,ENC-20258743,True,2026-10-01 19:06:33,Clinical Patient 8744,67,Male,Not applicable,Emergency Department,26,Active Inpatient,Severe HAP,Hospital-Acquired Pneumonia,No organism identified,39.2,122,98,68,97,22,80.5,,Normal,Normal,None known,,0,None prior,0,None known,0.187,0.418,41.8,Medium,0.391,0.326,0.304,0.122,-0.02,-0.02,-0.016,-0.02,-0.02,0.05,"Clinical explanation: AMR risk is medium with prior antibiotic exposure=0, prior resistant organism=None known, and ward resistance rate=18.7%. Review feature attributions before making a clinical decision.",Piperacillin-Tazobactam,Cefepime + Vancomycin,69.3,No renal adjustment flag,No renal adjustment flag,Accept,Clinician accepted the displayed first-line option,Piperacillin-Tazobactam,Positive,2026-10-02 19:06:33,S. aureus,MRSA,Discordant,Recovered,No,Missing/unknown clinical field,"Admitted to Emergency Department with Severe HAP from Hospital-Acquired Pneumonia. Initial vitals: T 39.2 C, HR 122, BP 98/68, SpO2 97%. History: None; kidney function Normal; allergy None known; prior antibiotic exposure in 90d 0; previous resistant organism None known. Culture status Positive.",1,0.3181818127632141,0,2. Prior-History Limitation (Zero Recorded 90-Day Exposure)
PX-105104,ENC-20258929,True,2026-10-15 22:30:47,Clinical Patient 8930,43,Female,No,General Medicine,40,Active Inpatient,Urosepsis,Urinary Tract Infection,No organism identified,37.7,64,134,80,96,18,28.3,Hypertension; Immunosuppression,Normal,Normal,None known,,0,None prior,0,None known,0.273,0.41,41.0,Medium,0.445,0.236,0.358,0.144,-0.02,-0.02,0.006,-0.02,0.04,-0.02,"Clinical explanation: AMR risk is medium with prior antibiotic exposure=0, prior resistant organism=None known, and ward resistance rate=27.3%. Review feature attributions before making a clinical decision.",Piperacillin-Tazobactam,Cefepime + Vancomycin,68.9,No renal adjustment flag,No renal adjustment flag,Override,Alternative source-control plan,Clinician-selected regimen,Positive,2026-10-18 22:30:47,P. aeruginosa,MDR Pseudomonas,Discordant,Recovered,No,Standard scenario,"Admitted to General Medicine with Urosepsis from Urinary Tract Infection. Initial vitals: T 37.7 C, HR 64, BP 134/80, SpO2 96%. History: Hypertension; Immunosuppression; kidney function Normal; allergy None known; prior antibiotic exposure in 90d 0; previous resistant organism None known. Culture status Positive.",1,0.0,0,1. Weak Clinical Signal (Normal Vitals & Low Inflammatory Markers)
PX-106731,ENC-20258976,True,2026-10-19 02:17:14,Clinical Patient 8977,43,Male,Not applicable,Surgical Ward,12,Discharged,Diverticulitis with perforation,Intra-abdominal Infection,S. aureus,36.9,81,136,93,100,16,56.7,Diabetes; Liver disease,Normal,Moderate impairment,None known,,0,None prior,0,None known,0.255,0.367,36.7,Medium,0.397,0.111,0.302,0.096,-0.02,-0.02,0.001,-0.02,0.04,-0.02,"Clinical explanation: AMR risk is medium with prior antibiotic exposure=0, prior resistant organism=None known, and ward resistance rate=25.5%. Review feature attributions before making a clinical decision.",Piperacillin-Tazobactam,Cefepime + Vancomycin,87.1,No renal adjustment flag,No renal adjustment flag,Modify,Dose/frequency adjusted after clinical review,Cefepime + Vancomycin,Positive,2026-10-23 02:17:14,S. aureus,MRSA,Discordant,Recovered,No,Standard scenario,"Admitted to Surgical Ward with Diverticulitis with perforation from Intra-abdominal Infection. Initial vitals: T 36.9 C, HR 81, BP 136/93, SpO2 100%. History: Diabetes; Liver disease; kidney function Normal; allergy None known; prior antibiotic exposure in 90d 0; previous resistant organism None known. Culture status Positive.",1,0.18367347121238708,0,2. Prior-History Limitation (Zero Recorded 90-Day Exposure)
PX-101063,ENC-20259248,True,2026-11-08 10:48:17,Clinical Patient 9249,44,Female,No,Surgical Ward,32,Active Inpatient,Suspected bacteremia,Bloodstream Infection,No organism identified,38.2,112,127,70,96,13,40.3,COPD,Mild impairment,Normal,Penicillin,Mild/rash,0,None prior,0,None known,0.368,0.471,47.1,Medium,0.493,0.317,0.463,0.119,-0.02,-0.02,0.029,-0.02,0.04,0.05,"Clinical explanation: AMR risk is medium with prior antibiotic exposure=0, prior resistant organism=None known, and ward resistance rate=36.8%. Review feature attributions before making a clinical decision.",Piperacillin-Tazobactam,Cefepime + Vancomycin,80.8,Renal adjustment review required,Documented Penicillin allergy | Renal adjustment review required,Accept,Clinician accepted the displayed first-line option,Piperacillin-Tazobactam,Positive,2026-11-09 10:48:17,P. aeruginosa,MDR Pseudomonas,Discordant,Improved,No,Renal impairment,"Admitted to Surgical Ward with Suspected bacteremia from Bloodstream Infection. Initial vitals: T 38.2 C, HR 112, BP 127/70, SpO2 96%. History: COPD; kidney function Mild impairment; allergy Penicillin; prior antibiotic exposure in 90d 0; previous resistant organism None known. Culture status Positive.",1,0.3181818127632141,0,2. Prior-History Limitation (Zero Recorded 90-Day Exposure)
PX-102674,ENC-20259358,True,2026-11-16 14:16:41,Clinical Patient 9359,57,Female,Not applicable,Surgical Ward,27,Active Inpatient,Biliary tract infection,Intra-abdominal Infection,Enterobacter cloacae complex,38.7,64,141,86,93,13,10.5,CKD,Mild impairment,Normal,None known,,0,None in prior 90 days,0,None known,0.296,0.351,35.1,Medium,0.255,0.254,0.176,0.072,-0.02,-0.02,0.011,-0.02,0.04,0.05,"Clinical explanation: AMR risk is medium with prior antibiotic exposure=0, prior resistant organism=None known, and ward resistance rate=29.6%. Review feature attributions before making a clinical decision.",Piperacillin-Tazobactam,Cefepime + Vancomycin,83.3,Renal adjustment review required,Renal adjustment review required,Accept,Clinician accepted the displayed first-line option,Piperacillin-Tazobactam,Positive,2026-11-17 14:16:41,Enterobacter cloacae complex,ESBL,Discordant,Recovered,No,Renal impairment,"Admitted to Surgical Ward with Biliary tract infection from Intra-abdominal Infection. Initial vitals: T 38.7 C, HR 64, BP 141/86, SpO2 93%. History: CKD; kidney function Mild impairment; allergy None known; prior antibiotic exposure in 90d 0; previous resistant organism None known. Culture status Positive.",1,0.3181818127632141,0,2. Prior-History Limitation (Zero Recorded 90-Day Exposure)
PX-101205,ENC-20259412,True,2026-11-20 19:26:51,Clinical Patient 9413,68,Female,Not applicable,Emergency Department,18,Active Inpatient,Severe HAP,Hospital-Acquired Pneumonia,S. aureus,38.4,88,84,51,87,28,128.0,CKD; Diabetes,Normal,Mild impairment,Penicillin,Mild/rash,0,None prior,0,None known,0.164,0.534,53.4,Medium,0.561,0.337,0.232,0.379,-0.02,-0.02,-0.021,-0.02,0.04,-0.02,"Clinical explanation: AMR risk is medium with prior antibiotic exposure=0, prior resistant organism=None known, and ward resistance rate=16.4%. Review feature attributions before making a clinical decision.",Piperacillin-Tazobactam,Cefepime + Vancomycin,75.3,No renal adjustment flag,Documented Penicillin allergy,Accept,Clinician accepted the displayed first-line option,Piperacillin-Tazobactam,Positive,2026-11-22 19:26:51,S. aureus,MRSA,Concordant,Treatment modified after deterioration,Yes,Allergy/safety edge case,"Admitted to Emergency Department with Severe HAP from Hospital-Acquired Pneumonia. Initial vitals: T 38.4 C, HR 88, BP 84/51, SpO2 87%. History: CKD; Diabetes; kidney function Normal; allergy Penicillin; prior antibiotic exposure in 90d 0; previous resistant organism None known. Culture status Positive.",1,0.3877550959587097,0,2. Prior-History Limitation (Zero Recorded 90-Day Exposure)
PX-107970,ENC-20259579,True,2026-12-02 17:39:43,Clinical Patient 9580,65,Female,Not applicable,General Medicine,16,Active Inpatient,Catheter-associated UTI,Urinary Tract Infection,K. pneumoniae,37.7,102,119,63,95,14,87.9,Hypertension,AKI,Normal,None known,,0,None in prior 90 days,0,None known,0.254,0.512,51.2,Medium,0.475,0.192,0.397,0.329,-0.02,-0.02,0.001,-0.02,0.04,-0.02,"Clinical explanation: AMR risk is medium with prior antibiotic exposure=0, prior resistant organism=None known, and ward resistance rate=25.4%. Review feature attributions before making a clinical decision.",Piperacillin-Tazobactam,Cefepime + Vancomycin,83.8,Renal adjustment review required,Renal adjustment review required,Accept,Clinician accepted the displayed first-line option,Piperacillin-Tazobactam,Positive,2026-12-06 17:39:43,K. pneumoniae,ESBL,Concordant,Recovered,No,Standard scenario,"Admitted to General Medicine with Catheter-associated UTI from Urinary Tract Infection. Initial vitals: T 37.7 C, HR 102, BP 119/63, SpO2 95%. History: Hypertension; kidney function AKI; allergy None known; prior antibiotic exposure in 90d 0; previous resistant organism None known. Culture status Positive.",1,0.40740740299224854,0,2. Prior-History Limitation (Zero Recorded 90-Day Exposure)
PX-106737,ENC-20259623,True,2026-12-05 12:03:38,Clinical Patient 9624,52,Female,Not applicable,General Medicine,28,Discharged,HAP,Hospital-Acquired Pneumonia,E. coli,37.6,107,103,57,96,20,38.0,Hypertension; Liver disease,Normal,Normal,None known,,1,Piperacillin-Tazobactam,3,None known,0.236,0.66,66.0,High,0.608,0.27,0.494,0.244,0.02,-0.02,-0.004,-0.02,0.04,0.05,"Clinical explanation: AMR risk is high with prior antibiotic exposure=1, prior resistant organism=None known, and ward resistance rate=23.6%. Review feature attributions before making a clinical decision.",Meropenem + Vancomycin,Ceftazidime-Avibactam,66.3,No renal adjustment flag,No renal adjustment flag,Pending,Decision not yet recorded,Clinician-selected regimen,Positive,2026-12-09 12:03:38,E. coli,CRE,Concordant,Recovered,No,Standard scenario,"Admitted to General Medicine with HAP from Hospital-Acquired Pneumonia. Initial vitals: T 37.6 C, HR 107, BP 103/57, SpO2 96%. History: Hypertension; Liver disease; kidney function Normal; allergy None known; prior antibiotic exposure in 90d 1; previous resistant organism None known. Culture status Positive.",1,0.4166666567325592,0,5. Borderline Probability / Multifactorial Attenuation
PX-102466,ENC-20259702,True,2026-12-10 18:31:45,Clinical Patient 9703,53,Female,Not applicable,General Medicine,32,Discharged,CAP,Community-Acquired Pneumonia,Enterococcus faecalis,37.8,103,148,94,97,25,37.5,,Normal,Normal,Penicillin,,3,Ertapenem,3,None known,0.279,0.315,31.5,Medium,0.224,0.211,0.147,0.124,0.1,-0.02,0.007,-0.02,-0.02,-0.02,"Clinical explanation: AMR risk is medium with prior antibiotic exposure=3, prior resistant organism=None known, and ward resistance rate=27.9%. Review feature attributions before making a clinical decision.",Piperacillin-Tazobactam,Cefepime + Vancomycin,94.3,No renal adjustment flag,Documented Penicillin allergy,Accept,Clinician accepted the displayed first-line option,Piperacillin-Tazobactam,Positive,2026-12-13 18:31:45,Enterococcus faecalis,Other MDR,Discordant,No documented outcome,No,Allergy/safety edge case,"Admitted to General Medicine with CAP from Community-Acquired Pneumonia. Initial vitals: T 37.8 C, HR 103, BP 148/94, SpO2 97%. History: None; kidney function Normal; allergy Penicillin; prior antibiotic exposure in 90d 3; previous resistant organism None known. Culture status Positive.",1,0.3877550959587097,0,5. Borderline Probability / Multifactorial Attenuation
PX-101875,ENC-20259845,True,2026-12-21 06:02:18,Clinical Patient 9846,70,Male,Not applicable,General Medicine,31,Active Inpatient,Late-onset VAP,Ventilator-Associated Pneumonia,Enterococcus faecalis,35.5,120,100,53,92,26,41.1,Immunosuppression,Normal,Mild impairment,Penicillin,Mild/rash,0,None in prior 90 days,0,None known,0.361,0.416,41.6,Medium,0.457,0.128,0.41,0.162,-0.02,-0.02,0.028,-0.02,0.04,0.05,"Clinical explanation: AMR risk is medium with prior antibiotic exposure=0, prior resistant organism=None known, and ward resistance rate=36.1%. Review feature attributions before making a clinical decision.",Piperacillin-Tazobactam,Cefepime + Vancomycin,81.0,No renal adjustment flag,Documented Penicillin allergy,Accept,Clinician accepted the displayed first-line option,Piperacillin-Tazobactam,Positive,2026-12-25 06:02:18,Enterococcus faecalis,Other MDR,Discordant,Improved,No,Allergy/safety edge case,"Admitted to General Medicine with Late-onset VAP from Ventilator-Associated Pneumonia. Initial vitals: T 35.5 C, HR 120, BP 100/53, SpO2 92%. History: Immunosuppression; kidney function Normal; allergy Penicillin; prior antibiotic exposure in 90d 0; previous resistant organism None known. Culture status Positive.",1,0.3877550959587097,0,2. Prior-History Limitation (Zero Recorded 90-Day Exposure)
PX-107833,ENC-20259878,True,2026-12-23 16:10:59,Clinical Patient 9879,47,Female,No,General Medicine,23,Discharged,Early-onset VAP,Ventilator-Associated Pneumonia,E. coli,35.4,120,106,62,90,21,174.8,Diabetes,Normal,Normal,Penicillin,IgE-mediated,0,None in prior 90 days,0,None known,0.316,0.389,38.9,Medium,0.338,0.317,0.327,0.129,-0.02,-0.02,0.017,-0.02,0.04,0.05,"Clinical explanation: AMR risk is medium with prior antibiotic exposure=0, prior resistant organism=None known, and ward resistance rate=31.6%. Review feature attributions before making a clinical decision.",Piperacillin-Tazobactam,Cefepime + Vancomycin,95.2,No renal adjustment flag,Documented Penicillin allergy,Accept,Clinician accepted the displayed first-line option,Piperacillin-Tazobactam,Positive,2026-12-26 16:10:59,E. coli,CRE,Discordant,Recovered,No,Allergy/safety edge case,"Admitted to General Medicine with Early-onset VAP from Ventilator-Associated Pneumonia. Initial vitals: T 35.4 C, HR 120, BP 106/62, SpO2 90%. History: Diabetes; kidney function Normal; allergy Penicillin; prior antibiotic exposure in 90d 0; previous resistant organism None known. Culture status Positive.",1,0.18367347121238708,0,2. Prior-History Limitation (Zero Recorded 90-Day Exposure)
PX-100661,ENC-20259923,True,2026-12-27 00:10:23,Clinical Patient 9924,56,Male,Not applicable,Surgical Ward,2,Discharged,Appendicitis with abscess,Intra-abdominal Infection,No organism identified,37.3,89,125,63,95,22,9.9,Liver disease,Mild impairment,Normal,None known,,0,None prior,0,None known,0.377,0.645,64.5,High,0.606,0.458,0.443,0.377,-0.02,-0.02,0.032,-0.02,0.04,-0.02,"Clinical explanation: AMR risk is high with prior antibiotic exposure=0, prior resistant organism=None known, and ward resistance rate=37.7%. Review feature attributions before making a clinical decision.",Meropenem + Vancomycin,Ceftazidime-Avibactam,87.7,Renal adjustment review required,Renal adjustment review required,Override,Alternative source-control plan,Clinician-selected regimen,Positive,2026-12-28 00:10:23,S. aureus,MRSA,Concordant,Recovered,No,Renal impairment,"Admitted to Surgical Ward with Appendicitis with abscess from Intra-abdominal Infection. Initial vitals: T 37.3 C, HR 89, BP 125/63, SpO2 95%. History: Liver disease; kidney function Mild impairment; allergy None known; prior antibiotic exposure in 90d 0; previous resistant organism None known. Culture status Positive.",1,0.3181818127632141,0,1. Weak Clinical Signal (Normal Vitals & Low Inflammatory Markers)
PX-100956,ENC-20259998,True,2027-01-01 09:26:20,Clinical Patient 9999,71,Female,Not applicable,General Medicine,29,Transferred,Wound infection,Skin/Soft Tissue Infection,Mixed flora,39.4,87,130,73,96,18,9.2,Heart failure,Normal,Normal,None known,,0,None in prior 90 days,0,None known,0.234,0.147,14.7,Low,0.154,0.047,0.071,0.048,-0.02,-0.02,-0.004,-0.02,0.04,0.05,"Clinical explanation: AMR risk is low with prior antibiotic exposure=0, prior resistant organism=None known, and ward resistance rate=23.4%. Review feature attributions before making a clinical decision.",Ceftriaxone,Cefepime,81.2,No renal adjustment flag,No renal adjustment flag,Accept,Clinician accepted the displayed first-line option,Ceftriaxone,Positive,2027-01-03 09:26:20,Enterococcus faecalis,Other MDR,Discordant,Recovered,No,Standard scenario,"Admitted to General Medicine with Wound infection from Skin/Soft Tissue Infection. Initial vitals: T 39.4 C, HR 87, BP 130/73, SpO2 96%. History: Heart failure; kidney function Normal; allergy None known; prior antibiotic exposure in 90d 0; previous resistant organism None known. Culture status Positive.",1,0.18367347121238708,0,2. Prior-History Limitation (Zero Recorded 90-Day Exposure)
